sku,style,category,size,size_order,category_group,stock_units,units_shipped_13w,units_per_week,weeks_of_cover,cover_band,product_tier
AN201-RED-M,AN201,Bottom,M,3,Other,5,2,0.15,32.5,"5. Over 13 weeks",Other
AN201-RED-XL,AN201,Bottom,XL,5,Other,6,2,0.15,39.0,"5. Over 13 weeks",Other
AN201-RED-XXL,AN201,Bottom,XXL,6,Other,3,1,0.08,39.0,"5. Over 13 weeks",Other
AN202-ORANGE-M,AN202,Bottom,M,3,Other,3,2,0.15,19.5,"5. Over 13 weeks",Other
AN202-ORANGE-S,AN202,Bottom,S,2,Other,16,4,0.31,52.0,"5. Over 13 weeks",Other
AN202-ORANGE-XXL,AN202,Bottom,XXL,6,Other,14,1,0.08,182.0,"5. Over 13 weeks",Other
AN203-MAROON-XXL,AN203,Bottom,XXL,6,Other,3,1,0.08,39.0,"5. Over 13 weeks",Other
AN204-PURPLE-L,AN204,Bottom,L,4,Other,10,3,0.23,43.3,"5. Over 13 weeks",Other
AN204-PURPLE-M,AN204,Bottom,M,3,Other,4,1,0.08,52.0,"5. Over 13 weeks",Other
AN204-PURPLE-S,AN204,Bottom,S,2,Other,6,1,0.08,78.0,"5. Over 13 weeks",Other
AN204-PURPLE-XL,AN204,Bottom,XL,5,Other,3,,,,"No paid units",Other
AN204-PURPLE-XXL,AN204,Bottom,XXL,6,Other,5,2,0.15,32.5,"5. Over 13 weeks",Other
AN205-YELLOW-S,AN205,Bottom,S,2,Other,6,2,0.15,39.0,"5. Over 13 weeks",Other
AN205-YELLOW-XL,AN205,Bottom,XL,5,Other,7,3,0.23,30.3,"5. Over 13 weeks",Other
AN205-YELLOW-XXL,AN205,Bottom,XXL,6,Other,13,1,0.08,169.0,"5. Over 13 weeks",Other
AN206-GREEN-M,AN206,Bottom,M,3,Other,13,1,0.08,169.0,"5. Over 13 weeks",Other
AN206-GREEN-S,AN206,Bottom,S,2,Other,13,,,,"No paid units",Other
AN206-GREEN-XL,AN206,Bottom,XL,5,Other,15,1,0.08,195.0,"5. Over 13 weeks",Other
AN207-PINK-L,AN207,Bottom,L,4,Other,4,1,0.08,52.0,"5. Over 13 weeks",Other
AN207-PINK-S,AN207,Bottom,S,2,Other,4,1,0.08,52.0,"5. Over 13 weeks",Other
AN207-PINK-XXL,AN207,Bottom,XXL,6,Other,2,1,0.08,26.0,"5. Over 13 weeks",Other
AN208-MUSTARD-L,AN208,Bottom,L,4,Other,18,1,0.08,234.0,"5. Over 13 weeks",Other
AN208-MUSTARD-M,AN208,Bottom,M,3,Other,5,1,0.08,65.0,"5. Over 13 weeks",Other
AN208-MUSTARD-S,AN208,Bottom,S,2,Other,23,1,0.08,299.0,"5. Over 13 weeks",Other
AN208-MUSTARD-XL,AN208,Bottom,XL,5,Other,21,2,0.15,136.5,"5. Over 13 weeks",Other
AN208-MUSTARD-XXL,AN208,Bottom,XXL,6,Other,17,3,0.23,73.7,"5. Over 13 weeks",Other
AN209-BIEGE-XL,AN209,Bottom,XL,5,Other,3,5,0.38,7.8,"4. 4-13 weeks",Other
AN209-BIEGE-XXL,AN209,Bottom,XXL,6,Other,3,1,0.08,39.0,"5. Over 13 weeks",Other
AN210-NAVY-M,AN210,Bottom,M,3,Other,3,,,,"No paid units",Other
AN210-NAVY-XL,AN210,Bottom,XL,5,Other,2,,,,"No paid units",Other
AN211-BLACK-L,AN211,Bottom,L,4,Other,2,6,0.46,4.3,"4. 4-13 weeks",Other
AN211-BLACK-S,AN211,Bottom,S,2,Other,7,3,0.23,30.3,"5. Over 13 weeks",Other
AN211-BLACK-XL,AN211,Bottom,XL,5,Other,3,1,0.08,39.0,"5. Over 13 weeks",Other
AN211-BLACK-XXL,AN211,Bottom,XXL,6,Other,3,4,0.31,9.8,"4. 4-13 weeks",Other
AN212-WHITE-L,AN212,Bottom,L,4,Other,11,1,0.08,143.0,"5. Over 13 weeks",Other
AN212-WHITE-M,AN212,Bottom,M,3,Other,8,1,0.08,104.0,"5. Over 13 weeks",Other
AN212-WHITE-S,AN212,Bottom,S,2,Other,13,1,0.08,169.0,"5. Over 13 weeks",Other
AN212-WHITE-XL,AN212,Bottom,XL,5,Other,21,2,0.15,136.5,"5. Over 13 weeks",Other
AN212-WHITE-XXL,AN212,Bottom,XXL,6,Other,12,1,0.08,156.0,"5. Over 13 weeks",Other
AN213-BROWN-L,AN213,Bottom,L,4,Other,2,4,0.31,6.5,"4. 4-13 weeks",Other
AN213-BROWN-M,AN213,Bottom,M,3,Other,7,1,0.08,91.0,"5. Over 13 weeks",Other
AN213-BROWN-S,AN213,Bottom,S,2,Other,8,8,0.62,13.0,"5. Over 13 weeks",Other
AN213-BROWN-XL,AN213,Bottom,XL,5,Other,6,1,0.08,78.0,"5. Over 13 weeks",Other
BL001-50PINK,BL001,Blouse,Free,11,Other,33,1,0.08,429.0,"5. Over 13 weeks",Other
BL003-50BLACK,BL003,Blouse,Free,11,Other,117,2,0.15,760.5,"5. Over 13 weeks",Other
BL003-50BLACK-B,BL003,Blouse,Free,11,Other,,5,0.38,,"No stock record",Other
BL004-50CHIKU-B,BL004,Blouse,Free,11,Other,,1,0.08,,"No stock record",Other
BL006-54BLACK,BL006,Blouse,Free,11,Other,112,5,0.38,291.2,"5. Over 13 weeks",Other
BL006-54BLACK-B,BL006,Blouse,Free,11,Other,,1,0.08,,"No stock record",Other
BL007-61PINK-B,BL007,Blouse,Free,11,Other,,2,0.15,,"No stock record",Other
BL008-61RED-B,BL008,Blouse,Free,11,Other,,2,0.15,,"No stock record",Other
BL009-61BLACK,BL009,Blouse,Free,11,Other,575,5,0.38,1495.0,"5. Over 13 weeks",Other
BL009-61BLACK-B,BL009,Blouse,Free,11,Other,,15,1.15,,"No stock record",Other
BL010-61CHIKU-B,BL010,Blouse,Free,11,Other,,2,0.15,,"No stock record",Other
BL011-62PINK-B,BL011,Blouse,Free,11,Other,,1,0.08,,"No stock record",Other
BL013-62BLACK,BL013,Blouse,Free,11,Other,399,10,0.77,518.7,"5. Over 13 weeks",Other
BL015-63PINK,BL015,Blouse,Free,11,Other,14,2,0.15,91.0,"5. Over 13 weeks",Other
BL016-63RED-B,BL016,Blouse,Free,11,Other,,1,0.08,,"No stock record",Other
BL017-63BLACK,BL017,Blouse,Free,11,Other,208,16,1.23,169.0,"5. Over 13 weeks",Other
BL017-63BLACK-B,BL017,Blouse,Free,11,Other,,1,0.08,,"No stock record",Other
BL019-71PINK,BL019,Blouse,Free,11,Other,76,2,0.15,494.0,"5. Over 13 weeks",Other
BL019-71PINK-B,BL019,Blouse,Free,11,Other,,2,0.15,,"No stock record",Other
BL020-71RED,BL020,Blouse,Free,11,Other,38,2,0.15,247.0,"5. Over 13 weeks",Other
BL020-71RED-B,BL020,Blouse,Free,11,Other,,1,0.08,,"No stock record",Other
BL021-71BLACK,BL021,Blouse,Free,11,Other,628,36,2.77,226.8,"5. Over 13 weeks",Other
BL021-71BLACK-B,BL021,Blouse,Free,11,Other,,2,0.15,,"No stock record",Other
BL022-71BEIGE,BL022,Blouse,Free,11,Other,106,5,0.38,275.6,"5. Over 13 weeks",Other
BL023-74PINK-B,BL023,Blouse,Free,11,Other,,1,0.08,,"No stock record",Other
BL024-74RED,BL024,Blouse,Free,11,Other,103,1,0.08,1339.0,"5. Over 13 weeks",Other
BL024-74RED-B,BL024,Blouse,Free,11,Other,,2,0.15,,"No stock record",Other
BL025-74BLACK,BL025,Blouse,Free,11,Other,199,,,,"No paid units",Other
BL025-74BLACK-B,BL025,Blouse,Free,11,Other,,5,0.38,,"No stock record",Other
BL026-74BEIGE,BL026,Blouse,Free,11,Other,98,1,0.08,1274.0,"5. Over 13 weeks",Other
BL026-74BEIGE-B,BL026,Blouse,Free,11,Other,,2,0.15,,"No stock record",Other
BL029-78BLACK,BL029,Blouse,Free,11,Other,201,1,0.08,2613.0,"5. Over 13 weeks",Other
BL029-78BLACK-B,BL029,Blouse,Free,11,Other,,4,0.31,,"No stock record",Other
BL035-161GOLD,BL035,Blouse,Free,11,Other,448,20,1.54,291.2,"5. Over 13 weeks",Other
BL036-176GOLD,BL036,Blouse,Free,11,Other,45,9,0.69,65.0,"5. Over 13 weeks",Other
BL041-65RED-A,BL041,Blouse,Free,11,Other,,5,0.38,,"No stock record",Other
BL050-83RED-A,BL050,Blouse,Free,11,Other,,1,0.08,,"No stock record",Other
BL053-153GOLD-A,BL053,Blouse,Free,11,Other,,2,0.15,,"No stock record",Other
BL055-164GOLD-A,BL055,Blouse,Free,11,Other,,2,0.15,,"No stock record",Other
BL056-185GOLD,BL056,Blouse,Free,11,Other,23,1,0.08,299.0,"5. Over 13 weeks",Other
BL057-65BLACK-A,BL057,Blouse,Free,11,Other,,15,1.15,,"No stock record",Other
BL060-75RED,BL060,Blouse,Free,11,Other,49,1,0.08,637.0,"5. Over 13 weeks",Other
BL073-85BLACK,BL073,Blouse,Free,11,Other,48,1,0.08,624.0,"5. Over 13 weeks",Other
BL074-85RED,BL074,Blouse,Free,11,Other,17,1,0.08,221.0,"5. Over 13 weeks",Other
BL075-85CHIKU,BL075,Blouse,Free,11,Other,7,,,,"No paid units",Other
BL079-87RED,BL079,Blouse,Free,11,Other,12,2,0.15,78.0,"5. Over 13 weeks",Other
BL085-S,BL085,Blouse,S,2,Other,12,1,0.08,156.0,"5. Over 13 weeks",Other
BL086-XL,BL086,Blouse,XL,5,Other,5,2,0.15,32.5,"5. Over 13 weeks",Other
BL086-XXL,BL086,Blouse,XXL,6,Other,3,2,0.15,19.5,"5. Over 13 weeks",Other
BL087-L,BL087,Blouse,L,4,Other,48,1,0.08,624.0,"5. Over 13 weeks",Other
BL087-M,BL087,Blouse,M,3,Other,89,3,0.23,385.7,"5. Over 13 weeks",Other
BL087-S,BL087,Blouse,S,2,Other,11,1,0.08,143.0,"5. Over 13 weeks",Other
BL087-XS,BL087,Blouse,XS,1,Other,18,2,0.15,117.0,"5. Over 13 weeks",Other
BL087-XXL,BL087,Blouse,XXL,6,Other,86,2,0.15,559.0,"5. Over 13 weeks",Other
BL089-M,BL089,Blouse,M,3,Other,4,1,0.08,52.0,"5. Over 13 weeks",Other
BL089-XS,BL089,Blouse,XS,1,Other,4,1,0.08,52.0,"5. Over 13 weeks",Other
BL089-XXL,BL089,Blouse,XXL,6,Other,7,1,0.08,91.0,"5. Over 13 weeks",Other
BL090-M,BL090,Blouse,M,3,Other,44,3,0.23,190.7,"5. Over 13 weeks",Other
BL090-S,BL090,Blouse,S,2,Other,11,2,0.15,71.5,"5. Over 13 weeks",Other
BL090-XS,BL090,Blouse,XS,1,Other,29,1,0.08,377.0,"5. Over 13 weeks",Other
BL090-XXL,BL090,Blouse,XXL,6,Other,19,1,0.08,247.0,"5. Over 13 weeks",Other
BL091-XL,BL091,Blouse,XL,5,Other,3,,,,"No paid units",Other
BL093-M,BL093,Blouse,M,3,Other,2,1,0.08,26.0,"5. Over 13 weeks",Other
BL093-S,BL093,Blouse,S,2,Other,11,1,0.08,143.0,"5. Over 13 weeks",Other
BL095-M,BL095,Blouse,M,3,Other,34,1,0.08,442.0,"5. Over 13 weeks",Other
BL095-XL,BL095,Blouse,XL,5,Other,26,1,0.08,338.0,"5. Over 13 weeks",Other
BL096-S,BL096,Blouse,S,2,Other,8,1,0.08,104.0,"5. Over 13 weeks",Other
BL096-XL,BL096,Blouse,XL,5,Other,2,1,0.08,26.0,"5. Over 13 weeks",Other
BL098-M,BL098,Blouse,M,3,Other,31,1,0.08,403.0,"5. Over 13 weeks",Other
BL098-S,BL098,Blouse,S,2,Other,39,5,0.38,101.4,"5. Over 13 weeks",Other
BL098-XL,BL098,Blouse,XL,5,Other,34,2,0.15,221.0,"5. Over 13 weeks",Other
BL098-XS,BL098,Blouse,XS,1,Other,31,1,0.08,403.0,"5. Over 13 weeks",Other
BL098-XXL,BL098,Blouse,XXL,6,Other,27,2,0.15,175.5,"5. Over 13 weeks",Other
BL099-L,BL099,Blouse,L,4,Other,5,2,0.15,32.5,"5. Over 13 weeks",Other
BL099-S,BL099,Blouse,S,2,Other,9,3,0.23,39.0,"5. Over 13 weeks",Other
BL099-XS,BL099,Blouse,XS,1,Other,12,1,0.08,156.0,"5. Over 13 weeks",Other
BL100-M,BL100,Blouse,M,3,Other,5,1,0.08,65.0,"5. Over 13 weeks",Other
BL100-S,BL100,Blouse,S,2,Other,6,3,0.23,26.0,"5. Over 13 weeks",Other
BL100-XL,BL100,Blouse,XL,5,Other,8,2,0.15,52.0,"5. Over 13 weeks",Other
BL100-XXL,BL100,Blouse,XXL,6,Other,5,,,,"No paid units",Other
BL101-M,BL101,Blouse,M,3,Other,3,2,0.15,19.5,"5. Over 13 weeks",Other
BL101-S,BL101,Blouse,S,2,Other,8,2,0.15,52.0,"5. Over 13 weeks",Other
BL101-XS,BL101,Blouse,XS,1,Other,6,1,0.08,78.0,"5. Over 13 weeks",Other
BL101-XXL,BL101,Blouse,XXL,6,Other,2,1,0.08,26.0,"5. Over 13 weeks",Other
BL102-L,BL102,Blouse,L,4,Other,7,2,0.15,45.5,"5. Over 13 weeks",Other
BL102-M,BL102,Blouse,M,3,Other,5,4,0.31,16.3,"5. Over 13 weeks",Other
BL102-S,BL102,Blouse,S,2,Other,16,1,0.08,208.0,"5. Over 13 weeks",Other
BL102-XS,BL102,Blouse,XS,1,Other,16,1,0.08,208.0,"5. Over 13 weeks",Other
BL103-L,BL103,Blouse,L,4,Other,7,5,0.38,18.2,"5. Over 13 weeks",Other
BL103-M,BL103,Blouse,M,3,Other,3,1,0.08,39.0,"5. Over 13 weeks",Other
BL103-S,BL103,Blouse,S,2,Other,29,3,0.23,125.7,"5. Over 13 weeks",Other
BL103-XL,BL103,Blouse,XL,5,Other,8,8,0.62,13.0,"5. Over 13 weeks",Other
BL103-XS,BL103,Blouse,XS,1,Other,27,3,0.23,117.0,"5. Over 13 weeks",Other
BL103-XXL,BL103,Blouse,XXL,6,Other,4,8,0.62,6.5,"4. 4-13 weeks",Other
BL104-L,BL104,Blouse,L,4,Other,32,9,0.69,46.2,"5. Over 13 weeks",Other
BL104-M,BL104,Blouse,M,3,Other,49,3,0.23,212.3,"5. Over 13 weeks",Other
BL104-S,BL104,Blouse,S,2,Other,14,6,0.46,30.3,"5. Over 13 weeks",Other
BL104-XL,BL104,Blouse,XL,5,Other,20,,,,"No paid units",Other
BL104-XS,BL104,Blouse,XS,1,Other,29,1,0.08,377.0,"5. Over 13 weeks",Other
BL104-XXL,BL104,Blouse,XXL,6,Other,26,4,0.31,84.5,"5. Over 13 weeks",Other
BL107-M,BL107,Blouse,M,3,Other,2,1,0.08,26.0,"5. Over 13 weeks",Other
BL107-S,BL107,Blouse,S,2,Other,15,3,0.23,65.0,"5. Over 13 weeks",Other
BL107-XL,BL107,Blouse,XL,5,Other,3,1,0.08,39.0,"5. Over 13 weeks",Other
BL107-XS,BL107,Blouse,XS,1,Other,6,3,0.23,26.0,"5. Over 13 weeks",Other
BL107-XXL,BL107,Blouse,XXL,6,Other,4,1,0.08,52.0,"5. Over 13 weeks",Other
BL109-L,BL109,Blouse,L,4,Other,23,8,0.62,37.4,"5. Over 13 weeks",Other
BL109-M,BL109,Blouse,M,3,Other,37,6,0.46,80.2,"5. Over 13 weeks",Other
BL109-S,BL109,Blouse,S,2,Other,34,1,0.08,442.0,"5. Over 13 weeks",Other
BL109-XL,BL109,Blouse,XL,5,Other,17,2,0.15,110.5,"5. Over 13 weeks",Other
BL109-XS,BL109,Blouse,XS,1,Other,15,2,0.15,97.5,"5. Over 13 weeks",Other
BL109-XXL,BL109,Blouse,XXL,6,Other,9,5,0.38,23.4,"5. Over 13 weeks",Other
BL110-L,BL110,Blouse,L,4,Other,8,11,0.85,9.5,"4. 4-13 weeks",Other
BL110-M,BL110,Blouse,M,3,Other,7,2,0.15,45.5,"5. Over 13 weeks",Other
BL110-S,BL110,Blouse,S,2,Other,18,4,0.31,58.5,"5. Over 13 weeks",Other
BL110-XL,BL110,Blouse,XL,5,Other,8,2,0.15,52.0,"5. Over 13 weeks",Other
BL110-XS,BL110,Blouse,XS,1,Other,16,1,0.08,208.0,"5. Over 13 weeks",Other
BL110-XXL,BL110,Blouse,XXL,6,Other,5,1,0.08,65.0,"5. Over 13 weeks",Other
BL111-L,BL111,Blouse,L,4,Other,9,4,0.31,29.3,"5. Over 13 weeks",Other
BL111-M,BL111,Blouse,M,3,Other,6,3,0.23,26.0,"5. Over 13 weeks",Other
BL111-S,BL111,Blouse,S,2,Other,11,2,0.15,71.5,"5. Over 13 weeks",Other
BL111-XL,BL111,Blouse,XL,5,Other,4,1,0.08,52.0,"5. Over 13 weeks",Other
BL111-XS,BL111,Blouse,XS,1,Other,13,2,0.15,84.5,"5. Over 13 weeks",Other
BL113-L,BL113,Blouse,L,4,Other,4,4,0.31,13.0,"5. Over 13 weeks",Other
BL113-M,BL113,Blouse,M,3,Other,3,2,0.15,19.5,"5. Over 13 weeks",Other
BL113-S,BL113,Blouse,S,2,Other,11,4,0.31,35.8,"5. Over 13 weeks",Other
BL113-XL,BL113,Blouse,XL,5,Other,8,6,0.46,17.3,"5. Over 13 weeks",Other
BL113-XS,BL113,Blouse,XS,1,Other,27,3,0.23,117.0,"5. Over 13 weeks",Other
BL113-XXL,BL113,Blouse,XXL,6,Other,7,3,0.23,30.3,"5. Over 13 weeks",Other
BTM002-B-L,BTM002,Bottom,L,4,Other,,1,0.08,,"No stock record",Other
BTM002-B-M,BTM002,Bottom,M,3,Other,,4,0.31,,"No stock record",Other
BTM002-B-XL,BTM002,Bottom,XL,5,Other,,1,0.08,,"No stock record",Other
BTM002-B-XXL,BTM002,Bottom,XXL,6,Other,,,,,"No stock record",Other
BTM002-B-XXXL,BTM002,Bottom,3XL,7,Other,,1,0.08,,"No stock record",Other
BTM002-L,BTM002,Bottom,L,4,Other,61,1,0.08,793.0,"5. Over 13 weeks",Other
BTM002-S,BTM002,Bottom,S,2,Other,85,2,0.15,552.5,"5. Over 13 weeks",Other
BTM002-XL,BTM002,Bottom,XL,5,Other,22,1,0.08,286.0,"5. Over 13 weeks",Other
BTM002-XXXL,BTM002,Bottom,3XL,7,Other,194,1,0.08,2522.0,"5. Over 13 weeks",Other
BTM003-B-L,BTM003,Bottom,L,4,Other,,,,,"No stock record",Other
BTM003-B-XXXL,BTM003,Bottom,3XL,7,Other,,1,0.08,,"No stock record",Other
BTM003-M,BTM003,Bottom,M,3,Other,25,1,0.08,325.0,"5. Over 13 weeks",Other
BTM003-XXXL,BTM003,Bottom,3XL,7,Other,4,1,0.08,52.0,"5. Over 13 weeks",Other
BTM004-XXXL,BTM004,Bottom,3XL,7,Other,3,1,0.08,39.0,"5. Over 13 weeks",Other
BTM005-B-L,BTM005,Bottom,L,4,Other,,1,0.08,,"No stock record",Other
BTM005-L,BTM005,Bottom,L,4,Other,398,1,0.08,5174.0,"5. Over 13 weeks",Other
BTM005-XXL,BTM005,Bottom,XXL,6,Other,21,1,0.08,273.0,"5. Over 13 weeks",Other
BTM005-XXXL,BTM005,Bottom,3XL,7,Other,59,1,0.08,767.0,"5. Over 13 weeks",Other
BTM008-B-L,BTM008,Bottom,L,4,Other,,2,0.15,,"No stock record",Other
BTM008-B-M,BTM008,Bottom,M,3,Other,,2,0.15,,"No stock record",Other
BTM008-B-XXL,BTM008,Bottom,XXL,6,Other,,2,0.15,,"No stock record",Other
BTM008-L,BTM008,Bottom,L,4,Other,6,1,0.08,78.0,"5. Over 13 weeks",Other
BTM008-XL,BTM008,Bottom,XL,5,Other,10,2,0.15,65.0,"5. Over 13 weeks",Other
BTM008-XXL,BTM008,Bottom,XXL,6,Other,6,2,0.15,39.0,"5. Over 13 weeks",Other
BTM008-XXXL,BTM008,Bottom,3XL,7,Other,15,1,0.08,195.0,"5. Over 13 weeks",Other
BTM021-B-L,BTM021,Bottom,L,4,Other,,1,0.08,,"No stock record",Other
BTM021-B-XS,BTM021,Bottom,XS,1,Other,,2,0.15,,"No stock record",Other
BTM021-B-XXL,BTM021,Bottom,XXL,6,Other,,1,0.08,,"No stock record",Other
BTM021-B-XXXL,BTM021,Bottom,3XL,7,Other,,1,0.08,,"No stock record",Other
BTM026-NP-L,BTM026,Bottom,L,4,Other,1,2,0.15,6.5,"4. 4-13 weeks",Other
BTM026-NP-M,BTM026,Bottom,M,3,Other,6,2,0.15,39.0,"5. Over 13 weeks",Other
BTM026-NP-S,BTM026,Bottom,S,2,Other,6,1,0.08,78.0,"5. Over 13 weeks",Other
BTM026-NP-XL,BTM026,Bottom,XL,5,Other,0,2,0.15,0.0,"1. Out of stock",Other
BTM026-NP-XS,BTM026,Bottom,XS,1,Other,23,1,0.08,299.0,"5. Over 13 weeks",Other
BTM026-NP-XXL,BTM026,Bottom,XXL,6,Other,0,1,0.08,0.0,"1. Out of stock",Other
BTM026-NP-XXXL,BTM026,Bottom,3XL,7,Other,3,2,0.15,19.5,"5. Over 13 weeks",Other
BTM027-NP-L,BTM027,Bottom,L,4,Other,14,,,,"No paid units",Other
BTM027-NP-XXL,BTM027,Bottom,XXL,6,Other,25,1,0.08,325.0,"5. Over 13 weeks",Other
BTM027-NP-XXXL,BTM027,Bottom,3XL,7,Other,16,3,0.23,69.3,"5. Over 13 weeks",Other
BTM029-NP-L,BTM029,Bottom,L,4,Other,2,2,0.15,13.0,"5. Over 13 weeks",Other
BTM029-NP-M,BTM029,Bottom,M,3,Other,4,2,0.15,26.0,"5. Over 13 weeks",Other
BTM029-NP-S,BTM029,Bottom,S,2,Other,1,3,0.23,4.3,"4. 4-13 weeks",Other
BTM029-NP-XL,BTM029,Bottom,XL,5,Other,2,3,0.23,8.7,"4. 4-13 weeks",Other
BTM029-NP-XS,BTM029,Bottom,XS,1,Other,2,,,,"No paid units",Other
BTM029-NP-XXL,BTM029,Bottom,XXL,6,Other,0,3,0.23,0.0,"1. Out of stock",Other
BTM029-NP-XXXL,BTM029,Bottom,3XL,7,Other,1,2,0.15,6.5,"4. 4-13 weeks",Other
BTM030-NP-M,BTM030,Bottom,M,3,Other,1,1,0.08,13.0,"5. Over 13 weeks",Other
BTM030-NP-S,BTM030,Bottom,S,2,Other,8,1,0.08,104.0,"5. Over 13 weeks",Other
BTM030-NP-XL,BTM030,Bottom,XL,5,Other,1,1,0.08,13.0,"5. Over 13 weeks",Other
BTM030-NP-XS,BTM030,Bottom,XS,1,Other,7,3,0.23,30.3,"5. Over 13 weeks",Other
BTM030-NP-XXL,BTM030,Bottom,XXL,6,Other,1,1,0.08,13.0,"5. Over 13 weeks",Other
BTM030-NP-XXXL,BTM030,Bottom,3XL,7,Other,5,5,0.38,13.0,"5. Over 13 weeks",Other
BTM031-NP-L,BTM031,Bottom,L,4,Other,43,4,0.31,139.8,"5. Over 13 weeks",Other
BTM031-NP-M,BTM031,Bottom,M,3,Other,6,1,0.08,78.0,"5. Over 13 weeks",Other
BTM031-NP-XL,BTM031,Bottom,XL,5,Other,13,5,0.38,33.8,"5. Over 13 weeks",Other
BTM031-NP-XS,BTM031,Bottom,XS,1,Other,20,1,0.08,260.0,"5. Over 13 weeks",Other
BTM031-NP-XXL,BTM031,Bottom,XXL,6,Other,56,1,0.08,728.0,"5. Over 13 weeks",Other
BTM032-NP-M,BTM032,Bottom,M,3,Other,1,,,,"No paid units",Other
BTM032-NP-S,BTM032,Bottom,S,2,Other,2,6,0.46,4.3,"4. 4-13 weeks",Other
BTM032-NP-XS,BTM032,Bottom,XS,1,Other,5,2,0.15,32.5,"5. Over 13 weeks",Other
BTM033-NP-XS,BTM033,Bottom,XS,1,Other,5,1,0.08,65.0,"5. Over 13 weeks",Other
BTM033-NP-XXL,BTM033,Bottom,XXL,6,Other,3,1,0.08,39.0,"5. Over 13 weeks",Other
BTM033-NP-XXXL,BTM033,Bottom,3XL,7,Other,2,3,0.23,8.7,"4. 4-13 weeks",Other
BTM035-NP-XS,BTM035,Bottom,XS,1,Other,12,2,0.15,78.0,"5. Over 13 weeks",Other
BTM035-NP-XXXL,BTM035,Bottom,3XL,7,Other,4,3,0.23,17.3,"5. Over 13 weeks",Other
BTM036-PP-L,BTM036,Bottom,L,4,Other,3,3,0.23,13.0,"5. Over 13 weeks",Other
BTM036-PP-M,BTM036,Bottom,M,3,Other,10,1,0.08,130.0,"5. Over 13 weeks",Other
BTM036-PP-S,BTM036,Bottom,S,2,Other,8,2,0.15,52.0,"5. Over 13 weeks",Other
BTM036-PP-XL,BTM036,Bottom,XL,5,Other,6,2,0.15,39.0,"5. Over 13 weeks",Other
BTM036-PP-XXL,BTM036,Bottom,XXL,6,Other,3,3,0.23,13.0,"5. Over 13 weeks",Other
BTM036-PP-XXXL,BTM036,Bottom,3XL,7,Other,6,3,0.23,26.0,"5. Over 13 weeks",Other
BTM037-PP-M,BTM037,Bottom,M,3,Other,4,1,0.08,52.0,"5. Over 13 weeks",Other
BTM037-PP-S,BTM037,Bottom,S,2,Other,7,1,0.08,91.0,"5. Over 13 weeks",Other
BTM037-PP-XL,BTM037,Bottom,XL,5,Other,3,3,0.23,13.0,"5. Over 13 weeks",Other
BTM037-PP-XS,BTM037,Bottom,XS,1,Other,21,1,0.08,273.0,"5. Over 13 weeks",Other
BTM037-PP-XXL,BTM037,Bottom,XXL,6,Other,3,1,0.08,39.0,"5. Over 13 weeks",Other
BTM037-PP-XXXL,BTM037,Bottom,3XL,7,Other,3,2,0.15,19.5,"5. Over 13 weeks",Other
BTM038-PP-L,BTM038,Bottom,L,4,Other,3,3,0.23,13.0,"5. Over 13 weeks",Other
BTM038-PP-S,BTM038,Bottom,S,2,Other,6,5,0.38,15.6,"5. Over 13 weeks",Other
BTM038-PP-XS,BTM038,Bottom,XS,1,Other,30,1,0.08,390.0,"5. Over 13 weeks",Other
BTM038-PP-XXL,BTM038,Bottom,XXL,6,Other,3,1,0.08,39.0,"5. Over 13 weeks",Other
BTM038-PP-XXXL,BTM038,Bottom,3XL,7,Other,1,5,0.38,2.6,"3. 2-4 weeks",Other
BTM039-PP-L,BTM039,Bottom,L,4,Other,2,5,0.38,5.2,"4. 4-13 weeks",Other
BTM039-PP-M,BTM039,Bottom,M,3,Other,2,5,0.38,5.2,"4. 4-13 weeks",Other
BTM039-PP-S,BTM039,Bottom,S,2,Other,4,5,0.38,10.4,"4. 4-13 weeks",Other
BTM039-PP-XL,BTM039,Bottom,XL,5,Other,2,3,0.23,8.7,"4. 4-13 weeks",Other
BTM039-PP-XS,BTM039,Bottom,XS,1,Other,11,1,0.08,143.0,"5. Over 13 weeks",Other
BTM039-PP-XXL,BTM039,Bottom,XXL,6,Other,2,2,0.15,13.0,"5. Over 13 weeks",Other
BTM039-PP-XXXL,BTM039,Bottom,3XL,7,Other,4,7,0.54,7.4,"4. 4-13 weeks",Other
BTM040-PP-M,BTM040,Bottom,M,3,Other,4,1,0.08,52.0,"5. Over 13 weeks",Other
BTM040-PP-S,BTM040,Bottom,S,2,Other,36,2,0.15,234.0,"5. Over 13 weeks",Other
BTM040-PP-XL,BTM040,Bottom,XL,5,Other,3,1,0.08,39.0,"5. Over 13 weeks",Other
BTM040-PP-XS,BTM040,Bottom,XS,1,Other,35,1,0.08,455.0,"5. Over 13 weeks",Other
BTM040-PP-XXL,BTM040,Bottom,XXL,6,Other,4,4,0.31,13.0,"5. Over 13 weeks",Other
BTM040-PP-XXXL,BTM040,Bottom,3XL,7,Other,2,3,0.23,8.7,"4. 4-13 weeks",Other
BTM041-PP-L,BTM041,Bottom,L,4,Other,6,2,0.15,39.0,"5. Over 13 weeks",Other
BTM041-PP-S,BTM041,Bottom,S,2,Other,51,,,,"No paid units",Other
BTM041-PP-XL,BTM041,Bottom,XL,5,Other,7,3,0.23,30.3,"5. Over 13 weeks",Other
BTM041-PP-XS,BTM041,Bottom,XS,1,Other,50,1,0.08,650.0,"5. Over 13 weeks",Other
BTM041-PP-XXL,BTM041,Bottom,XXL,6,Other,7,2,0.15,45.5,"5. Over 13 weeks",Other
BTM041-PP-XXXL,BTM041,Bottom,3XL,7,Other,7,4,0.31,22.8,"5. Over 13 weeks",Other
BTM042-PP-L,BTM042,Bottom,L,4,Other,3,4,0.31,9.8,"4. 4-13 weeks",Other
BTM042-PP-M,BTM042,Bottom,M,3,Other,3,3,0.23,13.0,"5. Over 13 weeks",Other
BTM042-PP-S,BTM042,Bottom,S,2,Other,29,1,0.08,377.0,"5. Over 13 weeks",Other
BTM042-PP-XL,BTM042,Bottom,XL,5,Other,3,2,0.15,19.5,"5. Over 13 weeks",Other
BTM042-PP-XS,BTM042,Bottom,XS,1,Other,55,2,0.15,357.5,"5. Over 13 weeks",Other
BTM042-PP-XXL,BTM042,Bottom,XXL,6,Other,6,1,0.08,78.0,"5. Over 13 weeks",Other
BTM042-PP-XXXL,BTM042,Bottom,3XL,7,Other,3,2,0.15,19.5,"5. Over 13 weeks",Other
BTM043-PP-S,BTM043,Bottom,S,2,Other,4,2,0.15,26.0,"5. Over 13 weeks",Other
BTM043-PP-XL,BTM043,Bottom,XL,5,Other,3,2,0.15,19.5,"5. Over 13 weeks",Other
BTM043-PP-XS,BTM043,Bottom,XS,1,Other,8,1,0.08,104.0,"5. Over 13 weeks",Other
BTM043-PP-XXL,BTM043,Bottom,XXL,6,Other,3,3,0.23,13.0,"5. Over 13 weeks",Other
BTM043-PP-XXXL,BTM043,Bottom,3XL,7,Other,3,1,0.08,39.0,"5. Over 13 weeks",Other
BTM044-PP-M,BTM044,Bottom,M,3,Other,3,3,0.23,13.0,"5. Over 13 weeks",Other
BTM044-PP-XL,BTM044,Bottom,XL,5,Other,2,1,0.08,26.0,"5. Over 13 weeks",Other
BTM044-PP-XS,BTM044,Bottom,XS,1,Other,55,1,0.08,715.0,"5. Over 13 weeks",Other
BTM044-PP-XXL,BTM044,Bottom,XXL,6,Other,3,1,0.08,39.0,"5. Over 13 weeks",Other
BTM044-PP-XXXL,BTM044,Bottom,3XL,7,Other,5,2,0.15,32.5,"5. Over 13 weeks",Other
BTM045-PP-M,BTM045,Bottom,M,3,Other,3,1,0.08,39.0,"5. Over 13 weeks",Other
BTM045-PP-XL,BTM045,Bottom,XL,5,Other,4,6,0.46,8.7,"4. 4-13 weeks",Other
BTM045-PP-XXL,BTM045,Bottom,XXL,6,Other,24,2,0.15,156.0,"5. Over 13 weeks",Other
BTM045-PP-XXXL,BTM045,Bottom,3XL,7,Other,6,2,0.15,39.0,"5. Over 13 weeks",Other
BTM046-PP-M,BTM046,Bottom,M,3,Other,10,1,0.08,130.0,"5. Over 13 weeks",Other
BTM046-PP-XL,BTM046,Bottom,XL,5,Other,3,2,0.15,19.5,"5. Over 13 weeks",Other
BTM047-PP-L,BTM047,Bottom,L,4,Other,3,2,0.15,19.5,"5. Over 13 weeks",Other
BTM047-PP-M,BTM047,Bottom,M,3,Other,10,1,0.08,130.0,"5. Over 13 weeks",Other
BTM047-PP-S,BTM047,Bottom,S,2,Other,15,2,0.15,97.5,"5. Over 13 weeks",Other
BTM047-PP-XS,BTM047,Bottom,XS,1,Other,32,1,0.08,416.0,"5. Over 13 weeks",Other
BTM047-PP-XXL,BTM047,Bottom,XXL,6,Other,11,3,0.23,47.7,"5. Over 13 weeks",Other
BTM047-PP-XXXL,BTM047,Bottom,3XL,7,Other,4,1,0.08,52.0,"5. Over 13 weeks",Other
BTM048-PP-L,BTM048,Bottom,L,4,Other,3,2,0.15,19.5,"5. Over 13 weeks",Other
BTM048-PP-M,BTM048,Bottom,M,3,Other,3,2,0.15,19.5,"5. Over 13 weeks",Other
BTM048-PP-XS,BTM048,Bottom,XS,1,Other,51,1,0.08,663.0,"5. Over 13 weeks",Other
BTM048-PP-XXL,BTM048,Bottom,XXL,6,Other,16,2,0.15,104.0,"5. Over 13 weeks",Other
BTM048-PP-XXXL,BTM048,Bottom,3XL,7,Other,16,,,,"No paid units",Other
CH201-RED-M,CH201,Bottom,M,3,Other,3,2,0.15,19.5,"5. Over 13 weeks",Other
CH202-ORANGE-L,CH202,Bottom,L,4,Other,3,2,0.15,19.5,"5. Over 13 weeks",Other
CH202-ORANGE-XXL,CH202,Bottom,XXL,6,Other,3,1,0.08,39.0,"5. Over 13 weeks",Other
CH203-MAROON-L,CH203,Bottom,L,4,Other,6,2,0.15,39.0,"5. Over 13 weeks",Other
CH203-MAROON-S,CH203,Bottom,S,2,Other,2,1,0.08,26.0,"5. Over 13 weeks",Other
CH204-PURPLE-L,CH204,Bottom,L,4,Other,3,1,0.08,39.0,"5. Over 13 weeks",Other
CH204-PURPLE-M,CH204,Bottom,M,3,Other,3,2,0.15,19.5,"5. Over 13 weeks",Other
CH204-PURPLE-S,CH204,Bottom,S,2,Other,5,1,0.08,65.0,"5. Over 13 weeks",Other
CH205-YELLOW-S,CH205,Bottom,S,2,Other,12,2,0.15,78.0,"5. Over 13 weeks",Other
CH205-YELLOW-XL,CH205,Bottom,XL,5,Other,5,2,0.15,32.5,"5. Over 13 weeks",Other
CH205-YELLOW-XXL,CH205,Bottom,XXL,6,Other,2,3,0.23,8.7,"4. 4-13 weeks",Other
CH206-GREEN-M,CH206,Bottom,M,3,Other,6,1,0.08,78.0,"5. Over 13 weeks",Other
CH206-GREEN-XXL,CH206,Bottom,XXL,6,Other,2,1,0.08,26.0,"5. Over 13 weeks",Other
CH207-PINK-L,CH207,Bottom,L,4,Other,3,1,0.08,39.0,"5. Over 13 weeks",Other
CH208-MUSTARD-L,CH208,Bottom,L,4,Other,7,3,0.23,30.3,"5. Over 13 weeks",Other
CH208-MUSTARD-M,CH208,Bottom,M,3,Other,13,2,0.15,84.5,"5. Over 13 weeks",Other
CH208-MUSTARD-S,CH208,Bottom,S,2,Other,7,1,0.08,91.0,"5. Over 13 weeks",Other
CH208-MUSTARD-XXL,CH208,Bottom,XXL,6,Other,4,1,0.08,52.0,"5. Over 13 weeks",Other
CH209-BIEGE-L,CH209,Bottom,L,4,Other,3,,,,"No paid units",Other
CH209-BIEGE-XL,CH209,Bottom,XL,5,Other,4,1,0.08,52.0,"5. Over 13 weeks",Other
CH213-BROWN-L,CH213,Bottom,L,4,Other,4,1,0.08,52.0,"5. Over 13 weeks",Other
CH213-BROWN-M,CH213,Bottom,M,3,Other,4,1,0.08,52.0,"5. Over 13 weeks",Other
CH213-BROWN-S,CH213,Bottom,S,2,Other,4,2,0.15,26.0,"5. Over 13 weeks",Other
DPT032,DPT032,Dupatta,Free,11,Other,,1,0.08,,"No stock record",Other
DPT041,DPT041,Dupatta,Free,11,Other,,1,0.08,,"No stock record",Other
DPT052,DPT052,Dupatta,Free,11,Other,,1,0.08,,"No stock record",Other
J0001-DR-L,J0001,"Ethnic Dress",L,4,Other,2,3,0.23,8.7,"4. 4-13 weeks",Other
J0001-DR-M,J0001,"Ethnic Dress",M,3,Other,19,2,0.15,123.5,"5. Over 13 weeks",Other
J0001-DR-S,J0001,"Ethnic Dress",S,2,Other,9,7,0.54,16.7,"5. Over 13 weeks",Other
J0001-DR-XL,J0001,"Ethnic Dress",XL,5,Other,26,3,0.23,112.7,"5. Over 13 weeks",Other
J0001-DR-XS,J0001,"Ethnic Dress",XS,1,Other,42,4,0.31,136.5,"5. Over 13 weeks",Other
J0001-DR-XXL,J0001,"Ethnic Dress",XXL,6,Other,20,1,0.08,260.0,"5. Over 13 weeks",Other
J0001-DR-XXXL,J0001,"Ethnic Dress",3XL,7,Other,14,10,0.77,18.2,"5. Over 13 weeks",Other
J0002-SKD-L,J0002,Set,L,4,Set,93,40,3.08,30.2,"5. Over 13 weeks","Best-seller (top 10%)"
J0002-SKD-M,J0002,Set,M,3,Set,82,51,3.92,20.9,"5. Over 13 weeks","Best-seller (top 10%)"
J0002-SKD-S,J0002,Set,S,2,Set,165,30,2.31,71.5,"5. Over 13 weeks","Best-seller (top 10%)"
J0002-SKD-XL,J0002,Set,XL,5,Set,62,52,4.0,15.5,"5. Over 13 weeks","Best-seller (top 10%)"
J0002-SKD-XS,J0002,Set,XS,1,Set,97,24,1.85,52.5,"5. Over 13 weeks","Best-seller (top 10%)"
J0002-SKD-XXL,J0002,Set,XXL,6,Set,73,37,2.85,25.6,"5. Over 13 weeks","Best-seller (top 10%)"
J0002-SKD-XXXL,J0002,Set,3XL,7,Set,7,39,3.0,2.3,"3. 2-4 weeks","Best-seller (top 10%)"
J0003-SET-L,J0003,Set,L,4,Set,3,114,8.77,0.3,"2. Under 2 weeks","Best-seller (top 10%)"
J0003-SET-M,J0003,Set,M,3,Set,7,213,16.38,0.4,"2. Under 2 weeks","Best-seller (top 10%)"
J0003-SET-S,J0003,Set,S,2,Set,9,258,19.85,0.5,"2. Under 2 weeks","Best-seller (top 10%)"
J0003-SET-XL,J0003,Set,XL,5,Set,5,141,10.85,0.5,"2. Under 2 weeks","Best-seller (top 10%)"
J0003-SET-XS,J0003,Set,XS,1,Set,13,194,14.92,0.9,"2. Under 2 weeks","Best-seller (top 10%)"
J0003-SET-XXL,J0003,Set,XXL,6,Set,3,161,12.38,0.2,"2. Under 2 weeks","Best-seller (top 10%)"
J0003-SET-XXXL,J0003,Set,3XL,7,Set,9,194,14.92,0.6,"2. Under 2 weeks","Best-seller (top 10%)"
J0004-SKD-L,J0004,Set,L,4,Set,57,30,2.31,24.7,"5. Over 13 weeks","Best-seller (top 10%)"
J0004-SKD-M,J0004,Set,M,3,Set,61,26,2.0,30.5,"5. Over 13 weeks","Best-seller (top 10%)"
J0004-SKD-S,J0004,Set,S,2,Set,58,14,1.08,53.9,"5. Over 13 weeks",Other
J0004-SKD-XL,J0004,Set,XL,5,Set,18,28,2.15,8.4,"4. 4-13 weeks","Best-seller (top 10%)"
J0004-SKD-XS,J0004,Set,XS,1,Set,53,6,0.46,114.8,"5. Over 13 weeks",Other
J0004-SKD-XXL,J0004,Set,XXL,6,Set,11,28,2.15,5.1,"4. 4-13 weeks","Best-seller (top 10%)"
J0004-SKD-XXXL,J0004,Set,3XL,7,Set,33,35,2.69,12.3,"4. 4-13 weeks","Best-seller (top 10%)"
J0005-DR-B-M,J0005,"Western Dress",M,3,"Western Dress",,3,0.23,,"No stock record",Other
J0005-DR-L,J0005,"Western Dress",L,4,"Western Dress",20,53,4.08,4.9,"4. 4-13 weeks","Best-seller (top 10%)"
J0005-DR-M,J0005,"Western Dress",M,3,"Western Dress",49,10,0.77,63.7,"5. Over 13 weeks",Other
J0005-DR-S,J0005,"Western Dress",S,2,"Western Dress",29,61,4.69,6.2,"4. 4-13 weeks","Best-seller (top 10%)"
J0005-DR-XL,J0005,"Western Dress",XL,5,"Western Dress",31,44,3.38,9.2,"4. 4-13 weeks","Best-seller (top 10%)"
J0005-DR-XS,J0005,"Western Dress",XS,1,"Western Dress",45,26,2.0,22.5,"5. Over 13 weeks","Best-seller (top 10%)"
J0005-DR-XXL,J0005,"Western Dress",XXL,6,"Western Dress",30,30,2.31,13.0,"5. Over 13 weeks","Best-seller (top 10%)"
J0005-DR-XXXL,J0005,"Western Dress",3XL,7,"Western Dress",73,44,3.38,21.6,"5. Over 13 weeks","Best-seller (top 10%)"
J0006-SET-L,J0006,"Ethnic Dress",L,4,Other,132,47,3.62,36.5,"5. Over 13 weeks","Best-seller (top 10%)"
J0006-SET-M,J0006,"Ethnic Dress",M,3,Other,86,78,6.0,14.3,"5. Over 13 weeks","Best-seller (top 10%)"
J0006-SET-S,J0006,"Ethnic Dress",S,2,Other,51,52,4.0,12.8,"4. 4-13 weeks","Best-seller (top 10%)"
J0006-SET-XL,J0006,"Ethnic Dress",XL,5,Other,23,59,4.54,5.1,"4. 4-13 weeks","Best-seller (top 10%)"
J0006-SET-XS,J0006,"Ethnic Dress",XS,1,Other,149,16,1.23,121.1,"5. Over 13 weeks",Other
J0006-SET-XXL,J0006,"Ethnic Dress",XXL,6,Other,35,36,2.77,12.6,"4. 4-13 weeks","Best-seller (top 10%)"
J0006-SET-XXXL,J0006,"Ethnic Dress",3XL,7,Other,33,41,3.15,10.5,"4. 4-13 weeks","Best-seller (top 10%)"
J0007-SKD-L,J0007,Set,L,4,Set,11,13,1.0,11.0,"4. 4-13 weeks",Other
J0007-SKD-M,J0007,Set,M,3,Set,6,15,1.15,5.2,"4. 4-13 weeks",Other
J0007-SKD-S,J0007,Set,S,2,Set,31,9,0.69,44.8,"5. Over 13 weeks",Other
J0007-SKD-XL,J0007,Set,XL,5,Set,13,24,1.85,7.0,"4. 4-13 weeks","Best-seller (top 10%)"
J0007-SKD-XS,J0007,Set,XS,1,Set,89,5,0.38,231.4,"5. Over 13 weeks",Other
J0007-SKD-XXL,J0007,Set,XXL,6,Set,19,14,1.08,17.6,"5. Over 13 weeks",Other
J0007-SKD-XXXL,J0007,Set,3XL,7,Set,45,18,1.38,32.5,"5. Over 13 weeks",Other
J0008-SKD-L,J0008,Set,L,4,Set,89,120,9.23,9.6,"4. 4-13 weeks","Best-seller (top 10%)"
J0008-SKD-M,J0008,Set,M,3,Set,29,154,11.85,2.4,"3. 2-4 weeks","Best-seller (top 10%)"
J0008-SKD-S,J0008,Set,S,2,Set,171,125,9.62,17.8,"5. Over 13 weeks","Best-seller (top 10%)"
J0008-SKD-XL,J0008,Set,XL,5,Set,318,78,6.0,53.0,"5. Over 13 weeks","Best-seller (top 10%)"
J0008-SKD-XS,J0008,Set,XS,1,Set,161,109,8.38,19.2,"5. Over 13 weeks","Best-seller (top 10%)"
J0008-SKD-XXL,J0008,Set,XXL,6,Set,28,61,4.69,6.0,"4. 4-13 weeks","Best-seller (top 10%)"
J0008-SKD-XXXL,J0008,Set,3XL,7,Set,51,44,3.38,15.1,"5. Over 13 weeks","Best-seller (top 10%)"
J0009-SKD-L,J0009,Set,L,4,Set,30,53,4.08,7.4,"4. 4-13 weeks","Best-seller (top 10%)"
J0009-SKD-M,J0009,Set,M,3,Set,88,39,3.0,29.3,"5. Over 13 weeks","Best-seller (top 10%)"
J0009-SKD-S,J0009,Set,S,2,Set,44,25,1.92,22.9,"5. Over 13 weeks",Other
J0009-SKD-XL,J0009,Set,XL,5,Set,34,33,2.54,13.4,"5. Over 13 weeks","Best-seller (top 10%)"
J0009-SKD-XS,J0009,Set,XS,1,Set,64,13,1.0,64.0,"5. Over 13 weeks",Other
J0009-SKD-XXL,J0009,Set,XXL,6,Set,13,22,1.69,7.7,"4. 4-13 weeks",Other
J0009-SKD-XXXL,J0009,Set,3XL,7,Set,26,30,2.31,11.3,"4. 4-13 weeks","Best-seller (top 10%)"
J0010-LCD-L,J0010,Set,L,4,Set,11,16,1.23,8.9,"4. 4-13 weeks",Other
J0010-LCD-M,J0010,Set,M,3,Set,3,26,2.0,1.5,"2. Under 2 weeks","Best-seller (top 10%)"
J0010-LCD-S,J0010,Set,S,2,Set,14,25,1.92,7.3,"4. 4-13 weeks","Best-seller (top 10%)"
J0010-LCD-XL,J0010,Set,XL,5,Set,10,7,0.54,18.6,"5. Over 13 weeks",Other
J0010-LCD-XS,J0010,Set,XS,1,Set,7,16,1.23,5.7,"4. 4-13 weeks",Other
J0010-LCD-XXL,J0010,Set,XXL,6,Set,37,7,0.54,68.7,"5. Over 13 weeks",Other
J0010-LCD-XXXL,J0010,Set,3XL,7,Set,45,16,1.23,36.6,"5. Over 13 weeks",Other
J0011-LCD-A-L,J0011,Set,L,4,Set,,2,0.15,,"No stock record",Other
J0011-LCD-M,J0011,Set,M,3,Set,13,26,2.0,6.5,"4. 4-13 weeks","Best-seller (top 10%)"
J0011-LCD-S,J0011,Set,S,2,Set,9,22,1.69,5.3,"4. 4-13 weeks","Best-seller (top 10%)"
J0011-LCD-XL,J0011,Set,XL,5,Set,3,9,0.69,4.3,"4. 4-13 weeks",Other
J0011-LCD-XS,J0011,Set,XS,1,Set,7,11,0.85,8.3,"4. 4-13 weeks",Other
J0011-LCD-XXL,J0011,Set,XXL,6,Set,41,7,0.54,76.1,"5. Over 13 weeks",Other
J0011-LCD-XXXL,J0011,Set,3XL,7,Set,29,10,0.77,37.7,"5. Over 13 weeks",Other
J0012-SKD-L,J0012,Set,L,4,Set,10,66,5.08,2.0,"2. Under 2 weeks","Best-seller (top 10%)"
J0012-SKD-M,J0012,Set,M,3,Set,57,58,4.46,12.8,"4. 4-13 weeks","Best-seller (top 10%)"
J0012-SKD-S,J0012,Set,S,2,Set,136,27,2.08,65.5,"5. Over 13 weeks","Best-seller (top 10%)"
J0012-SKD-XL,J0012,Set,XL,5,Set,25,80,6.15,4.1,"4. 4-13 weeks","Best-seller (top 10%)"
J0012-SKD-XS,J0012,Set,XS,1,Set,93,35,2.69,34.5,"5. Over 13 weeks","Best-seller (top 10%)"
J0012-SKD-XXL,J0012,Set,XXL,6,Set,22,64,4.92,4.5,"4. 4-13 weeks","Best-seller (top 10%)"
J0012-SKD-XXXL,J0012,Set,3XL,7,Set,69,46,3.54,19.5,"5. Over 13 weeks","Best-seller (top 10%)"
J0013-SKD-L,J0013,Set,L,4,Set,7,33,2.54,2.8,"3. 2-4 weeks","Best-seller (top 10%)"
J0013-SKD-M,J0013,Set,M,3,Set,4,36,2.77,1.4,"2. Under 2 weeks","Best-seller (top 10%)"
J0013-SKD-S,J0013,Set,S,2,Set,8,18,1.38,5.8,"4. 4-13 weeks",Other
J0013-SKD-XS,J0013,Set,XS,1,Set,17,13,1.0,17.0,"5. Over 13 weeks",Other
J0013-SKD-XXL,J0013,Set,XXL,6,Set,5,28,2.15,2.3,"3. 2-4 weeks","Best-seller (top 10%)"
J0013-SKD-XXXL,J0013,Set,3XL,7,Set,6,31,2.38,2.5,"3. 2-4 weeks","Best-seller (top 10%)"
J0014-LCD-L,J0014,Set,L,4,Set,28,9,0.69,40.4,"5. Over 13 weeks",Other
J0014-LCD-M,J0014,Set,M,3,Set,4,15,1.15,3.5,"3. 2-4 weeks",Other
J0014-LCD-S,J0014,Set,S,2,Set,70,12,0.92,75.8,"5. Over 13 weeks",Other
J0014-LCD-XL,J0014,Set,XL,5,Set,27,5,0.38,70.2,"5. Over 13 weeks",Other
J0014-LCD-XS,J0014,Set,XS,1,Set,17,12,0.92,18.4,"5. Over 13 weeks",Other
J0014-LCD-XXL,J0014,Set,XXL,6,Set,29,3,0.23,125.7,"5. Over 13 weeks",Other
J0014-LCD-XXXL,J0014,Set,3XL,7,Set,72,2,0.15,468.0,"5. Over 13 weeks",Other
J0015-DR-S,J0015,"Ethnic Dress",S,2,Other,3,2,0.15,19.5,"5. Over 13 weeks",Other
J0015-DR-XS,J0015,"Ethnic Dress",XS,1,Other,4,2,0.15,26.0,"5. Over 13 weeks",Other
J0016-DR-XS,J0016,"Western Dress",XS,1,"Western Dress",2,2,0.15,13.0,"5. Over 13 weeks",Other
J0019-SET-M,J0019,Set,M,3,Set,0,1,0.08,0.0,"1. Out of stock",Other
J0019-SET-S,J0019,Set,S,2,Set,4,1,0.08,52.0,"5. Over 13 weeks",Other
J0019-SET-XS,J0019,Set,XS,1,Set,9,2,0.15,58.5,"5. Over 13 weeks",Other
J0020-SET-XL,J0020,Set,XL,5,Set,3,2,0.15,19.5,"5. Over 13 weeks",Other
J0020-SET-XS,J0020,Set,XS,1,Set,11,2,0.15,71.5,"5. Over 13 weeks",Other
J0020-SET-XXL,J0020,Set,XXL,6,Set,3,2,0.15,19.5,"5. Over 13 weeks",Other
J0020-SET-XXXL,J0020,Set,3XL,7,Set,3,3,0.23,13.0,"5. Over 13 weeks",Other
J0021-TP-L,J0021,Top,L,4,Top,0,2,0.15,0.0,"1. Out of stock",Other
J0021-TP-XXL,J0021,Top,XXL,6,Top,1,2,0.15,6.5,"4. 4-13 weeks",Other
J0022-KR-XS,J0022,Kurta,XS,1,Kurta,2,2,0.15,13.0,"5. Over 13 weeks",Other
J0023-TP-L,J0023,Top,L,4,Top,4,15,1.15,3.5,"3. 2-4 weeks",Other
J0023-TP-S,J0023,Top,S,2,Top,6,14,1.08,5.6,"4. 4-13 weeks",Other
J0023-TP-XL,J0023,Top,XL,5,Top,3,5,0.38,7.8,"4. 4-13 weeks",Other
J0023-TP-XS,J0023,Top,XS,1,Top,4,8,0.62,6.5,"4. 4-13 weeks",Other
J0023-TP-XXL,J0023,Top,XXL,6,Top,6,29,2.23,2.7,"3. 2-4 weeks",Other
J0023-TP-XXXL,J0023,Top,3XL,7,Top,1,11,0.85,1.2,"2. Under 2 weeks",Other
J0024-KR-M,J0024,Kurta,M,3,Kurta,94,1,0.08,1222.0,"5. Over 13 weeks",Other
J0024-KR-XL,J0024,Kurta,XL,5,Kurta,83,3,0.23,359.7,"5. Over 13 weeks",Other
J0024-KR-XXL,J0024,Kurta,XXL,6,Kurta,92,2,0.15,598.0,"5. Over 13 weeks",Other
J0024-KR-XXXL,J0024,Kurta,3XL,7,Kurta,63,,,,"No paid units",Other
J0025-DR-M,J0025,"Western Dress",M,3,"Western Dress",0,2,0.15,0.0,"1. Out of stock",Other
J0025-DR-S,J0025,"Western Dress",S,2,"Western Dress",4,22,1.69,2.4,"3. 2-4 weeks",Other
J0025-DR-XL,J0025,"Western Dress",XL,5,"Western Dress",0,4,0.31,0.0,"1. Out of stock",Other
J0025-DR-XS,J0025,"Western Dress",XS,1,"Western Dress",7,21,1.62,4.3,"4. 4-13 weeks",Other
J0025-DR-XXL,J0025,"Western Dress",XXL,6,"Western Dress",3,12,0.92,3.3,"3. 2-4 weeks",Other
J0025-DR-XXXL,J0025,"Western Dress",3XL,7,"Western Dress",4,14,1.08,3.7,"3. 2-4 weeks",Other
J0026-KR-S,J0026,Kurta,S,2,Kurta,0,7,0.54,0.0,"1. Out of stock",Other
J0026-KR-XS,J0026,Kurta,XS,1,Kurta,3,1,0.08,39.0,"5. Over 13 weeks",Other
J0027-SET-S,J0027,Set,S,2,Set,0,2,0.15,0.0,"1. Out of stock",Other
J0027-SET-XS,J0027,Set,XS,1,Set,0,4,0.31,0.0,"1. Out of stock",Other
J0027-SET-XXL,J0027,Set,XXL,6,Set,0,1,0.08,0.0,"1. Out of stock",Other
J0028-KR-L,J0028,Kurta,L,4,Kurta,2,3,0.23,8.7,"4. 4-13 weeks",Other
J0028-KR-S,J0028,Kurta,S,2,Kurta,1,2,0.15,6.5,"4. 4-13 weeks",Other
J0028-KR-XS,J0028,Kurta,XS,1,Kurta,4,3,0.23,17.3,"5. Over 13 weeks",Other
J0029-KR-S,J0029,Kurta,S,2,Kurta,1,6,0.46,2.2,"3. 2-4 weeks",Other
J0029-KR-XS,J0029,Kurta,XS,1,Kurta,0,3,0.23,0.0,"1. Out of stock",Other
J0033-KR-L,J0033,Kurta,L,4,Kurta,0,3,0.23,0.0,"1. Out of stock",Other
J0033-KR-M,J0033,Kurta,M,3,Kurta,4,1,0.08,52.0,"5. Over 13 weeks",Other
J0033-KR-S,J0033,Kurta,S,2,Kurta,9,5,0.38,23.4,"5. Over 13 weeks",Other
J0033-KR-XL,J0033,Kurta,XL,5,Kurta,3,2,0.15,19.5,"5. Over 13 weeks",Other
J0033-KR-XS,J0033,Kurta,XS,1,Kurta,9,4,0.31,29.3,"5. Over 13 weeks",Other
J0033-KR-XXL,J0033,Kurta,XXL,6,Kurta,3,5,0.38,7.8,"4. 4-13 weeks",Other
J0033-KR-XXXL,J0033,Kurta,3XL,7,Kurta,4,6,0.46,8.7,"4. 4-13 weeks",Other
J0034-SET-L,J0034,Set,L,4,Set,2,9,0.69,2.9,"3. 2-4 weeks",Other
J0034-SET-M,J0034,Set,M,3,Set,47,5,0.38,122.2,"5. Over 13 weeks",Other
J0034-SET-S,J0034,Set,S,2,Set,34,,,,"No paid units",Other
J0034-SET-XL,J0034,Set,XL,5,Set,3,4,0.31,9.8,"4. 4-13 weeks",Other
J0034-SET-XS,J0034,Set,XS,1,Set,56,1,0.08,728.0,"5. Over 13 weeks",Other
J0034-SET-XXL,J0034,Set,XXL,6,Set,4,4,0.31,13.0,"5. Over 13 weeks",Other
J0034-SET-XXXL,J0034,Set,3XL,7,Set,4,4,0.31,13.0,"5. Over 13 weeks",Other
J0036-TP-XS,J0036,Top,XS,1,Top,3,3,0.23,13.0,"5. Over 13 weeks",Other
J0037-KR-L,J0037,Kurta,L,4,Kurta,5,1,0.08,65.0,"5. Over 13 weeks",Other
J0037-KR-XXL,J0037,Kurta,XXL,6,Kurta,7,3,0.23,30.3,"5. Over 13 weeks",Other
J0037-KR-XXXL,J0037,Kurta,3XL,7,Kurta,5,3,0.23,21.7,"5. Over 13 weeks",Other
J0038-DR-S,J0038,"Ethnic Dress",S,2,Other,2,1,0.08,26.0,"5. Over 13 weeks",Other
J0038-DR-XS,J0038,"Ethnic Dress",XS,1,Other,7,4,0.31,22.8,"5. Over 13 weeks",Other
J0038-DR-XXXL,J0038,"Ethnic Dress",3XL,7,Other,2,2,0.15,13.0,"5. Over 13 weeks",Other
J0039-SET-S,J0039,Set,S,2,Set,0,2,0.15,0.0,"1. Out of stock",Other
J0039-SET-XS,J0039,Set,XS,1,Set,4,1,0.08,52.0,"5. Over 13 weeks",Other
J0040-SET-XS,J0040,Set,XS,1,Set,4,1,0.08,52.0,"5. Over 13 weeks",Other
J0040-SET-XXXL,J0040,Set,3XL,7,Set,3,1,0.08,39.0,"5. Over 13 weeks",Other
J0041-SET-L,J0041,Set,L,4,Set,5,54,4.15,1.2,"2. Under 2 weeks","Best-seller (top 10%)"
J0041-SET-M,J0041,Set,M,3,Set,2,55,4.23,0.5,"2. Under 2 weeks","Best-seller (top 10%)"
J0041-SET-S,J0041,Set,S,2,Set,3,43,3.31,0.9,"2. Under 2 weeks","Best-seller (top 10%)"
J0041-SET-XL,J0041,Set,XL,5,Set,7,73,5.62,1.2,"2. Under 2 weeks","Best-seller (top 10%)"
J0041-SET-XS,J0041,Set,XS,1,Set,3,54,4.15,0.7,"2. Under 2 weeks","Best-seller (top 10%)"
J0041-SET-XXL,J0041,Set,XXL,6,Set,3,7,0.54,5.6,"4. 4-13 weeks",Other
J0041-SET-XXXL,J0041,Set,3XL,7,Set,3,6,0.46,6.5,"4. 4-13 weeks",Other
J0042-DR-L,J0042,"Western Dress",L,4,"Western Dress",2,2,0.15,13.0,"5. Over 13 weeks",Other
J0042-DR-S,J0042,"Western Dress",S,2,"Western Dress",2,2,0.15,13.0,"5. Over 13 weeks",Other
J0042-DR-XL,J0042,"Western Dress",XL,5,"Western Dress",1,1,0.08,13.0,"5. Over 13 weeks",Other
J0042-DR-XS,J0042,"Western Dress",XS,1,"Western Dress",4,1,0.08,52.0,"5. Over 13 weeks",Other
J0043-SET-S,J0043,Set,S,2,Set,2,1,0.08,26.0,"5. Over 13 weeks",Other
J0043-SET-XL,J0043,Set,XL,5,Set,2,2,0.15,13.0,"5. Over 13 weeks",Other
J0043-SET-XS,J0043,Set,XS,1,Set,4,4,0.31,13.0,"5. Over 13 weeks",Other
J0044-TP-S,J0044,Top,S,2,Top,3,4,0.31,9.8,"4. 4-13 weeks",Other
J0044-TP-XS,J0044,Top,XS,1,Top,2,1,0.08,26.0,"5. Over 13 weeks",Other
J0047-TP-XL,J0047,Top,XL,5,Top,2,2,0.15,13.0,"5. Over 13 weeks",Other
J0048-TP-S,J0048,Top,S,2,Top,6,4,0.31,19.5,"5. Over 13 weeks",Other
J0048-TP-XL,J0048,Top,XL,5,Top,1,2,0.15,6.5,"4. 4-13 weeks",Other
J0048-TP-XS,J0048,Top,XS,1,Top,5,3,0.23,21.7,"5. Over 13 weeks",Other
J0048-TP-XXL,J0048,Top,XXL,6,Top,3,7,0.54,5.6,"4. 4-13 weeks",Other
J0049-TP-L,J0049,Top,L,4,Top,2,2,0.15,13.0,"5. Over 13 weeks",Other
J0049-TP-M,J0049,Top,M,3,Top,4,2,0.15,26.0,"5. Over 13 weeks",Other
J0049-TP-S,J0049,Top,S,2,Top,4,1,0.08,52.0,"5. Over 13 weeks",Other
J0049-TP-XL,J0049,Top,XL,5,Top,4,2,0.15,26.0,"5. Over 13 weeks",Other
J0049-TP-XS,J0049,Top,XS,1,Top,8,1,0.08,104.0,"5. Over 13 weeks",Other
J0049-TP-XXL,J0049,Top,XXL,6,Top,2,5,0.38,5.2,"4. 4-13 weeks",Other
J0049-TP-XXXL,J0049,Top,3XL,7,Top,2,3,0.23,8.7,"4. 4-13 weeks",Other
J0051-KR-S,J0051,Kurta,S,2,Kurta,,3,0.23,,"No stock record",Other
J0052-KR-XS,J0052,Kurta,XS,1,Kurta,,1,0.08,,"No stock record",Other
J0053-KR-XS,J0053,Kurta,XS,1,Kurta,,1,0.08,,"No stock record",Other
J0055-SET-XS,J0055,Set,XS,1,Set,,4,0.31,,"No stock record",Other
J0057-DR-S,J0057,"Ethnic Dress",S,2,Other,4,1,0.08,52.0,"5. Over 13 weeks",Other
J0057-DR-XS,J0057,"Ethnic Dress",XS,1,Other,18,7,0.54,33.4,"5. Over 13 weeks",Other
J0057-DR-XXXL,J0057,"Ethnic Dress",3XL,7,Other,2,,,,"No paid units",Other
J0058-DR-XS,J0058,"Ethnic Dress",XS,1,Other,0,1,0.08,0.0,"1. Out of stock",Other
J0062-DR-L,J0062,"Western Dress",L,4,"Western Dress",2,1,0.08,26.0,"5. Over 13 weeks",Other
J0062-DR-M,J0062,"Western Dress",M,3,"Western Dress",4,,,,"No paid units",Other
J0062-DR-S,J0062,"Western Dress",S,2,"Western Dress",1,2,0.15,6.5,"4. 4-13 weeks",Other
J0062-DR-XS,J0062,"Western Dress",XS,1,"Western Dress",6,3,0.23,26.0,"5. Over 13 weeks",Other
J0062-DR-XXL,J0062,"Western Dress",XXL,6,"Western Dress",4,3,0.23,17.3,"5. Over 13 weeks",Other
J0070-KR-M,J0070,Kurta,M,3,Kurta,1,2,0.15,6.5,"4. 4-13 weeks",Other
J0070-KR-S,J0070,Kurta,S,2,Kurta,0,1,0.08,0.0,"1. Out of stock",Other
J0070-KR-XS,J0070,Kurta,XS,1,Kurta,2,1,0.08,26.0,"5. Over 13 weeks",Other
J0070-KR-XXL,J0070,Kurta,XXL,6,Kurta,1,1,0.08,13.0,"5. Over 13 weeks",Other
J0072-KR-L,J0072,Kurta,L,4,Kurta,,1,0.08,,"No stock record",Other
J0072-KR-M,J0072,Kurta,M,3,Kurta,,2,0.15,,"No stock record",Other
J0072-KR-S,J0072,Kurta,S,2,Kurta,1,3,0.23,4.3,"4. 4-13 weeks",Other
J0072-KR-XL,J0072,Kurta,XL,5,Kurta,1,5,0.38,2.6,"3. 2-4 weeks",Other
J0072-KR-XS,J0072,Kurta,XS,1,Kurta,0,1,0.08,0.0,"1. Out of stock",Other
J0072-KR-XXL,J0072,Kurta,XXL,6,Kurta,1,1,0.08,13.0,"5. Over 13 weeks",Other
J0072-KR-XXXL,J0072,Kurta,3XL,7,Kurta,2,1,0.08,26.0,"5. Over 13 weeks",Other
J0073-KR-L,J0073,Kurta,L,4,Kurta,3,1,0.08,39.0,"5. Over 13 weeks",Other
J0073-KR-M,J0073,Kurta,M,3,Kurta,1,3,0.23,4.3,"4. 4-13 weeks",Other
J0073-KR-S,J0073,Kurta,S,2,Kurta,2,,,,"No paid units",Other
J0073-KR-XL,J0073,Kurta,XL,5,Kurta,0,3,0.23,0.0,"1. Out of stock",Other
J0073-KR-XXL,J0073,Kurta,XXL,6,Kurta,2,2,0.15,13.0,"5. Over 13 weeks",Other
J0073-KR-XXXL,J0073,Kurta,3XL,7,Kurta,4,5,0.38,10.4,"4. 4-13 weeks",Other
J0074-TP-L,J0074,Top,L,4,Top,1,1,0.08,13.0,"5. Over 13 weeks",Other
J0074-TP-S,J0074,Top,S,2,Top,0,1,0.08,0.0,"1. Out of stock",Other
J0074-TP-XL,J0074,Top,XL,5,Top,0,2,0.15,0.0,"1. Out of stock",Other
J0074-TP-XS,J0074,Top,XS,1,Top,,1,0.08,,"No stock record",Other
J0074-TP-XXL,J0074,Top,XXL,6,Top,0,2,0.15,0.0,"1. Out of stock",Other
J0075-KR-M,J0075,Kurta,M,3,Kurta,1,1,0.08,13.0,"5. Over 13 weeks",Other
J0075-KR-S,J0075,Kurta,S,2,Kurta,1,1,0.08,13.0,"5. Over 13 weeks",Other
J0075-KR-XS,J0075,Kurta,XS,1,Kurta,0,2,0.15,0.0,"1. Out of stock",Other
J0076-SET-S,J0076,Set,S,2,Set,1,1,0.08,13.0,"5. Over 13 weeks",Other
J0077-SKD-L,J0077,Set,L,4,Set,3,2,0.15,19.5,"5. Over 13 weeks",Other
J0077-SKD-M,J0077,Set,M,3,Set,2,4,0.31,6.5,"4. 4-13 weeks",Other
J0077-SKD-S,J0077,Set,S,2,Set,7,11,0.85,8.3,"4. 4-13 weeks",Other
J0077-SKD-XL,J0077,Set,XL,5,Set,2,1,0.08,26.0,"5. Over 13 weeks",Other
J0077-SKD-XS,J0077,Set,XS,1,Set,8,9,0.69,11.6,"4. 4-13 weeks",Other
J0077-SKD-XXL,J0077,Set,XXL,6,Set,2,3,0.23,8.7,"4. 4-13 weeks",Other
J0077-SKD-XXXL,J0077,Set,3XL,7,Set,2,3,0.23,8.7,"4. 4-13 weeks",Other
J0078-SET-L,J0078,Set,L,4,Set,0,1,0.08,0.0,"1. Out of stock",Other
J0078-SET-M,J0078,Set,M,3,Set,3,2,0.15,19.5,"5. Over 13 weeks",Other
J0078-SET-S,J0078,Set,S,2,Set,21,5,0.38,54.6,"5. Over 13 weeks",Other
J0078-SET-XL,J0078,Set,XL,5,Set,5,1,0.08,65.0,"5. Over 13 weeks",Other
J0078-SET-XXL,J0078,Set,XXL,6,Set,30,2,0.15,195.0,"5. Over 13 weeks",Other
J0078-SET-XXXL,J0078,Set,3XL,7,Set,6,1,0.08,78.0,"5. Over 13 weeks",Other
J0079-SKD-L,J0079,Set,L,4,Set,21,1,0.08,273.0,"5. Over 13 weeks",Other
J0079-SKD-S,J0079,Set,S,2,Set,49,2,0.15,318.5,"5. Over 13 weeks",Other
J0079-SKD-XL,J0079,Set,XL,5,Set,45,1,0.08,585.0,"5. Over 13 weeks",Other
J0079-SKD-XXXL,J0079,Set,3XL,7,Set,37,3,0.23,160.3,"5. Over 13 weeks",Other
J0080-TP-L,J0080,Top,L,4,Top,0,,,,"No paid units",Other
J0080-TP-S,J0080,Top,S,2,Top,2,7,0.54,3.7,"3. 2-4 weeks",Other
J0080-TP-XS,J0080,Top,XS,1,Top,2,20,1.54,1.3,"2. Under 2 weeks",Other
J0080-TP-XXL,J0080,Top,XXL,6,Top,0,1,0.08,0.0,"1. Out of stock",Other
J0081-DR-L,J0081,"Western Dress",L,4,"Western Dress",10,4,0.31,32.5,"5. Over 13 weeks",Other
J0081-DR-M,J0081,"Western Dress",M,3,"Western Dress",8,8,0.62,13.0,"5. Over 13 weeks",Other
J0081-DR-S,J0081,"Western Dress",S,2,"Western Dress",14,4,0.31,45.5,"5. Over 13 weeks",Other
J0081-DR-XL,J0081,"Western Dress",XL,5,"Western Dress",4,8,0.62,6.5,"4. 4-13 weeks",Other
J0081-DR-XS,J0081,"Western Dress",XS,1,"Western Dress",24,2,0.15,156.0,"5. Over 13 weeks",Other
J0081-DR-XXL,J0081,"Western Dress",XXL,6,"Western Dress",3,7,0.54,5.6,"4. 4-13 weeks",Other
J0081-DR-XXXL,J0081,"Western Dress",3XL,7,"Western Dress",4,3,0.23,17.3,"5. Over 13 weeks",Other
J0082-TP-L,J0082,Top,L,4,Top,3,2,0.15,19.5,"5. Over 13 weeks",Other
J0082-TP-S,J0082,Top,S,2,Top,8,3,0.23,34.7,"5. Over 13 weeks",Other
J0082-TP-XL,J0082,Top,XL,5,Top,2,8,0.62,3.3,"3. 2-4 weeks",Other
J0082-TP-XS,J0082,Top,XS,1,Top,4,1,0.08,52.0,"5. Over 13 weeks",Other
J0082-TP-XXL,J0082,Top,XXL,6,Top,5,3,0.23,21.7,"5. Over 13 weeks",Other
J0083-KR-L,J0083,Kurta,L,4,Kurta,18,13,1.0,18.0,"5. Over 13 weeks",Other
J0083-KR-M,J0083,Kurta,M,3,Kurta,50,14,1.08,46.4,"5. Over 13 weeks",Other
J0083-KR-S,J0083,Kurta,S,2,Kurta,59,6,0.46,127.8,"5. Over 13 weeks",Other
J0083-KR-XL,J0083,Kurta,XL,5,Kurta,30,12,0.92,32.5,"5. Over 13 weeks",Other
J0083-KR-XS,J0083,Kurta,XS,1,Kurta,88,1,0.08,1144.0,"5. Over 13 weeks",Other
J0083-KR-XXL,J0083,Kurta,XXL,6,Kurta,41,6,0.46,88.8,"5. Over 13 weeks",Other
J0083-KR-XXXL,J0083,Kurta,3XL,7,Kurta,61,8,0.62,99.1,"5. Over 13 weeks",Other
J0084-TP-M,J0084,Top,M,3,Top,,1,0.08,,"No stock record",Other
J0084-TP-S,J0084,Top,S,2,Top,0,1,0.08,0.0,"1. Out of stock",Other
J0084-TP-XS,J0084,Top,XS,1,Top,2,2,0.15,13.0,"5. Over 13 weeks",Other
J0085-TP-L,J0085,Top,L,4,Top,3,1,0.08,39.0,"5. Over 13 weeks",Other
J0085-TP-M,J0085,Top,M,3,Top,6,3,0.23,26.0,"5. Over 13 weeks",Other
J0085-TP-S,J0085,Top,S,2,Top,8,7,0.54,14.9,"5. Over 13 weeks",Other
J0085-TP-XL,J0085,Top,XL,5,Top,5,9,0.69,7.2,"4. 4-13 weeks",Other
J0085-TP-XS,J0085,Top,XS,1,Top,5,2,0.15,32.5,"5. Over 13 weeks",Other
J0085-TP-XXL,J0085,Top,XXL,6,Top,11,2,0.15,71.5,"5. Over 13 weeks",Other
J0085-TP-XXXL,J0085,Top,3XL,7,Top,4,3,0.23,17.3,"5. Over 13 weeks",Other
J0086-DR-XL,J0086,"Ethnic Dress",XL,5,Other,1,,,,"No paid units",Other
J0086-DR-XS,J0086,"Ethnic Dress",XS,1,Other,0,2,0.15,0.0,"1. Out of stock",Other
J0086-DR-XXXL,J0086,"Ethnic Dress",3XL,7,Other,1,3,0.23,4.3,"4. 4-13 weeks",Other
J0087-TP-L,J0087,Top,L,4,Top,21,3,0.23,91.0,"5. Over 13 weeks",Other
J0087-TP-M,J0087,Top,M,3,Top,14,5,0.38,36.4,"5. Over 13 weeks",Other
J0087-TP-S,J0087,Top,S,2,Top,28,2,0.15,182.0,"5. Over 13 weeks",Other
J0087-TP-XL,J0087,Top,XL,5,Top,21,1,0.08,273.0,"5. Over 13 weeks",Other
J0087-TP-XS,J0087,Top,XS,1,Top,45,2,0.15,292.5,"5. Over 13 weeks",Other
J0087-TP-XXL,J0087,Top,XXL,6,Top,21,3,0.23,91.0,"5. Over 13 weeks",Other
J0087-TP-XXXL,J0087,Top,3XL,7,Top,29,2,0.15,188.5,"5. Over 13 weeks",Other
J0088-TP-L,J0088,Top,L,4,Top,8,4,0.31,26.0,"5. Over 13 weeks",Other
J0088-TP-M,J0088,Top,M,3,Top,3,10,0.77,3.9,"3. 2-4 weeks",Other
J0088-TP-S,J0088,Top,S,2,Top,6,6,0.46,13.0,"5. Over 13 weeks",Other
J0088-TP-XL,J0088,Top,XL,5,Top,5,13,1.0,5.0,"4. 4-13 weeks",Other
J0088-TP-XS,J0088,Top,XS,1,Top,6,5,0.38,15.6,"5. Over 13 weeks",Other
J0088-TP-XXL,J0088,Top,XXL,6,Top,5,8,0.62,8.1,"4. 4-13 weeks",Other
J0088-TP-XXXL,J0088,Top,3XL,7,Top,2,8,0.62,3.3,"3. 2-4 weeks",Other
J0089-TP-L,J0089,Top,L,4,Top,2,1,0.08,26.0,"5. Over 13 weeks",Other
J0089-TP-M,J0089,Top,M,3,Top,3,2,0.15,19.5,"5. Over 13 weeks",Other
J0089-TP-S,J0089,Top,S,2,Top,5,3,0.23,21.7,"5. Over 13 weeks",Other
J0089-TP-XL,J0089,Top,XL,5,Top,4,5,0.38,10.4,"4. 4-13 weeks",Other
J0089-TP-XS,J0089,Top,XS,1,Top,5,3,0.23,21.7,"5. Over 13 weeks",Other
J0089-TP-XXL,J0089,Top,XXL,6,Top,4,9,0.69,5.8,"4. 4-13 weeks",Other
J0089-TP-XXXL,J0089,Top,3XL,7,Top,6,6,0.46,13.0,"5. Over 13 weeks",Other
J0090-TP-L,J0090,Top,L,4,Top,7,9,0.69,10.1,"4. 4-13 weeks",Other
J0090-TP-M,J0090,Top,M,3,Top,1,5,0.38,2.6,"3. 2-4 weeks",Other
J0090-TP-S,J0090,Top,S,2,Top,4,10,0.77,5.2,"4. 4-13 weeks",Other
J0090-TP-XL,J0090,Top,XL,5,Top,11,5,0.38,28.6,"5. Over 13 weeks",Other
J0090-TP-XS,J0090,Top,XS,1,Top,8,3,0.23,34.7,"5. Over 13 weeks",Other
J0090-TP-XXL,J0090,Top,XXL,6,Top,24,2,0.15,156.0,"5. Over 13 weeks",Other
J0090-TP-XXXL,J0090,Top,3XL,7,Top,15,8,0.62,24.4,"5. Over 13 weeks",Other
J0091-TP-L,J0091,Top,L,4,Top,3,2,0.15,19.5,"5. Over 13 weeks",Other
J0091-TP-M,J0091,Top,M,3,Top,2,5,0.38,5.2,"4. 4-13 weeks",Other
J0091-TP-S,J0091,Top,S,2,Top,2,1,0.08,26.0,"5. Over 13 weeks",Other
J0091-TP-XL,J0091,Top,XL,5,Top,17,11,0.85,20.1,"5. Over 13 weeks",Other
J0091-TP-XS,J0091,Top,XS,1,Top,3,1,0.08,39.0,"5. Over 13 weeks",Other
J0091-TP-XXL,J0091,Top,XXL,6,Top,43,6,0.46,93.2,"5. Over 13 weeks",Other
J0091-TP-XXXL,J0091,Top,3XL,7,Top,24,9,0.69,34.7,"5. Over 13 weeks",Other
J0092-SET-L,J0092,Set,L,4,Set,5,17,1.31,3.8,"3. 2-4 weeks",Other
J0092-SET-M,J0092,Set,M,3,Set,1,10,0.77,1.3,"2. Under 2 weeks",Other
J0092-SET-S,J0092,Set,S,2,Set,0,2,0.15,0.0,"1. Out of stock",Other
J0092-SET-XL,J0092,Set,XL,5,Set,2,21,1.62,1.2,"2. Under 2 weeks",Other
J0092-SET-XS,J0092,Set,XS,1,Set,1,6,0.46,2.2,"3. 2-4 weeks",Other
J0092-SET-XXL,J0092,Set,XXL,6,Set,4,12,0.92,4.3,"4. 4-13 weeks",Other
J0092-SET-XXXL,J0092,Set,3XL,7,Set,2,14,1.08,1.9,"2. Under 2 weeks",Other
J0093-DR-L,J0093,"Ethnic Dress",L,4,Other,0,3,0.23,0.0,"1. Out of stock",Other
J0093-DR-M,J0093,"Ethnic Dress",M,3,Other,0,1,0.08,0.0,"1. Out of stock",Other
J0093-DR-S,J0093,"Ethnic Dress",S,2,Other,0,3,0.23,0.0,"1. Out of stock",Other
J0093-DR-XS,J0093,"Ethnic Dress",XS,1,Other,2,4,0.31,6.5,"4. 4-13 weeks",Other
J0093-DR-XXL,J0093,"Ethnic Dress",XXL,6,Other,0,3,0.23,0.0,"1. Out of stock",Other
J0094-KR-L,J0094,Kurta,L,4,Kurta,4,10,0.77,5.2,"4. 4-13 weeks",Other
J0094-KR-M,J0094,Kurta,M,3,Kurta,6,25,1.92,3.1,"3. 2-4 weeks",Other
J0094-KR-S,J0094,Kurta,S,2,Kurta,12,9,0.69,17.3,"5. Over 13 weeks",Other
J0094-KR-XL,J0094,Kurta,XL,5,Kurta,2,19,1.46,1.4,"2. Under 2 weeks",Other
J0094-KR-XS,J0094,Kurta,XS,1,Kurta,11,5,0.38,28.6,"5. Over 13 weeks",Other
J0094-KR-XXL,J0094,Kurta,XXL,6,Kurta,2,13,1.0,2.0,"3. 2-4 weeks",Other
J0094-KR-XXXL,J0094,Kurta,3XL,7,Kurta,1,4,0.31,3.3,"3. 2-4 weeks",Other
J0095-SET-L,J0095,Set,L,4,Set,1,74,5.69,0.2,"2. Under 2 weeks","Best-seller (top 10%)"
J0095-SET-M,J0095,Set,M,3,Set,9,50,3.85,2.3,"3. 2-4 weeks","Best-seller (top 10%)"
J0095-SET-S,J0095,Set,S,2,Set,20,26,2.0,10.0,"4. 4-13 weeks",Other
J0095-SET-XL,J0095,Set,XL,5,Set,2,56,4.31,0.5,"2. Under 2 weeks","Best-seller (top 10%)"
J0095-SET-XS,J0095,Set,XS,1,Set,55,15,1.15,47.7,"5. Over 13 weeks",Other
J0095-SET-XXL,J0095,Set,XXL,6,Set,0,74,5.69,0.0,"1. Out of stock","Best-seller (top 10%)"
J0095-SET-XXXL,J0095,Set,3XL,7,Set,1,67,5.15,0.2,"2. Under 2 weeks","Best-seller (top 10%)"
J0096-KR-L,J0096,Kurta,L,4,Kurta,106,31,2.38,44.5,"5. Over 13 weeks",Other
J0096-KR-M,J0096,Kurta,M,3,Kurta,75,28,2.15,34.8,"5. Over 13 weeks",Other
J0096-KR-S,J0096,Kurta,S,2,Kurta,145,8,0.62,235.6,"5. Over 13 weeks",Other
J0096-KR-XL,J0096,Kurta,XL,5,Kurta,27,47,3.62,7.5,"4. 4-13 weeks","Best-seller (top 10%)"
J0096-KR-XS,J0096,Kurta,XS,1,Kurta,47,8,0.62,76.4,"5. Over 13 weeks",Other
J0096-KR-XXL,J0096,Kurta,XXL,6,Kurta,90,44,3.38,26.6,"5. Over 13 weeks","Best-seller (top 10%)"
J0096-KR-XXXL,J0096,Kurta,3XL,7,Kurta,88,11,0.85,104.0,"5. Over 13 weeks",Other
J0097-KR-L,J0097,Kurta,L,4,Kurta,7,52,4.0,1.8,"2. Under 2 weeks","Best-seller (top 10%)"
J0097-KR-M,J0097,Kurta,M,3,Kurta,4,72,5.54,0.7,"2. Under 2 weeks","Best-seller (top 10%)"
J0097-KR-S,J0097,Kurta,S,2,Kurta,10,52,4.0,2.5,"3. 2-4 weeks","Best-seller (top 10%)"
J0097-KR-XL,J0097,Kurta,XL,5,Kurta,2,17,1.31,1.5,"2. Under 2 weeks",Other
J0097-KR-XS,J0097,Kurta,XS,1,Kurta,20,21,1.62,12.4,"4. 4-13 weeks",Other
J0097-KR-XXL,J0097,Kurta,XXL,6,Kurta,5,30,2.31,2.2,"3. 2-4 weeks",Other
J0097-KR-XXXL,J0097,Kurta,3XL,7,Kurta,4,30,2.31,1.7,"2. Under 2 weeks",Other
J0098-TP-L,J0098,Top,L,4,Top,1,2,0.15,6.5,"4. 4-13 weeks",Other
J0098-TP-M,J0098,Top,M,3,Top,4,9,0.69,5.8,"4. 4-13 weeks",Other
J0098-TP-S,J0098,Top,S,2,Top,1,2,0.15,6.5,"4. 4-13 weeks",Other
J0098-TP-XS,J0098,Top,XS,1,Top,7,5,0.38,18.2,"5. Over 13 weeks",Other
J0098-TP-XXL,J0098,Top,XXL,6,Top,5,8,0.62,8.1,"4. 4-13 weeks",Other
J0098-TP-XXXL,J0098,Top,3XL,7,Top,3,4,0.31,9.8,"4. 4-13 weeks",Other
J0100-DR-S,J0100,"Western Dress",S,2,"Western Dress",58,1,0.08,754.0,"5. Over 13 weeks",Other
J0100-DR-XS,J0100,"Western Dress",XS,1,"Western Dress",50,1,0.08,650.0,"5. Over 13 weeks",Other
J0100-DR-XXL,J0100,"Western Dress",XXL,6,"Western Dress",51,1,0.08,663.0,"5. Over 13 weeks",Other
J0100-DR-XXXL,J0100,"Western Dress",3XL,7,"Western Dress",42,2,0.15,273.0,"5. Over 13 weeks",Other
J0101-DR-A-M,J0101,"Ethnic Dress",M,3,Other,,1,0.08,,"No stock record",Other
J0101-DR-A-XL,J0101,"Ethnic Dress",XL,5,Other,,1,0.08,,"No stock record",Other
J0101-DR-A-XXXL,J0101,"Ethnic Dress",3XL,7,Other,,2,0.15,,"No stock record",Other
J0101-DR-L,J0101,"Ethnic Dress",L,4,Other,1,3,0.23,4.3,"4. 4-13 weeks",Other
J0101-DR-S,J0101,"Ethnic Dress",S,2,Other,8,2,0.15,52.0,"5. Over 13 weeks",Other
J0101-DR-XS,J0101,"Ethnic Dress",XS,1,Other,32,2,0.15,208.0,"5. Over 13 weeks",Other
J0101-DR-XXL,J0101,"Ethnic Dress",XXL,6,Other,9,5,0.38,23.4,"5. Over 13 weeks",Other
J0102-SKD-L,J0102,Set,L,4,Set,35,,,,"No paid units",Other
J0102-SKD-M,J0102,Set,M,3,Set,58,3,0.23,251.3,"5. Over 13 weeks",Other
J0102-SKD-S,J0102,Set,S,2,Set,39,3,0.23,169.0,"5. Over 13 weeks",Other
J0102-SKD-XL,J0102,Set,XL,5,Set,40,4,0.31,130.0,"5. Over 13 weeks",Other
J0102-SKD-XS,J0102,Set,XS,1,Set,19,1,0.08,247.0,"5. Over 13 weeks",Other
J0102-SKD-XXL,J0102,Set,XXL,6,Set,8,2,0.15,52.0,"5. Over 13 weeks",Other
J0102-SKD-XXXL,J0102,Set,3XL,7,Set,36,1,0.08,468.0,"5. Over 13 weeks",Other
J0103-SKD-A-M,J0103,Set,M,3,Set,,2,0.15,,"No stock record",Other
J0103-SKD-L,J0103,Set,L,4,Set,33,9,0.69,47.7,"5. Over 13 weeks",Other
J0103-SKD-S,J0103,Set,S,2,Set,50,7,0.54,92.9,"5. Over 13 weeks",Other
J0103-SKD-XL,J0103,Set,XL,5,Set,43,6,0.46,93.2,"5. Over 13 weeks",Other
J0103-SKD-XS,J0103,Set,XS,1,Set,61,6,0.46,132.2,"5. Over 13 weeks",Other
J0103-SKD-XXL,J0103,Set,XXL,6,Set,44,2,0.15,286.0,"5. Over 13 weeks",Other
J0103-SKD-XXXL,J0103,Set,3XL,7,Set,27,11,0.85,31.9,"5. Over 13 weeks",Other
J0104-KR-M,J0104,Kurta,M,3,Kurta,0,11,0.85,0.0,"1. Out of stock",Other
J0104-KR-S,J0104,Kurta,S,2,Kurta,1,7,0.54,1.9,"2. Under 2 weeks",Other
J0104-KR-XL,J0104,Kurta,XL,5,Kurta,1,2,0.15,6.5,"4. 4-13 weeks",Other
J0104-KR-XS,J0104,Kurta,XS,1,Kurta,3,11,0.85,3.5,"3. 2-4 weeks",Other
J0104-KR-XXL,J0104,Kurta,XXL,6,Kurta,3,8,0.62,4.9,"4. 4-13 weeks",Other
J0105-KR-L,J0105,"Western Dress",L,4,"Western Dress",3,4,0.31,9.8,"4. 4-13 weeks",Other
J0105-KR-M,J0105,"Western Dress",M,3,"Western Dress",3,9,0.69,4.3,"4. 4-13 weeks",Other
J0105-KR-S,J0105,"Western Dress",S,2,"Western Dress",7,1,0.08,91.0,"5. Over 13 weeks",Other
J0105-KR-XL,J0105,"Western Dress",XL,5,"Western Dress",4,12,0.92,4.3,"4. 4-13 weeks",Other
J0105-KR-XS,J0105,"Western Dress",XS,1,"Western Dress",6,3,0.23,26.0,"5. Over 13 weeks",Other
J0105-KR-XXL,J0105,"Western Dress",XXL,6,"Western Dress",5,5,0.38,13.0,"5. Over 13 weeks",Other
J0105-KR-XXXL,J0105,"Western Dress",3XL,7,"Western Dress",4,5,0.38,10.4,"4. 4-13 weeks",Other
J0106-KR-L,J0106,"Western Dress",L,4,"Western Dress",4,5,0.38,10.4,"4. 4-13 weeks",Other
J0106-KR-M,J0106,"Western Dress",M,3,"Western Dress",4,11,0.85,4.7,"4. 4-13 weeks",Other
J0106-KR-S,J0106,"Western Dress",S,2,"Western Dress",2,9,0.69,2.9,"3. 2-4 weeks",Other
J0106-KR-XL,J0106,"Western Dress",XL,5,"Western Dress",1,10,0.77,1.3,"2. Under 2 weeks",Other
J0106-KR-XS,J0106,"Western Dress",XS,1,"Western Dress",15,3,0.23,65.0,"5. Over 13 weeks",Other
J0106-KR-XXL,J0106,"Western Dress",XXL,6,"Western Dress",7,8,0.62,11.4,"4. 4-13 weeks",Other
J0106-KR-XXXL,J0106,"Western Dress",3XL,7,"Western Dress",3,14,1.08,2.8,"3. 2-4 weeks",Other
J0108-SKD-L,J0108,Set,L,4,Set,4,12,0.92,4.3,"4. 4-13 weeks",Other
J0108-SKD-M,J0108,Set,M,3,Set,4,21,1.62,2.5,"3. 2-4 weeks",Other
J0108-SKD-S,J0108,Set,S,2,Set,2,4,0.31,6.5,"4. 4-13 weeks",Other
J0108-SKD-XL,J0108,Set,XL,5,Set,2,12,0.92,2.2,"3. 2-4 weeks",Other
J0108-SKD-XS,J0108,Set,XS,1,Set,4,5,0.38,10.4,"4. 4-13 weeks",Other
J0108-SKD-XXL,J0108,Set,XXL,6,Set,3,7,0.54,5.6,"4. 4-13 weeks",Other
J0108-SKD-XXXL,J0108,Set,3XL,7,Set,4,13,1.0,4.0,"4. 4-13 weeks",Other
J0109-SKD-L,J0109,Set,L,4,Set,5,6,0.46,10.8,"4. 4-13 weeks",Other
J0109-SKD-M,J0109,Set,M,3,Set,6,1,0.08,78.0,"5. Over 13 weeks",Other
J0109-SKD-S,J0109,Set,S,2,Set,26,1,0.08,338.0,"5. Over 13 weeks",Other
J0109-SKD-XL,J0109,Set,XL,5,Set,2,7,0.54,3.7,"3. 2-4 weeks",Other
J0109-SKD-XS,J0109,Set,XS,1,Set,125,,,,"No paid units",Other
J0109-SKD-XXL,J0109,Set,XXL,6,Set,6,5,0.38,15.6,"5. Over 13 weeks",Other
J0109-SKD-XXXL,J0109,Set,3XL,7,Set,6,3,0.23,26.0,"5. Over 13 weeks",Other
J0110-SKD-L,J0110,Set,L,4,Set,1,1,0.08,13.0,"5. Over 13 weeks",Other
J0110-SKD-M,J0110,Set,M,3,Set,2,2,0.15,13.0,"5. Over 13 weeks",Other
J0110-SKD-S,J0110,Set,S,2,Set,22,1,0.08,286.0,"5. Over 13 weeks",Other
J0110-SKD-XL,J0110,Set,XL,5,Set,2,2,0.15,13.0,"5. Over 13 weeks",Other
J0110-SKD-XXL,J0110,Set,XXL,6,Set,2,1,0.08,26.0,"5. Over 13 weeks",Other
J0111-TP-L,J0111,Top,L,4,Top,1,6,0.46,2.2,"3. 2-4 weeks",Other
J0111-TP-M,J0111,Top,M,3,Top,3,1,0.08,39.0,"5. Over 13 weeks",Other
J0111-TP-S,J0111,Top,S,2,Top,4,4,0.31,13.0,"5. Over 13 weeks",Other
J0111-TP-XL,J0111,Top,XL,5,Top,7,16,1.23,5.7,"4. 4-13 weeks",Other
J0111-TP-XS,J0111,Top,XS,1,Top,2,5,0.38,5.2,"4. 4-13 weeks",Other
J0111-TP-XXL,J0111,Top,XXL,6,Top,5,23,1.77,2.8,"3. 2-4 weeks",Other
J0111-TP-XXXL,J0111,Top,3XL,7,Top,4,25,1.92,2.1,"3. 2-4 weeks",Other
J0112-TP-L,J0112,Top,L,4,Top,4,10,0.77,5.2,"4. 4-13 weeks",Other
J0112-TP-M,J0112,Top,M,3,Top,4,5,0.38,10.4,"4. 4-13 weeks",Other
J0112-TP-S,J0112,Top,S,2,Top,3,2,0.15,19.5,"5. Over 13 weeks",Other
J0112-TP-XL,J0112,Top,XL,5,Top,1,11,0.85,1.2,"2. Under 2 weeks",Other
J0112-TP-XS,J0112,Top,XS,1,Top,5,5,0.38,13.0,"5. Over 13 weeks",Other
J0112-TP-XXL,J0112,Top,XXL,6,Top,1,6,0.46,2.2,"3. 2-4 weeks",Other
J0112-TP-XXXL,J0112,Top,3XL,7,Top,5,4,0.31,16.3,"5. Over 13 weeks",Other
J0113-TP-L,J0113,Top,L,4,Top,109,13,1.0,109.0,"5. Over 13 weeks",Other
J0113-TP-M,J0113,Top,M,3,Top,79,48,3.69,21.4,"5. Over 13 weeks","Best-seller (top 10%)"
J0113-TP-S,J0113,Top,S,2,Top,82,23,1.77,46.3,"5. Over 13 weeks",Other
J0113-TP-XL,J0113,Top,XL,5,Top,68,33,2.54,26.8,"5. Over 13 weeks",Other
J0113-TP-XS,J0113,Top,XS,1,Top,54,19,1.46,36.9,"5. Over 13 weeks",Other
J0113-TP-XXL,J0113,Top,XXL,6,Top,29,32,2.46,11.8,"4. 4-13 weeks",Other
J0113-TP-XXXL,J0113,Top,3XL,7,Top,22,22,1.69,13.0,"5. Over 13 weeks",Other
J0114-TP-M,J0114,Top,M,3,Top,2,7,0.54,3.7,"3. 2-4 weeks",Other
J0114-TP-S,J0114,Top,S,2,Top,23,2,0.15,149.5,"5. Over 13 weeks",Other
J0114-TP-XS,J0114,Top,XS,1,Top,38,1,0.08,494.0,"5. Over 13 weeks",Other
J0115-TP-XXL,J0115,Top,XXL,6,Top,2,1,0.08,26.0,"5. Over 13 weeks",Other
J0116-TP-M,J0116,Top,M,3,Top,2,1,0.08,26.0,"5. Over 13 weeks",Other
J0116-TP-S,J0116,Top,S,2,Top,0,4,0.31,0.0,"1. Out of stock",Other
J0116-TP-XS,J0116,Top,XS,1,Top,11,1,0.08,143.0,"5. Over 13 weeks",Other
J0116-TP-XXL,J0116,Top,XXL,6,Top,2,2,0.15,13.0,"5. Over 13 weeks",Other
J0117-TP-A-XXXL,J0117,Top,3XL,7,Top,,5,0.38,,"No stock record",Other
J0117-TP-M,J0117,Top,M,3,Top,126,85,6.54,19.3,"5. Over 13 weeks","Best-seller (top 10%)"
J0117-TP-S,J0117,Top,S,2,Top,49,33,2.54,19.3,"5. Over 13 weeks",Other
J0117-TP-XL,J0117,Top,XL,5,Top,58,84,6.46,9.0,"4. 4-13 weeks","Best-seller (top 10%)"
J0117-TP-XS,J0117,Top,XS,1,Top,39,24,1.85,21.1,"5. Over 13 weeks",Other
J0117-TP-XXL,J0117,Top,XXL,6,Top,46,87,6.69,6.9,"4. 4-13 weeks","Best-seller (top 10%)"
J0117-TP-XXXL,J0117,Top,3XL,7,Top,48,63,4.85,9.9,"4. 4-13 weeks","Best-seller (top 10%)"
J0118-TP-L,J0118,Top,L,4,Top,78,57,4.38,17.8,"5. Over 13 weeks","Best-seller (top 10%)"
J0118-TP-M,J0118,Top,M,3,Top,138,42,3.23,42.7,"5. Over 13 weeks",Other
J0118-TP-S,J0118,Top,S,2,Top,41,29,2.23,18.4,"5. Over 13 weeks",Other
J0118-TP-XL,J0118,Top,XL,5,Top,73,112,8.62,8.5,"4. 4-13 weeks","Best-seller (top 10%)"
J0118-TP-XS,J0118,Top,XS,1,Top,15,7,0.54,27.9,"5. Over 13 weeks",Other
J0118-TP-XXL,J0118,Top,XXL,6,Top,88,97,7.46,11.8,"4. 4-13 weeks","Best-seller (top 10%)"
J0118-TP-XXXL,J0118,Top,3XL,7,Top,61,111,8.54,7.1,"4. 4-13 weeks","Best-seller (top 10%)"
J0119-TP-L,J0119,Top,L,4,Top,52,115,8.85,5.9,"4. 4-13 weeks","Best-seller (top 10%)"
J0119-TP-M,J0119,Top,M,3,Top,102,97,7.46,13.7,"5. Over 13 weeks","Best-seller (top 10%)"
J0119-TP-S,J0119,Top,S,2,Top,60,30,2.31,26.0,"5. Over 13 weeks",Other
J0119-TP-XL,J0119,Top,XL,5,Top,162,156,12.0,13.5,"5. Over 13 weeks","Best-seller (top 10%)"
J0119-TP-XS,J0119,Top,XS,1,Top,34,15,1.15,29.5,"5. Over 13 weeks",Other
J0119-TP-XXL,J0119,Top,XXL,6,Top,95,143,11.0,8.6,"4. 4-13 weeks","Best-seller (top 10%)"
J0119-TP-XXXL,J0119,Top,3XL,7,Top,186,159,12.23,15.2,"5. Over 13 weeks","Best-seller (top 10%)"
J0120-TP-L,J0120,Top,L,4,Top,0,1,0.08,0.0,"1. Out of stock",Other
J0120-TP-M,J0120,Top,M,3,Top,2,1,0.08,26.0,"5. Over 13 weeks",Other
J0120-TP-S,J0120,Top,S,2,Top,0,3,0.23,0.0,"1. Out of stock",Other
J0120-TP-XL,J0120,Top,XL,5,Top,1,2,0.15,6.5,"4. 4-13 weeks",Other
J0120-TP-XS,J0120,Top,XS,1,Top,1,1,0.08,13.0,"5. Over 13 weeks",Other
J0120-TP-XXL,J0120,Top,XXL,6,Top,3,1,0.08,39.0,"5. Over 13 weeks",Other
J0120-TP-XXXL,J0120,Top,3XL,7,Top,3,3,0.23,13.0,"5. Over 13 weeks",Other
J0121-TP-L,J0121,Top,L,4,Top,2,2,0.15,13.0,"5. Over 13 weeks",Other
J0121-TP-S,J0121,Top,S,2,Top,3,1,0.08,39.0,"5. Over 13 weeks",Other
J0122-TP-L,J0122,Top,L,4,Top,4,,,,"No paid units",Other
J0122-TP-M,J0122,Top,M,3,Top,3,8,0.62,4.9,"4. 4-13 weeks",Other
J0122-TP-S,J0122,Top,S,2,Top,4,15,1.15,3.5,"3. 2-4 weeks",Other
J0122-TP-XL,J0122,Top,XL,5,Top,2,12,0.92,2.2,"3. 2-4 weeks",Other
J0122-TP-XS,J0122,Top,XS,1,Top,3,2,0.15,19.5,"5. Over 13 weeks",Other
J0122-TP-XXL,J0122,Top,XXL,6,Top,4,28,2.15,1.9,"2. Under 2 weeks",Other
J0122-TP-XXXL,J0122,Top,3XL,7,Top,4,36,2.77,1.4,"2. Under 2 weeks",Other
J0123-TP-M,J0123,Top,M,3,Top,0,1,0.08,0.0,"1. Out of stock",Other
J0123-TP-XL,J0123,Top,XL,5,Top,3,4,0.31,9.8,"4. 4-13 weeks",Other
J0123-TP-XS,J0123,Top,XS,1,Top,3,2,0.15,19.5,"5. Over 13 weeks",Other
J0123-TP-XXL,J0123,Top,XXL,6,Top,2,13,1.0,2.0,"3. 2-4 weeks",Other
J0123-TP-XXXL,J0123,Top,3XL,7,Top,2,1,0.08,26.0,"5. Over 13 weeks",Other
J0124-TP-L,J0124,Top,L,4,Top,50,14,1.08,46.4,"5. Over 13 weeks",Other
J0124-TP-M,J0124,Top,M,3,Top,25,8,0.62,40.6,"5. Over 13 weeks",Other
J0124-TP-S,J0124,Top,S,2,Top,16,7,0.54,29.7,"5. Over 13 weeks",Other
J0124-TP-XL,J0124,Top,XL,5,Top,60,11,0.85,70.9,"5. Over 13 weeks",Other
J0124-TP-XS,J0124,Top,XS,1,Top,6,4,0.31,19.5,"5. Over 13 weeks",Other
J0124-TP-XXL,J0124,Top,XXL,6,Top,37,14,1.08,34.4,"5. Over 13 weeks",Other
J0124-TP-XXXL,J0124,Top,3XL,7,Top,76,12,0.92,82.3,"5. Over 13 weeks",Other
J0126-SKD-L,J0126,Set,L,4,Set,14,7,0.54,26.0,"5. Over 13 weeks",Other
J0126-SKD-M,J0126,Set,M,3,Set,10,9,0.69,14.4,"5. Over 13 weeks",Other
J0126-SKD-S,J0126,Set,S,2,Set,58,4,0.31,188.5,"5. Over 13 weeks",Other
J0126-SKD-XL,J0126,Set,XL,5,Set,4,5,0.38,10.4,"4. 4-13 weeks",Other
J0126-SKD-XS,J0126,Set,XS,1,Set,34,4,0.31,110.5,"5. Over 13 weeks",Other
J0126-SKD-XXL,J0126,Set,XXL,6,Set,13,13,1.0,13.0,"5. Over 13 weeks",Other
J0126-SKD-XXXL,J0126,Set,3XL,7,Set,3,10,0.77,3.9,"3. 2-4 weeks",Other
J0127-SKD-L,J0127,Set,L,4,Set,6,15,1.15,5.2,"4. 4-13 weeks",Other
J0127-SKD-M,J0127,Set,M,3,Set,29,1,0.08,377.0,"5. Over 13 weeks",Other
J0127-SKD-S,J0127,Set,S,2,Set,8,10,0.77,10.4,"4. 4-13 weeks",Other
J0127-SKD-XL,J0127,Set,XL,5,Set,8,11,0.85,9.5,"4. 4-13 weeks",Other
J0127-SKD-XS,J0127,Set,XS,1,Set,22,14,1.08,20.4,"5. Over 13 weeks",Other
J0127-SKD-XXL,J0127,Set,XXL,6,Set,33,6,0.46,71.5,"5. Over 13 weeks",Other
J0127-SKD-XXXL,J0127,Set,3XL,7,Set,26,4,0.31,84.5,"5. Over 13 weeks",Other
J0129-SET-S,J0129,Set,S,2,Set,0,4,0.31,0.0,"1. Out of stock",Other
J0129-SET-XS,J0129,Set,XS,1,Set,4,6,0.46,8.7,"4. 4-13 weeks",Other
J0130-SET-L,J0130,Set,L,4,Set,1,1,0.08,13.0,"5. Over 13 weeks",Other
J0130-SET-M,J0130,Set,M,3,Set,2,1,0.08,26.0,"5. Over 13 weeks",Other
J0130-SET-S,J0130,Set,S,2,Set,4,4,0.31,13.0,"5. Over 13 weeks",Other
J0130-SET-XL,J0130,Set,XL,5,Set,2,1,0.08,26.0,"5. Over 13 weeks",Other
J0130-SET-XS,J0130,Set,XS,1,Set,5,6,0.46,10.8,"4. 4-13 weeks",Other
J0130-SET-XXL,J0130,Set,XXL,6,Set,3,5,0.38,7.8,"4. 4-13 weeks",Other
J0130-SET-XXXL,J0130,Set,3XL,7,Set,3,6,0.46,6.5,"4. 4-13 weeks",Other
J0131-KR-A-M,J0131,Kurta,M,3,Kurta,,,,,"No stock record",Other
J0131-KR-L,J0131,Kurta,L,4,Kurta,3,3,0.23,13.0,"5. Over 13 weeks",Other
J0131-KR-S,J0131,Kurta,S,2,Kurta,3,3,0.23,13.0,"5. Over 13 weeks",Other
J0131-KR-XL,J0131,Kurta,XL,5,Kurta,2,2,0.15,13.0,"5. Over 13 weeks",Other
J0131-KR-XS,J0131,Kurta,XS,1,Kurta,3,6,0.46,6.5,"4. 4-13 weeks",Other
J0131-KR-XXL,J0131,Kurta,XXL,6,Kurta,4,7,0.54,7.4,"4. 4-13 weeks",Other
J0131-KR-XXXL,J0131,Kurta,3XL,7,Kurta,4,2,0.15,26.0,"5. Over 13 weeks",Other
J0132-KR-L,J0132,Kurta,L,4,Kurta,2,11,0.85,2.4,"3. 2-4 weeks",Other
J0132-KR-XL,J0132,Kurta,XL,5,Kurta,1,12,0.92,1.1,"2. Under 2 weeks",Other
J0132-KR-XS,J0132,Kurta,XS,1,Kurta,6,8,0.62,9.8,"4. 4-13 weeks",Other
J0132-KR-XXL,J0132,Kurta,XXL,6,Kurta,3,12,0.92,3.3,"3. 2-4 weeks",Other
J0132-KR-XXXL,J0132,Kurta,3XL,7,Kurta,3,22,1.69,1.8,"2. Under 2 weeks",Other
J0133-KR-A-L,J0133,Kurta,L,4,Kurta,,1,0.08,,"No stock record",Other
J0133-KR-A-M,J0133,Kurta,M,3,Kurta,,2,0.15,,"No stock record",Other
J0133-KR-A-XL,J0133,Kurta,XL,5,Kurta,,2,0.15,,"No stock record",Other
J0133-KR-XS,J0133,Kurta,XS,1,Kurta,3,2,0.15,19.5,"5. Over 13 weeks",Other
J0133-KR-XXL,J0133,Kurta,XXL,6,Kurta,2,2,0.15,13.0,"5. Over 13 weeks",Other
J0133-KR-XXXL,J0133,Kurta,3XL,7,Kurta,3,1,0.08,39.0,"5. Over 13 weeks",Other
J0134-SET-L,J0134,Set,L,4,Set,2,9,0.69,2.9,"3. 2-4 weeks",Other
J0134-SET-M,J0134,Set,M,3,Set,2,8,0.62,3.3,"3. 2-4 weeks",Other
J0134-SET-S,J0134,Set,S,2,Set,4,18,1.38,2.9,"3. 2-4 weeks",Other
J0134-SET-XL,J0134,Set,XL,5,Set,3,13,1.0,3.0,"3. 2-4 weeks",Other
J0134-SET-XS,J0134,Set,XS,1,Set,8,5,0.38,20.8,"5. Over 13 weeks",Other
J0134-SET-XXL,J0134,Set,XXL,6,Set,3,8,0.62,4.9,"4. 4-13 weeks",Other
J0134-SET-XXXL,J0134,Set,3XL,7,Set,3,4,0.31,9.8,"4. 4-13 weeks",Other
J0135-SET-L,J0135,Set,L,4,Set,4,25,1.92,2.1,"3. 2-4 weeks",Other
J0135-SET-M,J0135,Set,M,3,Set,4,27,2.08,1.9,"2. Under 2 weeks",Other
J0135-SET-S,J0135,Set,S,2,Set,2,10,0.77,2.6,"3. 2-4 weeks",Other
J0135-SET-XL,J0135,Set,XL,5,Set,4,24,1.85,2.2,"3. 2-4 weeks",Other
J0135-SET-XS,J0135,Set,XS,1,Set,2,10,0.77,2.6,"3. 2-4 weeks",Other
J0135-SET-XXL,J0135,Set,XXL,6,Set,4,6,0.46,8.7,"4. 4-13 weeks",Other
J0135-SET-XXXL,J0135,Set,3XL,7,Set,3,9,0.69,4.3,"4. 4-13 weeks",Other
J0136-KR-M,J0136,Kurta,M,3,Kurta,8,1,0.08,104.0,"5. Over 13 weeks",Other
J0136-KR-S,J0136,Kurta,S,2,Kurta,49,3,0.23,212.3,"5. Over 13 weeks",Other
J0136-KR-XL,J0136,Kurta,XL,5,Kurta,7,3,0.23,30.3,"5. Over 13 weeks",Other
J0136-KR-XS,J0136,Kurta,XS,1,Kurta,38,2,0.15,247.0,"5. Over 13 weeks",Other
J0136-KR-XXL,J0136,Kurta,XXL,6,Kurta,40,6,0.46,86.7,"5. Over 13 weeks",Other
J0136-KR-XXXL,J0136,Kurta,3XL,7,Kurta,48,7,0.54,89.1,"5. Over 13 weeks",Other
J0137-SET-L,J0137,Set,L,4,Set,3,4,0.31,9.8,"4. 4-13 weeks",Other
J0137-SET-M,J0137,Set,M,3,Set,11,2,0.15,71.5,"5. Over 13 weeks",Other
J0137-SET-S,J0137,Set,S,2,Set,24,3,0.23,104.0,"5. Over 13 weeks",Other
J0137-SET-XL,J0137,Set,XL,5,Set,5,2,0.15,32.5,"5. Over 13 weeks",Other
J0137-SET-XS,J0137,Set,XS,1,Set,38,1,0.08,494.0,"5. Over 13 weeks",Other
J0137-SET-XXL,J0137,Set,XXL,6,Set,9,5,0.38,23.4,"5. Over 13 weeks",Other
J0137-SET-XXXL,J0137,Set,3XL,7,Set,12,4,0.31,39.0,"5. Over 13 weeks",Other
J0138-KR-M,J0138,Kurta,M,3,Kurta,3,2,0.15,19.5,"5. Over 13 weeks",Other
J0138-KR-S,J0138,Kurta,S,2,Kurta,2,1,0.08,26.0,"5. Over 13 weeks",Other
J0138-KR-XS,J0138,Kurta,XS,1,Kurta,5,1,0.08,65.0,"5. Over 13 weeks",Other
J0138-KR-XXL,J0138,Kurta,XXL,6,Kurta,2,1,0.08,26.0,"5. Over 13 weeks",Other
J0139-KR-L,J0139,Kurta,L,4,Kurta,6,21,1.62,3.7,"3. 2-4 weeks",Other
J0139-KR-M,J0139,Kurta,M,3,Kurta,4,3,0.23,17.3,"5. Over 13 weeks",Other
J0139-KR-S,J0139,Kurta,S,2,Kurta,6,7,0.54,11.1,"4. 4-13 weeks",Other
J0139-KR-XL,J0139,Kurta,XL,5,Kurta,6,12,0.92,6.5,"4. 4-13 weeks",Other
J0139-KR-XS,J0139,Kurta,XS,1,Kurta,8,9,0.69,11.6,"4. 4-13 weeks",Other
J0139-KR-XXL,J0139,Kurta,XXL,6,Kurta,3,20,1.54,1.9,"2. Under 2 weeks",Other
J0139-KR-XXXL,J0139,Kurta,3XL,7,Kurta,4,21,1.62,2.5,"3. 2-4 weeks",Other
J0140-SET-L,J0140,Set,L,4,Set,2,2,0.15,13.0,"5. Over 13 weeks",Other
J0140-SET-M,J0140,Set,M,3,Set,0,2,0.15,0.0,"1. Out of stock",Other
J0140-SET-S,J0140,Set,S,2,Set,3,3,0.23,13.0,"5. Over 13 weeks",Other
J0140-SET-XL,J0140,Set,XL,5,Set,2,6,0.46,4.3,"4. 4-13 weeks",Other
J0140-SET-XXL,J0140,Set,XXL,6,Set,4,3,0.23,17.3,"5. Over 13 weeks",Other
J0140-SET-XXXL,J0140,Set,3XL,7,Set,2,1,0.08,26.0,"5. Over 13 weeks",Other
J0141-KR-XXL,J0141,Kurta,XXL,6,Kurta,1,2,0.15,6.5,"4. 4-13 weeks",Other
J0142-KR-L,J0142,Kurta,L,4,Kurta,2,4,0.31,6.5,"4. 4-13 weeks",Other
J0142-KR-M,J0142,Kurta,M,3,Kurta,7,6,0.46,15.2,"5. Over 13 weeks",Other
J0142-KR-S,J0142,Kurta,S,2,Kurta,11,4,0.31,35.8,"5. Over 13 weeks",Other
J0142-KR-XL,J0142,Kurta,XL,5,Kurta,5,4,0.31,16.3,"5. Over 13 weeks",Other
J0142-KR-XS,J0142,Kurta,XS,1,Kurta,32,1,0.08,416.0,"5. Over 13 weeks",Other
J0142-KR-XXXL,J0142,Kurta,3XL,7,Kurta,2,1,0.08,26.0,"5. Over 13 weeks",Other
J0143-SET-A-L,J0143,Set,L,4,Set,,1,0.08,,"No stock record",Other
J0143-SET-A-S,J0143,Set,S,2,Set,,5,0.38,,"No stock record",Other
J0143-SET-A-XS,J0143,Set,XS,1,Set,,2,0.15,,"No stock record",Other
J0143-SET-A-XXL,J0143,Set,XXL,6,Set,,3,0.23,,"No stock record",Other
J0143-SET-A-XXXL,J0143,Set,3XL,7,Set,,2,0.15,,"No stock record",Other
J0144-SET-S,J0144,Set,S,2,Set,1,1,0.08,13.0,"5. Over 13 weeks",Other
J0144-SET-XS,J0144,Set,XS,1,Set,4,7,0.54,7.4,"4. 4-13 weeks",Other
J0144-SET-XXL,J0144,Set,XXL,6,Set,0,5,0.38,0.0,"1. Out of stock",Other
J0145-SET-L,J0145,Set,L,4,Set,1,1,0.08,13.0,"5. Over 13 weeks",Other
J0145-SET-M,J0145,Set,M,3,Set,,3,0.23,,"No stock record",Other
J0145-SET-S,J0145,Set,S,2,Set,1,1,0.08,13.0,"5. Over 13 weeks",Other
J0145-SET-XS,J0145,Set,XS,1,Set,2,4,0.31,6.5,"4. 4-13 weeks",Other
J0145-SET-XXL,J0145,Set,XXL,6,Set,3,1,0.08,39.0,"5. Over 13 weeks",Other
J0145-SET-XXXL,J0145,Set,3XL,7,Set,1,1,0.08,13.0,"5. Over 13 weeks",Other
J0147-SET-L,J0147,Set,L,4,Set,3,1,0.08,39.0,"5. Over 13 weeks",Other
J0147-SET-M,J0147,Set,M,3,Set,3,1,0.08,39.0,"5. Over 13 weeks",Other
J0147-SET-XL,J0147,Set,XL,5,Set,13,19,1.46,8.9,"4. 4-13 weeks",Other
J0147-SET-XS,J0147,Set,XS,1,Set,2,3,0.23,8.7,"4. 4-13 weeks",Other
J0147-SET-XXL,J0147,Set,XXL,6,Set,30,7,0.54,55.7,"5. Over 13 weeks",Other
J0147-SET-XXXL,J0147,Set,3XL,7,Set,15,6,0.46,32.5,"5. Over 13 weeks",Other
J0148-SET-L,J0148,Set,L,4,Set,1,11,0.85,1.2,"2. Under 2 weeks",Other
J0148-SET-M,J0148,Set,M,3,Set,5,7,0.54,9.3,"4. 4-13 weeks",Other
J0148-SET-S,J0148,Set,S,2,Set,2,13,1.0,2.0,"3. 2-4 weeks",Other
J0148-SET-XL,J0148,Set,XL,5,Set,9,20,1.54,5.8,"4. 4-13 weeks",Other
J0148-SET-XS,J0148,Set,XS,1,Set,9,8,0.62,14.6,"5. Over 13 weeks",Other
J0148-SET-XXL,J0148,Set,XXL,6,Set,7,14,1.08,6.5,"4. 4-13 weeks",Other
J0148-SET-XXXL,J0148,Set,3XL,7,Set,21,8,0.62,34.1,"5. Over 13 weeks",Other
J0149-KR-S,J0149,Kurta,S,2,Kurta,2,2,0.15,13.0,"5. Over 13 weeks",Other
J0149-KR-XS,J0149,Kurta,XS,1,Kurta,5,2,0.15,32.5,"5. Over 13 weeks",Other
J0150-KR-L,J0150,Kurta,L,4,Kurta,2,2,0.15,13.0,"5. Over 13 weeks",Other
J0150-KR-M,J0150,Kurta,M,3,Kurta,1,4,0.31,3.3,"3. 2-4 weeks",Other
J0150-KR-S,J0150,Kurta,S,2,Kurta,7,27,2.08,3.4,"3. 2-4 weeks",Other
J0150-KR-XS,J0150,Kurta,XS,1,Kurta,17,10,0.77,22.1,"5. Over 13 weeks",Other
J0150-KR-XXL,J0150,Kurta,XXL,6,Kurta,3,13,1.0,3.0,"3. 2-4 weeks",Other
J0150-KR-XXXL,J0150,Kurta,3XL,7,Kurta,0,13,1.0,0.0,"1. Out of stock",Other
J0151-KR-A-M,J0151,Kurta,M,3,Kurta,,1,0.08,,"No stock record",Other
J0151-KR-A-XL,J0151,Kurta,XL,5,Kurta,,1,0.08,,"No stock record",Other
J0151-KR-A-XXXL,J0151,Kurta,3XL,7,Kurta,,4,0.31,,"No stock record",Other
J0151-KR-L,J0151,Kurta,L,4,Kurta,3,12,0.92,3.3,"3. 2-4 weeks",Other
J0151-KR-S,J0151,Kurta,S,2,Kurta,3,4,0.31,9.8,"4. 4-13 weeks",Other
J0151-KR-XS,J0151,Kurta,XS,1,Kurta,4,9,0.69,5.8,"4. 4-13 weeks",Other
J0151-KR-XXL,J0151,Kurta,XXL,6,Kurta,4,4,0.31,13.0,"5. Over 13 weeks",Other
J0152-DR-L,J0152,"Western Dress",L,4,"Western Dress",2,28,2.15,0.9,"2. Under 2 weeks","Best-seller (top 10%)"
J0152-DR-M,J0152,"Western Dress",M,3,"Western Dress",3,1,0.08,39.0,"5. Over 13 weeks",Other
J0152-DR-S,J0152,"Western Dress",S,2,"Western Dress",25,16,1.23,20.3,"5. Over 13 weeks",Other
J0152-DR-XL,J0152,"Western Dress",XL,5,"Western Dress",18,14,1.08,16.7,"5. Over 13 weeks",Other
J0152-DR-XS,J0152,"Western Dress",XS,1,"Western Dress",0,4,0.31,0.0,"1. Out of stock",Other
J0152-DR-XXL,J0152,"Western Dress",XXL,6,"Western Dress",2,14,1.08,1.9,"2. Under 2 weeks",Other
J0153-DR-L,J0153,"Western Dress",L,4,"Western Dress",4,6,0.46,8.7,"4. 4-13 weeks",Other
J0153-DR-M,J0153,"Western Dress",M,3,"Western Dress",3,1,0.08,39.0,"5. Over 13 weeks",Other
J0153-DR-S,J0153,"Western Dress",S,2,"Western Dress",6,16,1.23,4.9,"4. 4-13 weeks",Other
J0153-DR-XL,J0153,"Western Dress",XL,5,"Western Dress",21,14,1.08,19.5,"5. Over 13 weeks",Other
J0153-DR-XS,J0153,"Western Dress",XS,1,"Western Dress",2,8,0.62,3.3,"3. 2-4 weeks",Other
J0153-DR-XXL,J0153,"Western Dress",XXL,6,"Western Dress",2,8,0.62,3.3,"3. 2-4 weeks",Other
J0153-DR-XXXL,J0153,"Western Dress",3XL,7,"Western Dress",3,10,0.77,3.9,"3. 2-4 weeks",Other
J0154-DR-L,J0154,"Western Dress",L,4,"Western Dress",1,3,0.23,4.3,"4. 4-13 weeks",Other
J0154-DR-M,J0154,"Western Dress",M,3,"Western Dress",0,1,0.08,0.0,"1. Out of stock",Other
J0154-DR-S,J0154,"Western Dress",S,2,"Western Dress",1,3,0.23,4.3,"4. 4-13 weeks",Other
J0154-DR-XL,J0154,"Western Dress",XL,5,"Western Dress",2,4,0.31,6.5,"4. 4-13 weeks",Other
J0154-DR-XS,J0154,"Western Dress",XS,1,"Western Dress",2,21,1.62,1.2,"2. Under 2 weeks",Other
J0154-DR-XXL,J0154,"Western Dress",XXL,6,"Western Dress",2,10,0.77,2.6,"3. 2-4 weeks",Other
J0154-DR-XXXL,J0154,"Western Dress",3XL,7,"Western Dress",2,3,0.23,8.7,"4. 4-13 weeks",Other
J0155-KR-L,J0155,Kurta,L,4,Kurta,2,2,0.15,13.0,"5. Over 13 weeks",Other
J0155-KR-S,J0155,Kurta,S,2,Kurta,13,1,0.08,169.0,"5. Over 13 weeks",Other
J0155-KR-XL,J0155,Kurta,XL,5,Kurta,2,2,0.15,13.0,"5. Over 13 weeks",Other
J0155-KR-XS,J0155,Kurta,XS,1,Kurta,62,,,,"No paid units",Other
J0155-KR-XXXL,J0155,Kurta,3XL,7,Kurta,11,2,0.15,71.5,"5. Over 13 weeks",Other
J0157-DR-L,J0157,"Western Dress",L,4,"Western Dress",9,82,6.31,1.4,"2. Under 2 weeks","Best-seller (top 10%)"
J0157-DR-M,J0157,"Western Dress",M,3,"Western Dress",5,75,5.77,0.9,"2. Under 2 weeks","Best-seller (top 10%)"
J0157-DR-S,J0157,"Western Dress",S,2,"Western Dress",51,40,3.08,16.6,"5. Over 13 weeks","Best-seller (top 10%)"
J0157-DR-XL,J0157,"Western Dress",XL,5,"Western Dress",48,58,4.46,10.8,"4. 4-13 weeks","Best-seller (top 10%)"
J0157-DR-XS,J0157,"Western Dress",XS,1,"Western Dress",9,28,2.15,4.2,"4. 4-13 weeks",Other
J0157-DR-XXL,J0157,"Western Dress",XXL,6,"Western Dress",27,89,6.85,3.9,"3. 2-4 weeks","Best-seller (top 10%)"
J0157-DR-XXXL,J0157,"Western Dress",3XL,7,"Western Dress",4,33,2.54,1.6,"2. Under 2 weeks",Other
J0158-DR-L,J0158,"Western Dress",L,4,"Western Dress",43,20,1.54,27.9,"5. Over 13 weeks",Other
J0158-DR-M,J0158,"Western Dress",M,3,"Western Dress",73,6,0.46,158.2,"5. Over 13 weeks",Other
J0158-DR-S,J0158,"Western Dress",S,2,"Western Dress",30,11,0.85,35.5,"5. Over 13 weeks",Other
J0158-DR-XL,J0158,"Western Dress",XL,5,"Western Dress",78,17,1.31,59.6,"5. Over 13 weeks",Other
J0158-DR-XS,J0158,"Western Dress",XS,1,"Western Dress",10,7,0.54,18.6,"5. Over 13 weeks",Other
J0158-DR-XXL,J0158,"Western Dress",XXL,6,"Western Dress",33,19,1.46,22.6,"5. Over 13 weeks",Other
J0158-DR-XXXL,J0158,"Western Dress",3XL,7,"Western Dress",39,16,1.23,31.7,"5. Over 13 weeks",Other
J0159-DR-L,J0159,"Western Dress",L,4,"Western Dress",3,5,0.38,7.8,"4. 4-13 weeks",Other
J0159-DR-M,J0159,"Western Dress",M,3,"Western Dress",2,3,0.23,8.7,"4. 4-13 weeks",Other
J0159-DR-S,J0159,"Western Dress",S,2,"Western Dress",4,8,0.62,6.5,"4. 4-13 weeks",Other
J0159-DR-XS,J0159,"Western Dress",XS,1,"Western Dress",28,5,0.38,72.8,"5. Over 13 weeks",Other
J0159-DR-XXL,J0159,"Western Dress",XXL,6,"Western Dress",1,4,0.31,3.3,"3. 2-4 weeks",Other
J0159-DR-XXXL,J0159,"Western Dress",3XL,7,"Western Dress",0,3,0.23,0.0,"1. Out of stock",Other
J0160-TP-L,J0160,Top,L,4,Top,0,2,0.15,0.0,"1. Out of stock",Other
J0160-TP-S,J0160,Top,S,2,Top,0,1,0.08,0.0,"1. Out of stock",Other
J0160-TP-XXL,J0160,Top,XXL,6,Top,1,2,0.15,6.5,"4. 4-13 weeks",Other
J0161-DR-L,J0161,"Western Dress",L,4,"Western Dress",2,1,0.08,26.0,"5. Over 13 weeks",Other
J0161-DR-M,J0161,"Western Dress",M,3,"Western Dress",1,2,0.15,6.5,"4. 4-13 weeks",Other
J0161-DR-S,J0161,"Western Dress",S,2,"Western Dress",1,2,0.15,6.5,"4. 4-13 weeks",Other
J0161-DR-XL,J0161,"Western Dress",XL,5,"Western Dress",2,6,0.46,4.3,"4. 4-13 weeks",Other
J0161-DR-XS,J0161,"Western Dress",XS,1,"Western Dress",4,7,0.54,7.4,"4. 4-13 weeks",Other
J0161-DR-XXL,J0161,"Western Dress",XXL,6,"Western Dress",4,4,0.31,13.0,"5. Over 13 weeks",Other
J0161-DR-XXXL,J0161,"Western Dress",3XL,7,"Western Dress",2,2,0.15,13.0,"5. Over 13 weeks",Other
J0162-SKD-L,J0162,Set,L,4,Set,38,7,0.54,70.6,"5. Over 13 weeks",Other
J0162-SKD-M,J0162,Set,M,3,Set,40,2,0.15,260.0,"5. Over 13 weeks",Other
J0162-SKD-S,J0162,Set,S,2,Set,46,5,0.38,119.6,"5. Over 13 weeks",Other
J0162-SKD-XL,J0162,Set,XL,5,Set,37,6,0.46,80.2,"5. Over 13 weeks",Other
J0162-SKD-XS,J0162,Set,XS,1,Set,50,2,0.15,325.0,"5. Over 13 weeks",Other
J0162-SKD-XXL,J0162,Set,XXL,6,Set,33,7,0.54,61.3,"5. Over 13 weeks",Other
J0162-SKD-XXXL,J0162,Set,3XL,7,Set,18,9,0.69,26.0,"5. Over 13 weeks",Other
J0163-SKD-L,J0163,Set,L,4,Set,143,2,0.15,929.5,"5. Over 13 weeks",Other
J0163-SKD-M,J0163,Set,M,3,Set,145,2,0.15,942.5,"5. Over 13 weeks",Other
J0163-SKD-S,J0163,Set,S,2,Set,112,4,0.31,364.0,"5. Over 13 weeks",Other
J0163-SKD-XL,J0163,Set,XL,5,Set,91,3,0.23,394.3,"5. Over 13 weeks",Other
J0163-SKD-XS,J0163,Set,XS,1,Set,104,3,0.23,450.7,"5. Over 13 weeks",Other
J0163-SKD-XXL,J0163,Set,XXL,6,Set,48,1,0.08,624.0,"5. Over 13 weeks",Other
J0163-SKD-XXXL,J0163,Set,3XL,7,Set,44,1,0.08,572.0,"5. Over 13 weeks",Other
J0164-DR-L,J0164,"Ethnic Dress",L,4,Other,7,41,3.15,2.2,"3. 2-4 weeks",Other
J0164-DR-M,J0164,"Ethnic Dress",M,3,Other,4,26,2.0,2.0,"3. 2-4 weeks",Other
J0164-DR-S,J0164,"Ethnic Dress",S,2,Other,20,30,2.31,8.7,"4. 4-13 weeks",Other
J0164-DR-XL,J0164,"Ethnic Dress",XL,5,Other,6,27,2.08,2.9,"3. 2-4 weeks",Other
J0164-DR-XS,J0164,"Ethnic Dress",XS,1,Other,45,8,0.62,73.1,"5. Over 13 weeks",Other
J0164-DR-XXL,J0164,"Ethnic Dress",XXL,6,Other,4,37,2.85,1.4,"2. Under 2 weeks",Other
J0164-DR-XXXL,J0164,"Ethnic Dress",3XL,7,Other,4,29,2.23,1.8,"2. Under 2 weeks",Other
J0165-TP-L,J0165,Top,L,4,Top,3,8,0.62,4.9,"4. 4-13 weeks",Other
J0165-TP-M,J0165,Top,M,3,Top,3,6,0.46,6.5,"4. 4-13 weeks",Other
J0165-TP-S,J0165,Top,S,2,Top,52,1,0.08,676.0,"5. Over 13 weeks",Other
J0165-TP-XL,J0165,Top,XL,5,Top,3,4,0.31,9.8,"4. 4-13 weeks",Other
J0165-TP-XS,J0165,Top,XS,1,Top,32,3,0.23,138.7,"5. Over 13 weeks",Other
J0165-TP-XXL,J0165,Top,XXL,6,Top,2,18,1.38,1.4,"2. Under 2 weeks",Other
J0165-TP-XXXL,J0165,Top,3XL,7,Top,3,1,0.08,39.0,"5. Over 13 weeks",Other
J0166-DR-M,J0166,"Western Dress",M,3,"Western Dress",3,1,0.08,39.0,"5. Over 13 weeks",Other
J0166-DR-S,J0166,"Western Dress",S,2,"Western Dress",9,3,0.23,39.0,"5. Over 13 weeks",Other
J0166-DR-XL,J0166,"Western Dress",XL,5,"Western Dress",3,2,0.15,19.5,"5. Over 13 weeks",Other
J0166-DR-XS,J0166,"Western Dress",XS,1,"Western Dress",19,2,0.15,123.5,"5. Over 13 weeks",Other
J0167-KR-L,J0167,Kurta,L,4,Kurta,4,13,1.0,4.0,"4. 4-13 weeks",Other
J0167-KR-M,J0167,Kurta,M,3,Kurta,2,9,0.69,2.9,"3. 2-4 weeks",Other
J0167-KR-S,J0167,Kurta,S,2,Kurta,36,6,0.46,78.0,"5. Over 13 weeks",Other
J0167-KR-XL,J0167,Kurta,XL,5,Kurta,0,12,0.92,0.0,"1. Out of stock",Other
J0167-KR-XS,J0167,Kurta,XS,1,Kurta,36,3,0.23,156.0,"5. Over 13 weeks",Other
J0167-KR-XXL,J0167,Kurta,XXL,6,Kurta,3,4,0.31,9.8,"4. 4-13 weeks",Other
J0168-DR-L,J0168,"Ethnic Dress",L,4,Other,2,1,0.08,26.0,"5. Over 13 weeks",Other
J0168-DR-M,J0168,"Ethnic Dress",M,3,Other,5,1,0.08,65.0,"5. Over 13 weeks",Other
J0168-DR-S,J0168,"Ethnic Dress",S,2,Other,13,2,0.15,84.5,"5. Over 13 weeks",Other
J0170-TP-A-L,J0170,Top,L,4,Top,,1,0.08,,"No stock record",Other
J0170-TP-A-M,J0170,Top,M,3,Top,,1,0.08,,"No stock record",Other
J0170-TP-A-S,J0170,Top,S,2,Top,,1,0.08,,"No stock record",Other
J0170-TP-A-XL,J0170,Top,XL,5,Top,,4,0.31,,"No stock record",Other
J0171-DR-L,J0171,"Western Dress",L,4,"Western Dress",1,4,0.31,3.3,"3. 2-4 weeks",Other
J0171-DR-M,J0171,"Western Dress",M,3,"Western Dress",0,1,0.08,0.0,"1. Out of stock",Other
J0171-DR-XL,J0171,"Western Dress",XL,5,"Western Dress",1,1,0.08,13.0,"5. Over 13 weeks",Other
J0171-DR-XXL,J0171,"Western Dress",XXL,6,"Western Dress",2,5,0.38,5.2,"4. 4-13 weeks",Other
J0172-TP-L,J0172,Top,L,4,Top,0,3,0.23,0.0,"1. Out of stock",Other
J0172-TP-M,J0172,Top,M,3,Top,7,1,0.08,91.0,"5. Over 13 weeks",Other
J0172-TP-XL,J0172,Top,XL,5,Top,30,4,0.31,97.5,"5. Over 13 weeks",Other
J0172-TP-XS,J0172,Top,XS,1,Top,2,1,0.08,26.0,"5. Over 13 weeks",Other
J0172-TP-XXL,J0172,Top,XXL,6,Top,16,1,0.08,208.0,"5. Over 13 weeks",Other
J0172-TP-XXXL,J0172,Top,3XL,7,Top,47,2,0.15,305.5,"5. Over 13 weeks",Other
J0173-DR-L,J0173,"Western Dress",L,4,"Western Dress",3,1,0.08,39.0,"5. Over 13 weeks",Other
J0173-DR-S,J0173,"Western Dress",S,2,"Western Dress",29,2,0.15,188.5,"5. Over 13 weeks",Other
J0173-DR-XL,J0173,"Western Dress",XL,5,"Western Dress",2,,,,"No paid units",Other
J0173-DR-XS,J0173,"Western Dress",XS,1,"Western Dress",43,4,0.31,139.8,"5. Over 13 weeks",Other
J0174-TP-S,J0174,Top,S,2,Top,0,1,0.08,0.0,"1. Out of stock",Other
J0174-TP-XL,J0174,Top,XL,5,Top,1,2,0.15,6.5,"4. 4-13 weeks",Other
J0174-TP-XS,J0174,Top,XS,1,Top,4,2,0.15,26.0,"5. Over 13 weeks",Other
J0175-KR-L,J0175,Kurta,L,4,Kurta,7,2,0.15,45.5,"5. Over 13 weeks",Other
J0175-KR-M,J0175,Kurta,M,3,Kurta,9,4,0.31,29.3,"5. Over 13 weeks",Other
J0175-KR-S,J0175,Kurta,S,2,Kurta,32,3,0.23,138.7,"5. Over 13 weeks",Other
J0175-KR-XL,J0175,Kurta,XL,5,Kurta,8,2,0.15,52.0,"5. Over 13 weeks",Other
J0175-KR-XXL,J0175,Kurta,XXL,6,Kurta,14,2,0.15,91.0,"5. Over 13 weeks",Other
J0175-KR-XXXL,J0175,Kurta,3XL,7,Kurta,3,3,0.23,13.0,"5. Over 13 weeks",Other
J0176-TP-L,J0176,Top,L,4,Top,1,6,0.46,2.2,"3. 2-4 weeks",Other
J0176-TP-M,J0176,Top,M,3,Top,0,8,0.62,0.0,"1. Out of stock",Other
J0176-TP-S,J0176,Top,S,2,Top,37,4,0.31,120.3,"5. Over 13 weeks",Other
J0176-TP-XL,J0176,Top,XL,5,Top,2,9,0.69,2.9,"3. 2-4 weeks",Other
J0176-TP-XS,J0176,Top,XS,1,Top,49,4,0.31,159.3,"5. Over 13 weeks",Other
J0176-TP-XXL,J0176,Top,XXL,6,Top,7,32,2.46,2.8,"3. 2-4 weeks",Other
J0176-TP-XXXL,J0176,Top,3XL,7,Top,1,4,0.31,3.3,"3. 2-4 weeks",Other
J0177-KR-S,J0177,Kurta,S,2,Kurta,9,1,0.08,117.0,"5. Over 13 weeks",Other
J0177-KR-XS,J0177,Kurta,XS,1,Kurta,3,3,0.23,13.0,"5. Over 13 weeks",Other
J0178-TP-L,J0178,Top,L,4,Top,2,2,0.15,13.0,"5. Over 13 weeks",Other
J0178-TP-M,J0178,Top,M,3,Top,4,1,0.08,52.0,"5. Over 13 weeks",Other
J0178-TP-XL,J0178,Top,XL,5,Top,1,2,0.15,6.5,"4. 4-13 weeks",Other
J0178-TP-XS,J0178,Top,XS,1,Top,2,2,0.15,13.0,"5. Over 13 weeks",Other
J0178-TP-XXL,J0178,Top,XXL,6,Top,1,1,0.08,13.0,"5. Over 13 weeks",Other
J0178-TP-XXXL,J0178,Top,3XL,7,Top,1,6,0.46,2.2,"3. 2-4 weeks",Other
J0179-KR-L,J0179,Kurta,L,4,Kurta,10,18,1.38,7.2,"4. 4-13 weeks",Other
J0179-KR-M,J0179,Kurta,M,3,Kurta,5,3,0.23,21.7,"5. Over 13 weeks",Other
J0179-KR-S,J0179,Kurta,S,2,Kurta,4,8,0.62,6.5,"4. 4-13 weeks",Other
J0179-KR-XL,J0179,Kurta,XL,5,Kurta,6,13,1.0,6.0,"4. 4-13 weeks",Other
J0179-KR-XS,J0179,Kurta,XS,1,Kurta,18,4,0.31,58.5,"5. Over 13 weeks",Other
J0179-KR-XXL,J0179,Kurta,XXL,6,Kurta,7,12,0.92,7.6,"4. 4-13 weeks",Other
J0179-KR-XXXL,J0179,Kurta,3XL,7,Kurta,6,13,1.0,6.0,"4. 4-13 weeks",Other
J0180-DR-XS,J0180,"Western Dress",XS,1,"Western Dress",4,1,0.08,52.0,"5. Over 13 weeks",Other
J0180-DR-XXL,J0180,"Western Dress",XXL,6,"Western Dress",2,2,0.15,13.0,"5. Over 13 weeks",Other
J0180-DR-XXXL,J0180,"Western Dress",3XL,7,"Western Dress",2,2,0.15,13.0,"5. Over 13 weeks",Other
J0181-TP-L,J0181,Top,L,4,Top,3,8,0.62,4.9,"4. 4-13 weeks",Other
J0181-TP-M,J0181,Top,M,3,Top,4,14,1.08,3.7,"3. 2-4 weeks",Other
J0181-TP-S,J0181,Top,S,2,Top,18,4,0.31,58.5,"5. Over 13 weeks",Other
J0181-TP-XL,J0181,Top,XL,5,Top,3,4,0.31,9.8,"4. 4-13 weeks",Other
J0181-TP-XS,J0181,Top,XS,1,Top,22,6,0.46,47.7,"5. Over 13 weeks",Other
J0181-TP-XXL,J0181,Top,XXL,6,Top,2,10,0.77,2.6,"3. 2-4 weeks",Other
J0181-TP-XXXL,J0181,Top,3XL,7,Top,1,8,0.62,1.6,"2. Under 2 weeks",Other
J0182-SET-S,J0182,Set,S,2,Set,0,1,0.08,0.0,"1. Out of stock",Other
J0183-TP-M,J0183,Top,M,3,Top,0,2,0.15,0.0,"1. Out of stock",Other
J0183-TP-XL,J0183,Top,XL,5,Top,1,1,0.08,13.0,"5. Over 13 weeks",Other
J0183-TP-XS,J0183,Top,XS,1,Top,0,3,0.23,0.0,"1. Out of stock",Other
J0184-KR-A-L,J0184,Kurta,L,4,Kurta,,,,,"No stock record",Other
J0184-KR-A-S,J0184,Kurta,S,2,Kurta,,5,0.38,,"No stock record",Other
J0184-KR-A-XL,J0184,Kurta,XL,5,Kurta,,3,0.23,,"No stock record",Other
J0184-KR-M,J0184,Kurta,M,3,Kurta,3,1,0.08,39.0,"5. Over 13 weeks",Other
J0184-KR-S,J0184,Kurta,S,2,Kurta,5,2,0.15,32.5,"5. Over 13 weeks",Other
J0184-KR-XS,J0184,Kurta,XS,1,Kurta,7,6,0.46,15.2,"5. Over 13 weeks",Other
J0184-KR-XXL,J0184,Kurta,XXL,6,Kurta,2,1,0.08,26.0,"5. Over 13 weeks",Other
J0184-KR-XXXL,J0184,Kurta,3XL,7,Kurta,5,4,0.31,16.3,"5. Over 13 weeks",Other
J0185-DR-M,J0185,"Ethnic Dress",M,3,Other,2,2,0.15,13.0,"5. Over 13 weeks",Other
J0185-DR-S,J0185,"Ethnic Dress",S,2,Other,6,4,0.31,19.5,"5. Over 13 weeks",Other
J0185-DR-XS,J0185,"Ethnic Dress",XS,1,Other,8,4,0.31,26.0,"5. Over 13 weeks",Other
J0185-DR-XXL,J0185,"Ethnic Dress",XXL,6,Other,1,4,0.31,3.3,"3. 2-4 weeks",Other
J0186-SET-L,J0186,Set,L,4,Set,0,7,0.54,0.0,"1. Out of stock",Other
J0186-SET-S,J0186,Set,S,2,Set,2,1,0.08,26.0,"5. Over 13 weeks",Other
J0186-SET-XL,J0186,Set,XL,5,Set,2,1,0.08,26.0,"5. Over 13 weeks",Other
J0186-SET-XS,J0186,Set,XS,1,Set,5,1,0.08,65.0,"5. Over 13 weeks",Other
J0186-SET-XXL,J0186,Set,XXL,6,Set,6,1,0.08,78.0,"5. Over 13 weeks",Other
J0187-KR-L,J0187,Kurta,L,4,Kurta,2,1,0.08,26.0,"5. Over 13 weeks",Other
J0187-KR-S,J0187,Kurta,S,2,Kurta,9,4,0.31,29.3,"5. Over 13 weeks",Other
J0187-KR-XL,J0187,Kurta,XL,5,Kurta,1,2,0.15,6.5,"4. 4-13 weeks",Other
J0187-KR-XS,J0187,Kurta,XS,1,Kurta,19,4,0.31,61.8,"5. Over 13 weeks",Other
J0187-KR-XXL,J0187,Kurta,XXL,6,Kurta,5,1,0.08,65.0,"5. Over 13 weeks",Other
J0188-KR-XS,J0188,Kurta,XS,1,Kurta,0,1,0.08,0.0,"1. Out of stock",Other
J0188-KR-XXXL,J0188,Kurta,3XL,7,Kurta,1,1,0.08,13.0,"5. Over 13 weeks",Other
J0189-TP-L,J0189,Top,L,4,Top,10,10,0.77,13.0,"5. Over 13 weeks",Other
J0189-TP-M,J0189,Top,M,3,Top,68,10,0.77,88.4,"5. Over 13 weeks",Other
J0189-TP-S,J0189,Top,S,2,Top,37,3,0.23,160.3,"5. Over 13 weeks",Other
J0189-TP-XL,J0189,Top,XL,5,Top,12,13,1.0,12.0,"4. 4-13 weeks",Other
J0189-TP-XS,J0189,Top,XS,1,Top,37,1,0.08,481.0,"5. Over 13 weeks",Other
J0189-TP-XXL,J0189,Top,XXL,6,Top,23,15,1.15,19.9,"5. Over 13 weeks",Other
J0189-TP-XXXL,J0189,Top,3XL,7,Top,4,5,0.38,10.4,"4. 4-13 weeks",Other
J0190-TP-L,J0190,Top,L,4,Top,1,14,1.08,0.9,"2. Under 2 weeks",Other
J0190-TP-M,J0190,Top,M,3,Top,2,1,0.08,26.0,"5. Over 13 weeks",Other
J0190-TP-S,J0190,Top,S,2,Top,16,7,0.54,29.7,"5. Over 13 weeks",Other
J0190-TP-XS,J0190,Top,XS,1,Top,52,2,0.15,338.0,"5. Over 13 weeks",Other
J0190-TP-XXXL,J0190,Top,3XL,7,Top,3,2,0.15,19.5,"5. Over 13 weeks",Other
J0192-TP-S,J0192,Top,S,2,Top,3,3,0.23,13.0,"5. Over 13 weeks",Other
J0192-TP-XL,J0192,Top,XL,5,Top,5,4,0.31,16.3,"5. Over 13 weeks",Other
J0192-TP-XXL,J0192,Top,XXL,6,Top,1,2,0.15,6.5,"4. 4-13 weeks",Other
J0193-SET-XXXL,J0193,Set,3XL,7,Set,2,1,0.08,26.0,"5. Over 13 weeks",Other
J0194-DR-L,J0194,"Western Dress",L,4,"Western Dress",1,3,0.23,4.3,"4. 4-13 weeks",Other
J0194-DR-M,J0194,"Western Dress",M,3,"Western Dress",5,1,0.08,65.0,"5. Over 13 weeks",Other
J0194-DR-XXL,J0194,"Western Dress",XXL,6,"Western Dress",3,2,0.15,19.5,"5. Over 13 weeks",Other
J0194-DR-XXXL,J0194,"Western Dress",3XL,7,"Western Dress",2,2,0.15,13.0,"5. Over 13 weeks",Other
J0195-TP-L,J0195,Top,L,4,Top,71,1,0.08,923.0,"5. Over 13 weeks",Other
J0195-TP-M,J0195,Top,M,3,Top,50,1,0.08,650.0,"5. Over 13 weeks",Other
J0195-TP-S,J0195,Top,S,2,Top,20,3,0.23,86.7,"5. Over 13 weeks",Other
J0195-TP-XL,J0195,Top,XL,5,Top,20,2,0.15,130.0,"5. Over 13 weeks",Other
J0195-TP-XS,J0195,Top,XS,1,Top,11,2,0.15,71.5,"5. Over 13 weeks",Other
J0195-TP-XXL,J0195,Top,XXL,6,Top,9,1,0.08,117.0,"5. Over 13 weeks",Other
J0195-TP-XXXL,J0195,Top,3XL,7,Top,9,4,0.31,29.3,"5. Over 13 weeks",Other
J0196-TP-L,J0196,Top,L,4,Top,1,8,0.62,1.6,"2. Under 2 weeks",Other
J0196-TP-M,J0196,Top,M,3,Top,3,4,0.31,9.8,"4. 4-13 weeks",Other
J0196-TP-S,J0196,Top,S,2,Top,5,4,0.31,16.3,"5. Over 13 weeks",Other
J0196-TP-XL,J0196,Top,XL,5,Top,6,5,0.38,15.6,"5. Over 13 weeks",Other
J0196-TP-XS,J0196,Top,XS,1,Top,33,1,0.08,429.0,"5. Over 13 weeks",Other
J0196-TP-XXL,J0196,Top,XXL,6,Top,2,10,0.77,2.6,"3. 2-4 weeks",Other
J0196-TP-XXXL,J0196,Top,3XL,7,Top,3,7,0.54,5.6,"4. 4-13 weeks",Other
J0197-TP-L,J0197,Top,L,4,Top,2,4,0.31,6.5,"4. 4-13 weeks",Other
J0197-TP-M,J0197,Top,M,3,Top,2,8,0.62,3.3,"3. 2-4 weeks",Other
J0197-TP-S,J0197,Top,S,2,Top,5,3,0.23,21.7,"5. Over 13 weeks",Other
J0197-TP-XL,J0197,Top,XL,5,Top,2,3,0.23,8.7,"4. 4-13 weeks",Other
J0197-TP-XS,J0197,Top,XS,1,Top,29,2,0.15,188.5,"5. Over 13 weeks",Other
J0197-TP-XXL,J0197,Top,XXL,6,Top,4,8,0.62,6.5,"4. 4-13 weeks",Other
J0197-TP-XXXL,J0197,Top,3XL,7,Top,14,12,0.92,15.2,"5. Over 13 weeks",Other
J0198-TP-L,J0198,Top,L,4,Top,21,15,1.15,18.2,"5. Over 13 weeks",Other
J0198-TP-M,J0198,Top,M,3,Top,27,30,2.31,11.7,"4. 4-13 weeks",Other
J0198-TP-S,J0198,Top,S,2,Top,3,8,0.62,4.9,"4. 4-13 weeks",Other
J0198-TP-XL,J0198,Top,XL,5,Top,49,18,1.38,35.4,"5. Over 13 weeks",Other
J0198-TP-XS,J0198,Top,XS,1,Top,4,3,0.23,17.3,"5. Over 13 weeks",Other
J0198-TP-XXL,J0198,Top,XXL,6,Top,7,1,0.08,91.0,"5. Over 13 weeks",Other
J0198-TP-XXXL,J0198,Top,3XL,7,Top,5,9,0.69,7.2,"4. 4-13 weeks",Other
J0199-SET-XL,J0199,Set,XL,5,Set,2,2,0.15,13.0,"5. Over 13 weeks",Other
J0199-SET-XS,J0199,Set,XS,1,Set,4,2,0.15,26.0,"5. Over 13 weeks",Other
J0199-SET-XXL,J0199,Set,XXL,6,Set,4,5,0.38,10.4,"4. 4-13 weeks",Other
J0199-SET-XXXL,J0199,Set,3XL,7,Set,4,12,0.92,4.3,"4. 4-13 weeks",Other
J0201-TP-L,J0201,Top,L,4,Top,4,9,0.69,5.8,"4. 4-13 weeks",Other
J0201-TP-M,J0201,Top,M,3,Top,4,8,0.62,6.5,"4. 4-13 weeks",Other
J0201-TP-S,J0201,Top,S,2,Top,3,3,0.23,13.0,"5. Over 13 weeks",Other
J0201-TP-XL,J0201,Top,XL,5,Top,3,8,0.62,4.9,"4. 4-13 weeks",Other
J0201-TP-XS,J0201,Top,XS,1,Top,4,7,0.54,7.4,"4. 4-13 weeks",Other
J0201-TP-XXL,J0201,Top,XXL,6,Top,3,10,0.77,3.9,"3. 2-4 weeks",Other
J0201-TP-XXXL,J0201,Top,3XL,7,Top,6,8,0.62,9.8,"4. 4-13 weeks",Other
J0202-TP-S,J0202,Top,S,2,Top,5,3,0.23,21.7,"5. Over 13 weeks",Other
J0202-TP-XL,J0202,Top,XL,5,Top,2,3,0.23,8.7,"4. 4-13 weeks",Other
J0202-TP-XXL,J0202,Top,XXL,6,Top,7,5,0.38,18.2,"5. Over 13 weeks",Other
J0202-TP-XXXL,J0202,Top,3XL,7,Top,4,3,0.23,17.3,"5. Over 13 weeks",Other
J0203-TP-L,J0203,Top,L,4,Top,2,6,0.46,4.3,"4. 4-13 weeks",Other
J0203-TP-M,J0203,Top,M,3,Top,0,5,0.38,0.0,"1. Out of stock",Other
J0203-TP-S,J0203,Top,S,2,Top,4,4,0.31,13.0,"5. Over 13 weeks",Other
J0203-TP-XL,J0203,Top,XL,5,Top,2,3,0.23,8.7,"4. 4-13 weeks",Other
J0203-TP-XS,J0203,Top,XS,1,Top,2,5,0.38,5.2,"4. 4-13 weeks",Other
J0203-TP-XXL,J0203,Top,XXL,6,Top,2,2,0.15,13.0,"5. Over 13 weeks",Other
J0203-TP-XXXL,J0203,Top,3XL,7,Top,3,3,0.23,13.0,"5. Over 13 weeks",Other
J0204-TP-L,J0204,Top,L,4,Top,1,4,0.31,3.3,"3. 2-4 weeks",Other
J0204-TP-M,J0204,Top,M,3,Top,1,5,0.38,2.6,"3. 2-4 weeks",Other
J0204-TP-S,J0204,Top,S,2,Top,3,7,0.54,5.6,"4. 4-13 weeks",Other
J0204-TP-XL,J0204,Top,XL,5,Top,2,5,0.38,5.2,"4. 4-13 weeks",Other
J0204-TP-XS,J0204,Top,XS,1,Top,5,5,0.38,13.0,"5. Over 13 weeks",Other
J0204-TP-XXL,J0204,Top,XXL,6,Top,4,9,0.69,5.8,"4. 4-13 weeks",Other
J0204-TP-XXXL,J0204,Top,3XL,7,Top,7,10,0.77,9.1,"4. 4-13 weeks",Other
J0205-TP-L,J0205,Top,L,4,Top,2,1,0.08,26.0,"5. Over 13 weeks",Other
J0205-TP-M,J0205,Top,M,3,Top,2,4,0.31,6.5,"4. 4-13 weeks",Other
J0205-TP-S,J0205,Top,S,2,Top,5,9,0.69,7.2,"4. 4-13 weeks",Other
J0205-TP-XL,J0205,Top,XL,5,Top,4,12,0.92,4.3,"4. 4-13 weeks",Other
J0205-TP-XS,J0205,Top,XS,1,Top,7,5,0.38,18.2,"5. Over 13 weeks",Other
J0205-TP-XXL,J0205,Top,XXL,6,Top,6,18,1.38,4.3,"4. 4-13 weeks",Other
J0205-TP-XXXL,J0205,Top,3XL,7,Top,3,,,,"No paid units",Other
J0207-DR-L,J0207,"Western Dress",L,4,"Western Dress",14,9,0.69,20.2,"5. Over 13 weeks",Other
J0207-DR-S,J0207,"Western Dress",S,2,"Western Dress",33,7,0.54,61.3,"5. Over 13 weeks",Other
J0207-DR-XL,J0207,"Western Dress",XL,5,"Western Dress",35,9,0.69,50.6,"5. Over 13 weeks",Other
J0207-DR-XS,J0207,"Western Dress",XS,1,"Western Dress",13,6,0.46,28.2,"5. Over 13 weeks",Other
J0207-DR-XXL,J0207,"Western Dress",XXL,6,"Western Dress",1,10,0.77,1.3,"2. Under 2 weeks",Other
J0207-DR-XXXL,J0207,"Western Dress",3XL,7,"Western Dress",10,8,0.62,16.3,"5. Over 13 weeks",Other
J0208-DR-L,J0208,"Western Dress",L,4,"Western Dress",2,3,0.23,8.7,"4. 4-13 weeks",Other
J0208-DR-M,J0208,"Western Dress",M,3,"Western Dress",5,2,0.15,32.5,"5. Over 13 weeks",Other
J0208-DR-S,J0208,"Western Dress",S,2,"Western Dress",9,4,0.31,29.3,"5. Over 13 weeks",Other
J0208-DR-XL,J0208,"Western Dress",XL,5,"Western Dress",2,2,0.15,13.0,"5. Over 13 weeks",Other
J0208-DR-XXL,J0208,"Western Dress",XXL,6,"Western Dress",3,4,0.31,9.8,"4. 4-13 weeks",Other
J0208-DR-XXXL,J0208,"Western Dress",3XL,7,"Western Dress",9,6,0.46,19.5,"5. Over 13 weeks",Other
J0209-DR-L,J0209,"Ethnic Dress",L,4,Other,26,17,1.31,19.9,"5. Over 13 weeks",Other
J0209-DR-M,J0209,"Ethnic Dress",M,3,Other,43,7,0.54,79.9,"5. Over 13 weeks",Other
J0209-DR-S,J0209,"Ethnic Dress",S,2,Other,49,5,0.38,127.4,"5. Over 13 weeks",Other
J0209-DR-XL,J0209,"Ethnic Dress",XL,5,Other,12,7,0.54,22.3,"5. Over 13 weeks",Other
J0209-DR-XS,J0209,"Ethnic Dress",XS,1,Other,25,5,0.38,65.0,"5. Over 13 weeks",Other
J0209-DR-XXL,J0209,"Ethnic Dress",XXL,6,Other,19,4,0.31,61.8,"5. Over 13 weeks",Other
J0209-DR-XXXL,J0209,"Ethnic Dress",3XL,7,Other,32,4,0.31,104.0,"5. Over 13 weeks",Other
J0210-DR-L,J0210,"Ethnic Dress",L,4,Other,3,5,0.38,7.8,"4. 4-13 weeks",Other
J0210-DR-M,J0210,"Ethnic Dress",M,3,Other,2,5,0.38,5.2,"4. 4-13 weeks",Other
J0210-DR-S,J0210,"Ethnic Dress",S,2,Other,3,14,1.08,2.8,"3. 2-4 weeks",Other
J0210-DR-XL,J0210,"Ethnic Dress",XL,5,Other,5,16,1.23,4.1,"4. 4-13 weeks",Other
J0210-DR-XS,J0210,"Ethnic Dress",XS,1,Other,6,5,0.38,15.6,"5. Over 13 weeks",Other
J0210-DR-XXL,J0210,"Ethnic Dress",XXL,6,Other,7,16,1.23,5.7,"4. 4-13 weeks",Other
J0210-DR-XXXL,J0210,"Ethnic Dress",3XL,7,Other,4,6,0.46,8.7,"4. 4-13 weeks",Other
J0211-DR-L,J0211,"Ethnic Dress",L,4,Other,11,4,0.31,35.8,"5. Over 13 weeks",Other
J0211-DR-M,J0211,"Ethnic Dress",M,3,Other,14,5,0.38,36.4,"5. Over 13 weeks",Other
J0211-DR-S,J0211,"Ethnic Dress",S,2,Other,6,4,0.31,19.5,"5. Over 13 weeks",Other
J0211-DR-XL,J0211,"Ethnic Dress",XL,5,Other,17,4,0.31,55.3,"5. Over 13 weeks",Other
J0211-DR-XS,J0211,"Ethnic Dress",XS,1,Other,8,1,0.08,104.0,"5. Over 13 weeks",Other
J0211-DR-XXL,J0211,"Ethnic Dress",XXL,6,Other,24,4,0.31,78.0,"5. Over 13 weeks",Other
J0211-DR-XXXL,J0211,"Ethnic Dress",3XL,7,Other,3,4,0.31,9.8,"4. 4-13 weeks",Other
J0212-DR-L,J0212,"Ethnic Dress",L,4,Other,9,11,0.85,10.6,"4. 4-13 weeks",Other
J0212-DR-M,J0212,"Ethnic Dress",M,3,Other,22,10,0.77,28.6,"5. Over 13 weeks",Other
J0212-DR-S,J0212,"Ethnic Dress",S,2,Other,33,4,0.31,107.3,"5. Over 13 weeks",Other
J0212-DR-XL,J0212,"Ethnic Dress",XL,5,Other,5,20,1.54,3.3,"3. 2-4 weeks",Other
J0212-DR-XS,J0212,"Ethnic Dress",XS,1,Other,34,1,0.08,442.0,"5. Over 13 weeks",Other
J0212-DR-XXL,J0212,"Ethnic Dress",XXL,6,Other,6,6,0.46,13.0,"5. Over 13 weeks",Other
J0212-DR-XXXL,J0212,"Ethnic Dress",3XL,7,Other,3,19,1.46,2.1,"3. 2-4 weeks",Other
J0213-TP-L,J0213,Top,L,4,Top,3,24,1.85,1.6,"2. Under 2 weeks",Other
J0213-TP-M,J0213,Top,M,3,Top,3,30,2.31,1.3,"2. Under 2 weeks",Other
J0213-TP-S,J0213,Top,S,2,Top,20,21,1.62,12.4,"4. 4-13 weeks",Other
J0213-TP-XL,J0213,Top,XL,5,Top,2,22,1.69,1.2,"2. Under 2 weeks",Other
J0213-TP-XS,J0213,Top,XS,1,Top,32,2,0.15,208.0,"5. Over 13 weeks",Other
J0213-TP-XXL,J0213,Top,XXL,6,Top,9,18,1.38,6.5,"4. 4-13 weeks",Other
J0213-TP-XXXL,J0213,Top,3XL,7,Top,7,22,1.69,4.1,"4. 4-13 weeks",Other
J0214-TP-L,J0214,Top,L,4,Top,8,2,0.15,52.0,"5. Over 13 weeks",Other
J0214-TP-M,J0214,Top,M,3,Top,4,2,0.15,26.0,"5. Over 13 weeks",Other
J0214-TP-S,J0214,Top,S,2,Top,3,1,0.08,39.0,"5. Over 13 weeks",Other
J0214-TP-XL,J0214,Top,XL,5,Top,4,4,0.31,13.0,"5. Over 13 weeks",Other
J0214-TP-XXL,J0214,Top,XXL,6,Top,3,2,0.15,19.5,"5. Over 13 weeks",Other
J0214-TP-XXXL,J0214,Top,3XL,7,Top,10,2,0.15,65.0,"5. Over 13 weeks",Other
J0215-BL-L,J0215,Blouse,L,4,Other,15,11,0.85,17.7,"5. Over 13 weeks",Other
J0215-BL-M,J0215,Blouse,M,3,Other,22,18,1.38,15.9,"5. Over 13 weeks",Other
J0215-BL-S,J0215,Blouse,S,2,Other,40,13,1.0,40.0,"5. Over 13 weeks",Other
J0215-BL-XL,J0215,Blouse,XL,5,Other,28,10,0.77,36.4,"5. Over 13 weeks",Other
J0215-BL-XXL,J0215,Blouse,XXL,6,Other,22,21,1.62,13.6,"5. Over 13 weeks",Other
J0216-BL-L,J0216,Blouse,L,4,Other,31,17,1.31,23.7,"5. Over 13 weeks",Other
J0216-BL-M,J0216,Blouse,M,3,Other,20,13,1.0,20.0,"5. Over 13 weeks",Other
J0216-BL-S,J0216,Blouse,S,2,Other,8,16,1.23,6.5,"4. 4-13 weeks",Other
J0216-BL-XL,J0216,Blouse,XL,5,Other,23,19,1.46,15.7,"5. Over 13 weeks",Other
J0216-BL-XXL,J0216,Blouse,XXL,6,Other,17,15,1.15,14.7,"5. Over 13 weeks",Other
J0217-BL-L,J0217,Blouse,L,4,Other,16,30,2.31,6.9,"4. 4-13 weeks",Other
J0217-BL-M,J0217,Blouse,M,3,Other,24,31,2.38,10.1,"4. 4-13 weeks",Other
J0217-BL-S,J0217,Blouse,S,2,Other,18,26,2.0,9.0,"4. 4-13 weeks",Other
J0217-BL-XL,J0217,Blouse,XL,5,Other,20,27,2.08,9.6,"4. 4-13 weeks",Other
J0217-BL-XXL,J0217,Blouse,XXL,6,Other,12,16,1.23,9.8,"4. 4-13 weeks",Other
J0219-BL-L,J0219,Blouse,L,4,Other,64,13,1.0,64.0,"5. Over 13 weeks",Other
J0219-BL-M,J0219,Blouse,M,3,Other,72,22,1.69,42.5,"5. Over 13 weeks",Other
J0219-BL-S,J0219,Blouse,S,2,Other,66,15,1.15,57.2,"5. Over 13 weeks",Other
J0219-BL-XL,J0219,Blouse,XL,5,Other,82,12,0.92,88.8,"5. Over 13 weeks",Other
J0219-BL-XXL,J0219,Blouse,XXL,6,Other,54,19,1.46,36.9,"5. Over 13 weeks",Other
J0220-BL-L,J0220,Blouse,L,4,Other,19,7,0.54,35.3,"5. Over 13 weeks",Other
J0220-BL-M,J0220,Blouse,M,3,Other,27,9,0.69,39.0,"5. Over 13 weeks",Other
J0220-BL-S,J0220,Blouse,S,2,Other,18,7,0.54,33.4,"5. Over 13 weeks",Other
J0220-BL-XL,J0220,Blouse,XL,5,Other,28,14,1.08,26.0,"5. Over 13 weeks",Other
J0220-BL-XXL,J0220,Blouse,XXL,6,Other,16,9,0.69,23.1,"5. Over 13 weeks",Other
J0223-SKD-XXXL,J0223,Set,3XL,7,Set,9,1,0.08,117.0,"5. Over 13 weeks",Other
J0224-SKD-M,J0224,Set,M,3,Set,46,3,0.23,199.3,"5. Over 13 weeks",Other
J0224-SKD-XL,J0224,Set,XL,5,Set,51,2,0.15,331.5,"5. Over 13 weeks",Other
J0224-SKD-XS,J0224,Set,XS,1,Set,45,2,0.15,292.5,"5. Over 13 weeks",Other
J0224-SKD-XXL,J0224,Set,XXL,6,Set,42,3,0.23,182.0,"5. Over 13 weeks",Other
J0224-SKD-XXXL,J0224,Set,3XL,7,Set,41,5,0.38,106.6,"5. Over 13 weeks",Other
J0225-SKD-L,J0225,Set,L,4,Set,30,3,0.23,130.0,"5. Over 13 weeks",Other
J0225-SKD-M,J0225,Set,M,3,Set,25,4,0.31,81.3,"5. Over 13 weeks",Other
J0225-SKD-S,J0225,Set,S,2,Set,49,3,0.23,212.3,"5. Over 13 weeks",Other
J0225-SKD-XL,J0225,Set,XL,5,Set,31,2,0.15,201.5,"5. Over 13 weeks",Other
J0225-SKD-XS,J0225,Set,XS,1,Set,48,4,0.31,156.0,"5. Over 13 weeks",Other
J0225-SKD-XXL,J0225,Set,XXL,6,Set,36,4,0.31,117.0,"5. Over 13 weeks",Other
J0225-SKD-XXXL,J0225,Set,3XL,7,Set,22,2,0.15,143.0,"5. Over 13 weeks",Other
J0226-SKD-L,J0226,Set,L,4,Set,32,2,0.15,208.0,"5. Over 13 weeks",Other
J0226-SKD-XL,J0226,Set,XL,5,Set,79,1,0.08,1027.0,"5. Over 13 weeks",Other
J0226-SKD-XS,J0226,Set,XS,1,Set,39,1,0.08,507.0,"5. Over 13 weeks",Other
J0226-SKD-XXL,J0226,Set,XXL,6,Set,34,1,0.08,442.0,"5. Over 13 weeks",Other
J0226-SKD-XXXL,J0226,Set,3XL,7,Set,39,4,0.31,126.8,"5. Over 13 weeks",Other
J0228-SKD-L,J0228,Set,L,4,Set,3,2,0.15,19.5,"5. Over 13 weeks",Other
J0228-SKD-M,J0228,Set,M,3,Set,38,10,0.77,49.4,"5. Over 13 weeks",Other
J0228-SKD-S,J0228,Set,S,2,Set,34,8,0.62,55.3,"5. Over 13 weeks",Other
J0228-SKD-XL,J0228,Set,XL,5,Set,41,10,0.77,53.3,"5. Over 13 weeks",Other
J0228-SKD-XS,J0228,Set,XS,1,Set,32,1,0.08,416.0,"5. Over 13 weeks",Other
J0228-SKD-XXL,J0228,Set,XXL,6,Set,35,5,0.38,91.0,"5. Over 13 weeks",Other
J0228-SKD-XXXL,J0228,Set,3XL,7,Set,49,9,0.69,70.8,"5. Over 13 weeks",Other
J0229-SKD-L,J0229,Set,L,4,Set,50,2,0.15,325.0,"5. Over 13 weeks",Other
J0229-SKD-S,J0229,Set,S,2,Set,67,1,0.08,871.0,"5. Over 13 weeks",Other
J0229-SKD-XL,J0229,Set,XL,5,Set,67,1,0.08,871.0,"5. Over 13 weeks",Other
J0229-SKD-XXL,J0229,Set,XXL,6,Set,68,1,0.08,884.0,"5. Over 13 weeks",Other
J0229-SKD-XXXL,J0229,Set,3XL,7,Set,53,2,0.15,344.5,"5. Over 13 weeks",Other
J0230-SKD-L,J0230,Set,L,4,Set,51,251,19.31,2.6,"3. 2-4 weeks","Best-seller (top 10%)"
J0230-SKD-M,J0230,Set,M,3,Set,152,432,33.23,4.6,"4. 4-13 weeks","Best-seller (top 10%)"
J0230-SKD-S,J0230,Set,S,2,Set,84,390,30.0,2.8,"3. 2-4 weeks","Best-seller (top 10%)"
J0230-SKD-XL,J0230,Set,XL,5,Set,31,201,15.46,2.0,"3. 2-4 weeks","Best-seller (top 10%)"
J0230-SKD-XS,J0230,Set,XS,1,Set,148,186,14.31,10.3,"4. 4-13 weeks","Best-seller (top 10%)"
J0230-SKD-XXL,J0230,Set,XXL,6,Set,24,100,7.69,3.1,"3. 2-4 weeks","Best-seller (top 10%)"
J0230-SKD-XXXL,J0230,Set,3XL,7,Set,26,23,1.77,14.7,"5. Over 13 weeks","Best-seller (top 10%)"
J0231-SKD-L,J0231,Set,L,4,Set,16,7,0.54,29.7,"5. Over 13 weeks",Other
J0231-SKD-M,J0231,Set,M,3,Set,34,9,0.69,49.1,"5. Over 13 weeks",Other
J0231-SKD-S,J0231,Set,S,2,Set,30,6,0.46,65.0,"5. Over 13 weeks",Other
J0231-SKD-XL,J0231,Set,XL,5,Set,18,17,1.31,13.8,"5. Over 13 weeks",Other
J0231-SKD-XS,J0231,Set,XS,1,Set,30,1,0.08,390.0,"5. Over 13 weeks",Other
J0231-SKD-XXL,J0231,Set,XXL,6,Set,24,5,0.38,62.4,"5. Over 13 weeks",Other
J0231-SKD-XXXL,J0231,Set,3XL,7,Set,13,21,1.62,8.0,"4. 4-13 weeks","Best-seller (top 10%)"
J0232-SKD-L,J0232,Set,L,4,Set,21,2,0.15,136.5,"5. Over 13 weeks",Other
J0232-SKD-M,J0232,Set,M,3,Set,31,1,0.08,403.0,"5. Over 13 weeks",Other
J0232-SKD-S,J0232,Set,S,2,Set,8,2,0.15,52.0,"5. Over 13 weeks",Other
J0232-SKD-XL,J0232,Set,XL,5,Set,12,5,0.38,31.2,"5. Over 13 weeks",Other
J0232-SKD-XS,J0232,Set,XS,1,Set,33,,,,"No paid units",Other
J0232-SKD-XXL,J0232,Set,XXL,6,Set,10,4,0.31,32.5,"5. Over 13 weeks",Other
J0232-SKD-XXXL,J0232,Set,3XL,7,Set,41,2,0.15,266.5,"5. Over 13 weeks",Other
J0233-SKD-L,J0233,Set,L,4,Set,48,9,0.69,69.3,"5. Over 13 weeks",Other
J0233-SKD-M,J0233,Set,M,3,Set,31,11,0.85,36.6,"5. Over 13 weeks",Other
J0233-SKD-S,J0233,Set,S,2,Set,111,11,0.85,131.2,"5. Over 13 weeks",Other
J0233-SKD-XL,J0233,Set,XL,5,Set,48,7,0.54,89.1,"5. Over 13 weeks",Other
J0233-SKD-XS,J0233,Set,XS,1,Set,88,4,0.31,286.0,"5. Over 13 weeks",Other
J0233-SKD-XXL,J0233,Set,XXL,6,Set,75,5,0.38,195.0,"5. Over 13 weeks",Other
J0233-SKD-XXXL,J0233,Set,3XL,7,Set,36,10,0.77,46.8,"5. Over 13 weeks",Other
J0234-SKD-L,J0234,Set,L,4,Set,6,24,1.85,3.3,"3. 2-4 weeks","Best-seller (top 10%)"
J0234-SKD-M,J0234,Set,M,3,Set,5,12,0.92,5.4,"4. 4-13 weeks",Other
J0234-SKD-S,J0234,Set,S,2,Set,6,13,1.0,6.0,"4. 4-13 weeks",Other
J0234-SKD-XL,J0234,Set,XL,5,Set,8,24,1.85,4.3,"4. 4-13 weeks","Best-seller (top 10%)"
J0234-SKD-XS,J0234,Set,XS,1,Set,52,5,0.38,135.2,"5. Over 13 weeks",Other
J0234-SKD-XXL,J0234,Set,XXL,6,Set,6,12,0.92,6.5,"4. 4-13 weeks",Other
J0234-SKD-XXXL,J0234,Set,3XL,7,Set,7,17,1.31,5.4,"4. 4-13 weeks",Other
J0235-SKD-L,J0235,Set,L,4,Set,20,1,0.08,260.0,"5. Over 13 weeks",Other
J0235-SKD-M,J0235,Set,M,3,Set,37,3,0.23,160.3,"5. Over 13 weeks",Other
J0235-SKD-S,J0235,Set,S,2,Set,26,2,0.15,169.0,"5. Over 13 weeks",Other
J0235-SKD-XL,J0235,Set,XL,5,Set,44,2,0.15,286.0,"5. Over 13 weeks",Other
J0235-SKD-XS,J0235,Set,XS,1,Set,52,1,0.08,676.0,"5. Over 13 weeks",Other
J0236-SKD-L,J0236,Set,L,4,Set,5,57,4.38,1.1,"2. Under 2 weeks","Best-seller (top 10%)"
J0236-SKD-M,J0236,Set,M,3,Set,3,25,1.92,1.6,"2. Under 2 weeks",Other
J0236-SKD-S,J0236,Set,S,2,Set,7,47,3.62,1.9,"2. Under 2 weeks","Best-seller (top 10%)"
J0236-SKD-XL,J0236,Set,XL,5,Set,3,56,4.31,0.7,"2. Under 2 weeks","Best-seller (top 10%)"
J0236-SKD-XS,J0236,Set,XS,1,Set,4,19,1.46,2.7,"3. 2-4 weeks",Other
J0236-SKD-XXL,J0236,Set,XXL,6,Set,6,48,3.69,1.6,"2. Under 2 weeks","Best-seller (top 10%)"
J0236-SKD-XXXL,J0236,Set,3XL,7,Set,4,45,3.46,1.2,"2. Under 2 weeks","Best-seller (top 10%)"
J0237-SKD-L,J0237,Set,L,4,Set,6,4,0.31,19.5,"5. Over 13 weeks",Other
J0237-SKD-M,J0237,Set,M,3,Set,2,3,0.23,8.7,"4. 4-13 weeks",Other
J0237-SKD-XL,J0237,Set,XL,5,Set,4,4,0.31,13.0,"5. Over 13 weeks",Other
J0237-SKD-XXL,J0237,Set,XXL,6,Set,4,4,0.31,13.0,"5. Over 13 weeks",Other
J0237-SKD-XXXL,J0237,Set,3XL,7,Set,8,4,0.31,26.0,"5. Over 13 weeks",Other
J0238-LCD-L,J0238,Set,L,4,Set,5,4,0.31,16.3,"5. Over 13 weeks",Other
J0238-LCD-S,J0238,Set,S,2,Set,3,1,0.08,39.0,"5. Over 13 weeks",Other
J0238-LCD-XL,J0238,Set,XL,5,Set,7,6,0.46,15.2,"5. Over 13 weeks",Other
J0238-LCD-XS,J0238,Set,XS,1,Set,1,1,0.08,13.0,"5. Over 13 weeks",Other
J0238-LCD-XXXL,J0238,Set,3XL,7,Set,8,2,0.15,52.0,"5. Over 13 weeks",Other
J0239-SKD-L,J0239,Set,L,4,Set,7,10,0.77,9.1,"4. 4-13 weeks",Other
J0239-SKD-M,J0239,Set,M,3,Set,14,12,0.92,15.2,"5. Over 13 weeks",Other
J0239-SKD-S,J0239,Set,S,2,Set,23,8,0.62,37.4,"5. Over 13 weeks",Other
J0239-SKD-XL,J0239,Set,XL,5,Set,5,18,1.38,3.6,"3. 2-4 weeks","Best-seller (top 10%)"
J0239-SKD-XS,J0239,Set,XS,1,Set,6,9,0.69,8.7,"4. 4-13 weeks",Other
J0239-SKD-XXL,J0239,Set,XXL,6,Set,8,9,0.69,11.6,"4. 4-13 weeks",Other
J0239-SKD-XXXL,J0239,Set,3XL,7,Set,3,14,1.08,2.8,"3. 2-4 weeks",Other
J0240-SKD-L,J0240,Set,L,4,Set,6,2,0.15,39.0,"5. Over 13 weeks",Other
J0240-SKD-M,J0240,Set,M,3,Set,6,6,0.46,13.0,"5. Over 13 weeks",Other
J0240-SKD-S,J0240,Set,S,2,Set,7,1,0.08,91.0,"5. Over 13 weeks",Other
J0240-SKD-XL,J0240,Set,XL,5,Set,4,3,0.23,17.3,"5. Over 13 weeks",Other
J0240-SKD-XS,J0240,Set,XS,1,Set,41,2,0.15,266.5,"5. Over 13 weeks",Other
J0240-SKD-XXL,J0240,Set,XXL,6,Set,0,2,0.15,0.0,"1. Out of stock",Other
J0240-SKD-XXXL,J0240,Set,3XL,7,Set,10,5,0.38,26.0,"5. Over 13 weeks",Other
J0241-SKD-M,J0241,Set,M,3,Set,21,3,0.23,91.0,"5. Over 13 weeks",Other
J0241-SKD-S,J0241,Set,S,2,Set,30,4,0.31,97.5,"5. Over 13 weeks",Other
J0241-SKD-XL,J0241,Set,XL,5,Set,24,9,0.69,34.7,"5. Over 13 weeks",Other
J0241-SKD-XS,J0241,Set,XS,1,Set,50,1,0.08,650.0,"5. Over 13 weeks",Other
J0241-SKD-XXL,J0241,Set,XXL,6,Set,30,4,0.31,97.5,"5. Over 13 weeks",Other
J0241-SKD-XXXL,J0241,Set,3XL,7,Set,51,3,0.23,221.0,"5. Over 13 weeks",Other
J0242-SKD-L,J0242,Set,L,4,Set,3,4,0.31,9.8,"4. 4-13 weeks",Other
J0242-SKD-M,J0242,Set,M,3,Set,3,2,0.15,19.5,"5. Over 13 weeks",Other
J0242-SKD-S,J0242,Set,S,2,Set,26,1,0.08,338.0,"5. Over 13 weeks",Other
J0242-SKD-XS,J0242,Set,XS,1,Set,33,1,0.08,429.0,"5. Over 13 weeks",Other
J0242-SKD-XXL,J0242,Set,XXL,6,Set,7,4,0.31,22.8,"5. Over 13 weeks",Other
J0242-SKD-XXXL,J0242,Set,3XL,7,Set,24,,,,"No paid units",Other
J0243-DR-L,J0243,"Ethnic Dress",L,4,Other,2,14,1.08,1.9,"2. Under 2 weeks",Other
J0243-DR-M,J0243,"Ethnic Dress",M,3,Other,5,14,1.08,4.6,"4. 4-13 weeks",Other
J0243-DR-S,J0243,"Ethnic Dress",S,2,Other,3,18,1.38,2.2,"3. 2-4 weeks",Other
J0243-DR-XL,J0243,"Ethnic Dress",XL,5,Other,4,22,1.69,2.4,"3. 2-4 weeks",Other
J0243-DR-XS,J0243,"Ethnic Dress",XS,1,Other,31,4,0.31,100.8,"5. Over 13 weeks",Other
J0243-DR-XXL,J0243,"Ethnic Dress",XXL,6,Other,8,8,0.62,13.0,"5. Over 13 weeks",Other
J0243-DR-XXXL,J0243,"Ethnic Dress",3XL,7,Other,7,23,1.77,4.0,"3. 2-4 weeks","Best-seller (top 10%)"
J0244-SKD-L,J0244,Set,L,4,Set,4,65,5.0,0.8,"2. Under 2 weeks","Best-seller (top 10%)"
J0244-SKD-M,J0244,Set,M,3,Set,4,43,3.31,1.2,"2. Under 2 weeks","Best-seller (top 10%)"
J0244-SKD-S,J0244,Set,S,2,Set,7,32,2.46,2.8,"3. 2-4 weeks","Best-seller (top 10%)"
J0244-SKD-XL,J0244,Set,XL,5,Set,5,27,2.08,2.4,"3. 2-4 weeks","Best-seller (top 10%)"
J0244-SKD-XS,J0244,Set,XS,1,Set,22,7,0.54,40.9,"5. Over 13 weeks",Other
J0244-SKD-XXL,J0244,Set,XXL,6,Set,22,8,0.62,35.8,"5. Over 13 weeks",Other
J0244-SKD-XXXL,J0244,Set,3XL,7,Set,6,31,2.38,2.5,"3. 2-4 weeks","Best-seller (top 10%)"
J0245-SKD-L,J0245,Set,L,4,Set,16,12,0.92,17.3,"5. Over 13 weeks",Other
J0245-SKD-M,J0245,Set,M,3,Set,14,5,0.38,36.4,"5. Over 13 weeks",Other
J0245-SKD-S,J0245,Set,S,2,Set,27,7,0.54,50.1,"5. Over 13 weeks",Other
J0245-SKD-XL,J0245,Set,XL,5,Set,10,7,0.54,18.6,"5. Over 13 weeks",Other
J0245-SKD-XS,J0245,Set,XS,1,Set,22,2,0.15,143.0,"5. Over 13 weeks",Other
J0245-SKD-XXL,J0245,Set,XXL,6,Set,11,6,0.46,23.8,"5. Over 13 weeks",Other
J0245-SKD-XXXL,J0245,Set,3XL,7,Set,10,7,0.54,18.6,"5. Over 13 weeks",Other
J0246-SKD-L,J0246,Set,L,4,Set,40,1,0.08,520.0,"5. Over 13 weeks",Other
J0246-SKD-XS,J0246,Set,XS,1,Set,42,1,0.08,546.0,"5. Over 13 weeks",Other
J0246-SKD-XXXL,J0246,Set,3XL,7,Set,47,1,0.08,611.0,"5. Over 13 weeks",Other
J0247-SKD-L,J0247,Set,L,4,Set,28,6,0.46,60.7,"5. Over 13 weeks",Other
J0247-SKD-M,J0247,Set,M,3,Set,16,14,1.08,14.9,"5. Over 13 weeks",Other
J0247-SKD-S,J0247,Set,S,2,Set,29,10,0.77,37.7,"5. Over 13 weeks",Other
J0247-SKD-XS,J0247,Set,XS,1,Set,24,8,0.62,39.0,"5. Over 13 weeks",Other
J0247-SKD-XXL,J0247,Set,XXL,6,Set,37,3,0.23,160.3,"5. Over 13 weeks",Other
J0247-SKD-XXXL,J0247,Set,3XL,7,Set,38,6,0.46,82.3,"5. Over 13 weeks",Other
J0248-KR-DPT-L,J0248,Set,L,4,Set,0,11,0.85,0.0,"1. Out of stock",Other
J0248-KR-DPT-M,J0248,Set,M,3,Set,7,7,0.54,13.0,"5. Over 13 weeks",Other
J0248-KR-DPT-S,J0248,Set,S,2,Set,6,6,0.46,13.0,"5. Over 13 weeks",Other
J0248-KR-DPT-XL,J0248,Set,XL,5,Set,4,6,0.46,8.7,"4. 4-13 weeks",Other
J0248-KR-DPT-XS,J0248,Set,XS,1,Set,15,5,0.38,39.0,"5. Over 13 weeks",Other
J0248-KR-DPT-XXL,J0248,Set,XXL,6,Set,6,12,0.92,6.5,"4. 4-13 weeks",Other
J0248-KR-DPT-XXXL,J0248,Set,3XL,7,Set,8,8,0.62,13.0,"5. Over 13 weeks",Other
J0249-SKD-L,J0249,Set,L,4,Set,26,9,0.69,37.6,"5. Over 13 weeks",Other
J0249-SKD-S,J0249,Set,S,2,Set,46,3,0.23,199.3,"5. Over 13 weeks",Other
J0249-SKD-XL,J0249,Set,XL,5,Set,43,7,0.54,79.9,"5. Over 13 weeks",Other
J0249-SKD-XS,J0249,Set,XS,1,Set,47,2,0.15,305.5,"5. Over 13 weeks",Other
J0249-SKD-XXL,J0249,Set,XXL,6,Set,32,3,0.23,138.7,"5. Over 13 weeks",Other
J0249-SKD-XXXL,J0249,Set,3XL,7,Set,29,2,0.15,188.5,"5. Over 13 weeks",Other
J0250-SKD-L,J0250,Set,L,4,Set,9,7,0.54,16.7,"5. Over 13 weeks",Other
J0250-SKD-M,J0250,Set,M,3,Set,8,3,0.23,34.7,"5. Over 13 weeks",Other
J0250-SKD-XL,J0250,Set,XL,5,Set,10,6,0.46,21.7,"5. Over 13 weeks",Other
J0250-SKD-XS,J0250,Set,XS,1,Set,52,,,,"No paid units",Other
J0250-SKD-XXL,J0250,Set,XXL,6,Set,4,5,0.38,10.4,"4. 4-13 weeks",Other
J0250-SKD-XXXL,J0250,Set,3XL,7,Set,28,7,0.54,52.0,"5. Over 13 weeks",Other
J0251-SKD-L,J0251,Set,L,4,Set,7,1,0.08,91.0,"5. Over 13 weeks",Other
J0251-SKD-M,J0251,Set,M,3,Set,4,5,0.38,10.4,"4. 4-13 weeks",Other
J0251-SKD-S,J0251,Set,S,2,Set,23,3,0.23,99.7,"5. Over 13 weeks",Other
J0251-SKD-XL,J0251,Set,XL,5,Set,7,4,0.31,22.8,"5. Over 13 weeks",Other
J0251-SKD-XS,J0251,Set,XS,1,Set,42,4,0.31,136.5,"5. Over 13 weeks",Other
J0251-SKD-XXL,J0251,Set,XXL,6,Set,23,2,0.15,149.5,"5. Over 13 weeks",Other
J0251-SKD-XXXL,J0251,Set,3XL,7,Set,35,4,0.31,113.8,"5. Over 13 weeks",Other
J0252-SKD-L,J0252,Set,L,4,Set,1,5,0.38,2.6,"3. 2-4 weeks",Other
J0252-SKD-M,J0252,Set,M,3,Set,2,3,0.23,8.7,"4. 4-13 weeks",Other
J0252-SKD-S,J0252,Set,S,2,Set,2,3,0.23,8.7,"4. 4-13 weeks",Other
J0252-SKD-XL,J0252,Set,XL,5,Set,2,9,0.69,2.9,"3. 2-4 weeks",Other
J0252-SKD-XS,J0252,Set,XS,1,Set,9,5,0.38,23.4,"5. Over 13 weeks",Other
J0252-SKD-XXL,J0252,Set,XXL,6,Set,6,3,0.23,26.0,"5. Over 13 weeks",Other
J0252-SKD-XXXL,J0252,Set,3XL,7,Set,6,3,0.23,26.0,"5. Over 13 weeks",Other
J0254-SKD-L,J0254,Set,L,4,Set,5,2,0.15,32.5,"5. Over 13 weeks",Other
J0254-SKD-M,J0254,Set,M,3,Set,6,4,0.31,19.5,"5. Over 13 weeks",Other
J0254-SKD-S,J0254,Set,S,2,Set,15,2,0.15,97.5,"5. Over 13 weeks",Other
J0254-SKD-XL,J0254,Set,XL,5,Set,10,1,0.08,130.0,"5. Over 13 weeks",Other
J0254-SKD-XS,J0254,Set,XS,1,Set,21,1,0.08,273.0,"5. Over 13 weeks",Other
J0254-SKD-XXL,J0254,Set,XXL,6,Set,20,1,0.08,260.0,"5. Over 13 weeks",Other
J0254-SKD-XXXL,J0254,Set,3XL,7,Set,6,3,0.23,26.0,"5. Over 13 weeks",Other
J0277-SKD-L,J0277,Set,L,4,Set,6,50,3.85,1.6,"2. Under 2 weeks","Best-seller (top 10%)"
J0277-SKD-M,J0277,Set,M,3,Set,31,33,2.54,12.2,"4. 4-13 weeks","Best-seller (top 10%)"
J0277-SKD-S,J0277,Set,S,2,Set,78,26,2.0,39.0,"5. Over 13 weeks","Best-seller (top 10%)"
J0277-SKD-XL,J0277,Set,XL,5,Set,9,41,3.15,2.9,"3. 2-4 weeks","Best-seller (top 10%)"
J0277-SKD-XS,J0277,Set,XS,1,Set,72,7,0.54,133.7,"5. Over 13 weeks",Other
J0277-SKD-XXL,J0277,Set,XXL,6,Set,57,13,1.0,57.0,"5. Over 13 weeks",Other
J0277-SKD-XXXL,J0277,Set,3XL,7,Set,52,26,2.0,26.0,"5. Over 13 weeks","Best-seller (top 10%)"
J0278-SET-M,J0278,Set,M,3,Set,1,6,0.46,2.2,"3. 2-4 weeks",Other
J0278-SET-S,J0278,Set,S,2,Set,9,6,0.46,19.5,"5. Over 13 weeks",Other
J0278-SET-XL,J0278,Set,XL,5,Set,1,1,0.08,13.0,"5. Over 13 weeks",Other
J0278-SET-XXL,J0278,Set,XXL,6,Set,5,1,0.08,65.0,"5. Over 13 weeks",Other
J0278-SET-XXXL,J0278,Set,3XL,7,Set,9,6,0.46,19.5,"5. Over 13 weeks",Other
J0279-SET-L,J0279,Set,L,4,Set,8,3,0.23,34.7,"5. Over 13 weeks",Other
J0279-SET-M,J0279,Set,M,3,Set,15,2,0.15,97.5,"5. Over 13 weeks",Other
J0279-SET-S,J0279,Set,S,2,Set,42,2,0.15,273.0,"5. Over 13 weeks",Other
J0279-SET-XL,J0279,Set,XL,5,Set,13,1,0.08,169.0,"5. Over 13 weeks",Other
J0279-SET-XXL,J0279,Set,XXL,6,Set,32,1,0.08,416.0,"5. Over 13 weeks",Other
J0279-SET-XXXL,J0279,Set,3XL,7,Set,55,2,0.15,357.5,"5. Over 13 weeks",Other
J0280-SKD-L,J0280,Set,L,4,Set,119,26,2.0,59.5,"5. Over 13 weeks","Best-seller (top 10%)"
J0280-SKD-M,J0280,Set,M,3,Set,178,30,2.31,77.1,"5. Over 13 weeks","Best-seller (top 10%)"
J0280-SKD-S,J0280,Set,S,2,Set,207,49,3.77,54.9,"5. Over 13 weeks","Best-seller (top 10%)"
J0280-SKD-XL,J0280,Set,XL,5,Set,103,23,1.77,58.2,"5. Over 13 weeks","Best-seller (top 10%)"
J0280-SKD-XS,J0280,Set,XS,1,Set,144,33,2.54,56.7,"5. Over 13 weeks","Best-seller (top 10%)"
J0280-SKD-XXL,J0280,Set,XXL,6,Set,71,15,1.15,61.5,"5. Over 13 weeks",Other
J0280-SKD-XXXL,J0280,Set,3XL,7,Set,34,18,1.38,24.6,"5. Over 13 weeks","Best-seller (top 10%)"
J0281-SKD-L,J0281,Set,L,4,Set,86,18,1.38,62.1,"5. Over 13 weeks","Best-seller (top 10%)"
J0281-SKD-M,J0281,Set,M,3,Set,164,8,0.62,266.5,"5. Over 13 weeks",Other
J0281-SKD-S,J0281,Set,S,2,Set,155,47,3.62,42.9,"5. Over 13 weeks","Best-seller (top 10%)"
J0281-SKD-XL,J0281,Set,XL,5,Set,46,35,2.69,17.1,"5. Over 13 weeks","Best-seller (top 10%)"
J0281-SKD-XS,J0281,Set,XS,1,Set,97,29,2.23,43.5,"5. Over 13 weeks","Best-seller (top 10%)"
J0281-SKD-XXL,J0281,Set,XXL,6,Set,14,18,1.38,10.1,"4. 4-13 weeks",Other
J0281-SKD-XXXL,J0281,Set,3XL,7,Set,52,15,1.15,45.1,"5. Over 13 weeks",Other
J0282-SET-L,J0282,Set,L,4,Set,57,3,0.23,247.0,"5. Over 13 weeks",Other
J0282-SET-M,J0282,Set,M,3,Set,56,3,0.23,242.7,"5. Over 13 weeks",Other
J0282-SET-S,J0282,Set,S,2,Set,40,4,0.31,130.0,"5. Over 13 weeks",Other
J0282-SET-XL,J0282,Set,XL,5,Set,13,3,0.23,56.3,"5. Over 13 weeks",Other
J0282-SET-XS,J0282,Set,XS,1,Set,30,1,0.08,390.0,"5. Over 13 weeks",Other
J0282-SET-XXL,J0282,Set,XXL,6,Set,22,2,0.15,143.0,"5. Over 13 weeks",Other
J0282-SET-XXXL,J0282,Set,3XL,7,Set,27,8,0.62,43.9,"5. Over 13 weeks",Other
J0283-SET-L,J0283,Set,L,4,Set,10,42,3.23,3.1,"3. 2-4 weeks","Best-seller (top 10%)"
J0283-SET-M,J0283,Set,M,3,Set,7,25,1.92,3.6,"3. 2-4 weeks","Best-seller (top 10%)"
J0283-SET-S,J0283,Set,S,2,Set,45,9,0.69,65.0,"5. Over 13 weeks",Other
J0283-SET-XL,J0283,Set,XL,5,Set,4,39,3.0,1.3,"2. Under 2 weeks","Best-seller (top 10%)"
J0283-SET-XS,J0283,Set,XS,1,Set,23,7,0.54,42.7,"5. Over 13 weeks",Other
J0283-SET-XXL,J0283,Set,XXL,6,Set,5,26,2.0,2.5,"3. 2-4 weeks","Best-seller (top 10%)"
J0283-SET-XXXL,J0283,Set,3XL,7,Set,2,21,1.62,1.2,"2. Under 2 weeks",Other
J0284-SKD-L,J0284,Set,L,4,Set,2,7,0.54,3.7,"3. 2-4 weeks",Other
J0284-SKD-M,J0284,Set,M,3,Set,2,5,0.38,5.2,"4. 4-13 weeks",Other
J0284-SKD-S,J0284,Set,S,2,Set,5,14,1.08,4.6,"4. 4-13 weeks",Other
J0284-SKD-XL,J0284,Set,XL,5,Set,1,1,0.08,13.0,"5. Over 13 weeks",Other
J0284-SKD-XS,J0284,Set,XS,1,Set,1,2,0.15,6.5,"4. 4-13 weeks",Other
J0284-SKD-XXXL,J0284,Set,3XL,7,Set,3,8,0.62,4.9,"4. 4-13 weeks",Other
J0285-SKD-L,J0285,Set,L,4,Set,80,52,4.0,20.0,"5. Over 13 weeks","Best-seller (top 10%)"
J0285-SKD-M,J0285,Set,M,3,Set,79,57,4.38,18.0,"5. Over 13 weeks","Best-seller (top 10%)"
J0285-SKD-S,J0285,Set,S,2,Set,111,44,3.38,32.8,"5. Over 13 weeks","Best-seller (top 10%)"
J0285-SKD-XL,J0285,Set,XL,5,Set,86,71,5.46,15.7,"5. Over 13 weeks","Best-seller (top 10%)"
J0285-SKD-XS,J0285,Set,XS,1,Set,80,38,2.92,27.4,"5. Over 13 weeks","Best-seller (top 10%)"
J0285-SKD-XXL,J0285,Set,XXL,6,Set,10,38,2.92,3.4,"3. 2-4 weeks","Best-seller (top 10%)"
J0285-SKD-XXXL,J0285,Set,3XL,7,Set,38,35,2.69,14.1,"5. Over 13 weeks","Best-seller (top 10%)"
J0286-KR-L,J0286,Kurta,L,4,Kurta,3,1,0.08,39.0,"5. Over 13 weeks",Other
J0290-CD-L,J0290,Top,L,4,Top,4,3,0.23,17.3,"5. Over 13 weeks",Other
J0290-CD-S,J0290,Top,S,2,Top,6,3,0.23,26.0,"5. Over 13 weeks",Other
J0290-CD-XL,J0290,Top,XL,5,Top,11,3,0.23,47.7,"5. Over 13 weeks",Other
J0290-CD-XXL,J0290,Top,XXL,6,Top,3,4,0.31,9.8,"4. 4-13 weeks",Other
J0291-JS-L,J0291,Set,L,4,Set,6,1,0.08,78.0,"5. Over 13 weeks",Other
J0291-JS-M,J0291,Set,M,3,Set,2,3,0.23,8.7,"4. 4-13 weeks",Other
J0291-JS-S,J0291,Set,S,2,Set,4,7,0.54,7.4,"4. 4-13 weeks",Other
J0291-JS-XL,J0291,Set,XL,5,Set,3,1,0.08,39.0,"5. Over 13 weeks",Other
J0291-JS-XS,J0291,Set,XS,1,Set,3,2,0.15,19.5,"5. Over 13 weeks",Other
J0291-JS-XXXL,J0291,Set,3XL,7,Set,4,1,0.08,52.0,"5. Over 13 weeks",Other
J0292-TP-L,J0292,Top,L,4,Top,2,,,,"No paid units",Other
J0292-TP-S,J0292,Top,S,2,Top,3,6,0.46,6.5,"4. 4-13 weeks",Other
J0292-TP-XL,J0292,Top,XL,5,Top,3,2,0.15,19.5,"5. Over 13 weeks",Other
J0292-TP-XS,J0292,Top,XS,1,Top,5,8,0.62,8.1,"4. 4-13 weeks",Other
J0292-TP-XXL,J0292,Top,XXL,6,Top,3,4,0.31,9.8,"4. 4-13 weeks",Other
J0292-TP-XXXL,J0292,Top,3XL,7,Top,2,1,0.08,26.0,"5. Over 13 weeks",Other
J0293-DR-M,J0293,"Western Dress",M,3,"Western Dress",1,3,0.23,4.3,"4. 4-13 weeks",Other
J0293-DR-S,J0293,"Western Dress",S,2,"Western Dress",4,8,0.62,6.5,"4. 4-13 weeks",Other
J0293-DR-XL,J0293,"Western Dress",XL,5,"Western Dress",2,1,0.08,26.0,"5. Over 13 weeks",Other
J0293-DR-XS,J0293,"Western Dress",XS,1,"Western Dress",4,6,0.46,8.7,"4. 4-13 weeks",Other
J0293-DR-XXL,J0293,"Western Dress",XXL,6,"Western Dress",1,1,0.08,13.0,"5. Over 13 weeks",Other
J0294-TP-S,J0294,Top,S,2,Top,2,4,0.31,6.5,"4. 4-13 weeks",Other
J0294-TP-XL,J0294,Top,XL,5,Top,4,3,0.23,17.3,"5. Over 13 weeks",Other
J0294-TP-XS,J0294,Top,XS,1,Top,6,15,1.15,5.2,"4. 4-13 weeks",Other
J0294-TP-XXL,J0294,Top,XXL,6,Top,2,4,0.31,6.5,"4. 4-13 weeks",Other
J0294-TP-XXXL,J0294,Top,3XL,7,Top,5,1,0.08,65.0,"5. Over 13 weeks",Other
J0295-DR-L,J0295,"Western Dress",L,4,"Western Dress",2,23,1.77,1.1,"2. Under 2 weeks",Other
J0295-DR-M,J0295,"Western Dress",M,3,"Western Dress",7,34,2.62,2.7,"3. 2-4 weeks","Best-seller (top 10%)"
J0295-DR-S,J0295,"Western Dress",S,2,"Western Dress",3,13,1.0,3.0,"3. 2-4 weeks",Other
J0295-DR-XL,J0295,"Western Dress",XL,5,"Western Dress",3,17,1.31,2.3,"3. 2-4 weeks",Other
J0295-DR-XS,J0295,"Western Dress",XS,1,"Western Dress",5,5,0.38,13.0,"5. Over 13 weeks",Other
J0295-DR-XXL,J0295,"Western Dress",XXL,6,"Western Dress",4,16,1.23,3.3,"3. 2-4 weeks",Other
J0295-DR-XXXL,J0295,"Western Dress",3XL,7,"Western Dress",4,15,1.15,3.5,"3. 2-4 weeks",Other
J0296-DR-M,J0296,"Western Dress",M,3,"Western Dress",2,1,0.08,26.0,"5. Over 13 weeks",Other
J0296-DR-S,J0296,"Western Dress",S,2,"Western Dress",1,3,0.23,4.3,"4. 4-13 weeks",Other
J0296-DR-XS,J0296,"Western Dress",XS,1,"Western Dress",6,14,1.08,5.6,"4. 4-13 weeks",Other
J0296-DR-XXL,J0296,"Western Dress",XXL,6,"Western Dress",2,1,0.08,26.0,"5. Over 13 weeks",Other
J0297-TP-L,J0297,Top,L,4,Top,1,46,3.54,0.3,"2. Under 2 weeks","Best-seller (top 10%)"
J0297-TP-M,J0297,Top,M,3,Top,60,28,2.15,27.9,"5. Over 13 weeks",Other
J0297-TP-S,J0297,Top,S,2,Top,71,14,1.08,65.9,"5. Over 13 weeks",Other
J0297-TP-XL,J0297,Top,XL,5,Top,45,16,1.23,36.6,"5. Over 13 weeks",Other
J0297-TP-XS,J0297,Top,XS,1,Top,50,11,0.85,59.1,"5. Over 13 weeks",Other
J0297-TP-XXL,J0297,Top,XXL,6,Top,40,18,1.38,28.9,"5. Over 13 weeks",Other
J0297-TP-XXXL,J0297,Top,3XL,7,Top,36,7,0.54,66.9,"5. Over 13 weeks",Other
J0298-DR-S,J0298,"Western Dress",S,2,"Western Dress",2,2,0.15,13.0,"5. Over 13 weeks",Other
J0298-DR-XS,J0298,"Western Dress",XS,1,"Western Dress",1,4,0.31,3.3,"3. 2-4 weeks",Other
J0299-KR-L,J0299,Kurta,L,4,Kurta,3,2,0.15,19.5,"5. Over 13 weeks",Other
J0299-KR-M,J0299,Kurta,M,3,Kurta,6,5,0.38,15.6,"5. Over 13 weeks",Other
J0299-KR-S,J0299,Kurta,S,2,Kurta,2,10,0.77,2.6,"3. 2-4 weeks",Other
J0299-KR-XL,J0299,Kurta,XL,5,Kurta,2,2,0.15,13.0,"5. Over 13 weeks",Other
J0299-KR-XS,J0299,Kurta,XS,1,Kurta,3,6,0.46,6.5,"4. 4-13 weeks",Other
J0299-KR-XXL,J0299,Kurta,XXL,6,Kurta,4,2,0.15,26.0,"5. Over 13 weeks",Other
J0299-KR-XXXL,J0299,Kurta,3XL,7,Kurta,3,6,0.46,6.5,"4. 4-13 weeks",Other
J0300-TP-L,J0300,Top,L,4,Top,4,3,0.23,17.3,"5. Over 13 weeks",Other
J0300-TP-S,J0300,Top,S,2,Top,0,1,0.08,0.0,"1. Out of stock",Other
J0300-TP-XL,J0300,Top,XL,5,Top,3,9,0.69,4.3,"4. 4-13 weeks",Other
J0300-TP-XXL,J0300,Top,XXL,6,Top,2,8,0.62,3.3,"3. 2-4 weeks",Other
J0300-TP-XXXL,J0300,Top,3XL,7,Top,1,14,1.08,0.9,"2. Under 2 weeks",Other
J0301-TP-L,J0301,Top,L,4,Top,155,120,9.23,16.8,"5. Over 13 weeks","Best-seller (top 10%)"
J0301-TP-M,J0301,Top,M,3,Top,240,92,7.08,33.9,"5. Over 13 weeks","Best-seller (top 10%)"
J0301-TP-S,J0301,Top,S,2,Top,145,70,5.38,26.9,"5. Over 13 weeks","Best-seller (top 10%)"
J0301-TP-XL,J0301,Top,XL,5,Top,150,121,9.31,16.1,"5. Over 13 weeks","Best-seller (top 10%)"
J0301-TP-XS,J0301,Top,XS,1,Top,95,38,2.92,32.5,"5. Over 13 weeks",Other
J0301-TP-XXL,J0301,Top,XXL,6,Top,148,102,7.85,18.9,"5. Over 13 weeks","Best-seller (top 10%)"
J0301-TP-XXXL,J0301,Top,3XL,7,Top,180,63,4.85,37.1,"5. Over 13 weeks","Best-seller (top 10%)"
J0302-DR-XL,J0302,"Western Dress",XL,5,"Western Dress",2,,,,"No paid units",Other
J0302-DR-XS,J0302,"Western Dress",XS,1,"Western Dress",1,2,0.15,6.5,"4. 4-13 weeks",Other
J0302-DR-XXL,J0302,"Western Dress",XXL,6,"Western Dress",3,3,0.23,13.0,"5. Over 13 weeks",Other
J0302-DR-XXXL,J0302,"Western Dress",3XL,7,"Western Dress",2,4,0.31,6.5,"4. 4-13 weeks",Other
J0303-KR-XS,J0303,Kurta,XS,1,Kurta,2,1,0.08,26.0,"5. Over 13 weeks",Other
J0304-TP-XL,J0304,Top,XL,5,Top,2,3,0.23,8.7,"4. 4-13 weeks",Other
J0304-TP-XS,J0304,Top,XS,1,Top,1,4,0.31,3.3,"3. 2-4 weeks",Other
J0304-TP-XXL,J0304,Top,XXL,6,Top,4,3,0.23,17.3,"5. Over 13 weeks",Other
J0304-TP-XXXL,J0304,Top,3XL,7,Top,2,3,0.23,8.7,"4. 4-13 weeks",Other
J0305-DR-L,J0305,"Western Dress",L,4,"Western Dress",1,1,0.08,13.0,"5. Over 13 weeks",Other
J0305-DR-M,J0305,"Western Dress",M,3,"Western Dress",2,1,0.08,26.0,"5. Over 13 weeks",Other
J0305-DR-S,J0305,"Western Dress",S,2,"Western Dress",3,1,0.08,39.0,"5. Over 13 weeks",Other
J0305-DR-XS,J0305,"Western Dress",XS,1,"Western Dress",2,3,0.23,8.7,"4. 4-13 weeks",Other
J0305-DR-XXL,J0305,"Western Dress",XXL,6,"Western Dress",3,5,0.38,7.8,"4. 4-13 weeks",Other
J0306-DR-L,J0306,"Western Dress",L,4,"Western Dress",3,13,1.0,3.0,"3. 2-4 weeks",Other
J0306-DR-M,J0306,"Western Dress",M,3,"Western Dress",5,18,1.38,3.6,"3. 2-4 weeks",Other
J0306-DR-S,J0306,"Western Dress",S,2,"Western Dress",15,13,1.0,15.0,"5. Over 13 weeks",Other
J0306-DR-XL,J0306,"Western Dress",XL,5,"Western Dress",5,12,0.92,5.4,"4. 4-13 weeks",Other
J0306-DR-XS,J0306,"Western Dress",XS,1,"Western Dress",22,10,0.77,28.6,"5. Over 13 weeks",Other
J0306-DR-XXL,J0306,"Western Dress",XXL,6,"Western Dress",4,15,1.15,3.5,"3. 2-4 weeks",Other
J0306-DR-XXXL,J0306,"Western Dress",3XL,7,"Western Dress",7,12,0.92,7.6,"4. 4-13 weeks",Other
J0307-TP-L,J0307,Top,L,4,Top,5,1,0.08,65.0,"5. Over 13 weeks",Other
J0307-TP-M,J0307,Top,M,3,Top,1,4,0.31,3.3,"3. 2-4 weeks",Other
J0307-TP-S,J0307,Top,S,2,Top,4,1,0.08,52.0,"5. Over 13 weeks",Other
J0307-TP-XL,J0307,Top,XL,5,Top,3,2,0.15,19.5,"5. Over 13 weeks",Other
J0307-TP-XS,J0307,Top,XS,1,Top,2,3,0.23,8.7,"4. 4-13 weeks",Other
J0307-TP-XXL,J0307,Top,XXL,6,Top,2,2,0.15,13.0,"5. Over 13 weeks",Other
J0307-TP-XXXL,J0307,Top,3XL,7,Top,8,4,0.31,26.0,"5. Over 13 weeks",Other
J0308-DR-L,J0308,"Western Dress",L,4,"Western Dress",2,46,3.54,0.6,"2. Under 2 weeks","Best-seller (top 10%)"
J0308-DR-M,J0308,"Western Dress",M,3,"Western Dress",4,31,2.38,1.7,"2. Under 2 weeks",Other
J0308-DR-S,J0308,"Western Dress",S,2,"Western Dress",3,13,1.0,3.0,"3. 2-4 weeks",Other
J0308-DR-XL,J0308,"Western Dress",XL,5,"Western Dress",2,39,3.0,0.7,"2. Under 2 weeks","Best-seller (top 10%)"
J0308-DR-XS,J0308,"Western Dress",XS,1,"Western Dress",35,11,0.85,41.4,"5. Over 13 weeks",Other
J0308-DR-XXL,J0308,"Western Dress",XXL,6,"Western Dress",2,63,4.85,0.4,"2. Under 2 weeks","Best-seller (top 10%)"
J0308-DR-XXXL,J0308,"Western Dress",3XL,7,"Western Dress",2,71,5.46,0.4,"2. Under 2 weeks","Best-seller (top 10%)"
J0310-TP-L,J0310,Top,L,4,Top,2,3,0.23,8.7,"4. 4-13 weeks",Other
J0310-TP-M,J0310,Top,M,3,Top,4,5,0.38,10.4,"4. 4-13 weeks",Other
J0310-TP-S,J0310,Top,S,2,Top,14,1,0.08,182.0,"5. Over 13 weeks",Other
J0310-TP-XL,J0310,Top,XL,5,Top,3,6,0.46,6.5,"4. 4-13 weeks",Other
J0310-TP-XS,J0310,Top,XS,1,Top,21,1,0.08,273.0,"5. Over 13 weeks",Other
J0310-TP-XXL,J0310,Top,XXL,6,Top,4,3,0.23,17.3,"5. Over 13 weeks",Other
J0314-KR-L,J0314,Kurta,L,4,Kurta,5,,,,"No paid units",Other
J0314-KR-M,J0314,Kurta,M,3,Kurta,3,3,0.23,13.0,"5. Over 13 weeks",Other
J0314-KR-S,J0314,Kurta,S,2,Kurta,3,2,0.15,19.5,"5. Over 13 weeks",Other
J0314-KR-XL,J0314,Kurta,XL,5,Kurta,4,3,0.23,17.3,"5. Over 13 weeks",Other
J0319-KR-L,J0319,Kurta,L,4,Kurta,3,1,0.08,39.0,"5. Over 13 weeks",Other
J0319-KR-S,J0319,Kurta,S,2,Kurta,2,1,0.08,26.0,"5. Over 13 weeks",Other
J0319-KR-XL,J0319,Kurta,XL,5,Kurta,2,1,0.08,26.0,"5. Over 13 weeks",Other
J0319-KR-XXL,J0319,Kurta,XXL,6,Kurta,3,1,0.08,39.0,"5. Over 13 weeks",Other
J0323-CD-L,J0323,Top,L,4,Top,2,2,0.15,13.0,"5. Over 13 weeks",Other
J0323-CD-M,J0323,Top,M,3,Top,5,,,,"No paid units",Other
J0323-CD-S,J0323,Top,S,2,Top,4,1,0.08,52.0,"5. Over 13 weeks",Other
J0323-CD-XXL,J0323,Top,XXL,6,Top,2,1,0.08,26.0,"5. Over 13 weeks",Other
J0324-CD-L,J0324,Top,L,4,Top,4,,,,"No paid units",Other
J0328-KR-L,J0328,Kurta,L,4,Kurta,0,13,1.0,0.0,"1. Out of stock",Other
J0328-KR-M,J0328,Kurta,M,3,Kurta,0,1,0.08,0.0,"1. Out of stock",Other
J0328-KR-S,J0328,Kurta,S,2,Kurta,0,2,0.15,0.0,"1. Out of stock",Other
J0328-KR-XL,J0328,Kurta,XL,5,Kurta,0,3,0.23,0.0,"1. Out of stock",Other
J0328-KR-XS,J0328,Kurta,XS,1,Kurta,1,7,0.54,1.9,"2. Under 2 weeks",Other
J0328-KR-XXL,J0328,Kurta,XXL,6,Kurta,0,16,1.23,0.0,"1. Out of stock",Other
J0328-KR-XXXL,J0328,Kurta,3XL,7,Kurta,0,9,0.69,0.0,"1. Out of stock",Other
J0329-KR-L,J0329,Kurta,L,4,Kurta,0,6,0.46,0.0,"1. Out of stock",Other
J0329-KR-M,J0329,Kurta,M,3,Kurta,0,5,0.38,0.0,"1. Out of stock",Other
J0329-KR-S,J0329,Kurta,S,2,Kurta,2,5,0.38,5.2,"4. 4-13 weeks",Other
J0329-KR-XL,J0329,Kurta,XL,5,Kurta,26,13,1.0,26.0,"5. Over 13 weeks",Other
J0329-KR-XS,J0329,Kurta,XS,1,Kurta,24,6,0.46,52.0,"5. Over 13 weeks",Other
J0329-KR-XXL,J0329,Kurta,XXL,6,Kurta,6,7,0.54,11.1,"4. 4-13 weeks",Other
J0329-KR-XXXL,J0329,Kurta,3XL,7,Kurta,7,11,0.85,8.3,"4. 4-13 weeks",Other
J0330-KR-L,J0330,Kurta,L,4,Kurta,6,3,0.23,26.0,"5. Over 13 weeks",Other
J0330-KR-M,J0330,Kurta,M,3,Kurta,8,3,0.23,34.7,"5. Over 13 weeks",Other
J0330-KR-XL,J0330,Kurta,XL,5,Kurta,3,2,0.15,19.5,"5. Over 13 weeks",Other
J0330-KR-XS,J0330,Kurta,XS,1,Kurta,5,2,0.15,32.5,"5. Over 13 weeks",Other
J0330-KR-XXL,J0330,Kurta,XXL,6,Kurta,24,3,0.23,104.0,"5. Over 13 weeks",Other
J0330-KR-XXXL,J0330,Kurta,3XL,7,Kurta,23,3,0.23,99.7,"5. Over 13 weeks",Other
J0331-KR-L,J0331,Kurta,L,4,Kurta,57,9,0.69,82.3,"5. Over 13 weeks",Other
J0331-KR-M,J0331,Kurta,M,3,Kurta,64,8,0.62,104.0,"5. Over 13 weeks",Other
J0331-KR-S,J0331,Kurta,S,2,Kurta,50,3,0.23,216.7,"5. Over 13 weeks",Other
J0331-KR-XL,J0331,Kurta,XL,5,Kurta,51,8,0.62,82.9,"5. Over 13 weeks",Other
J0331-KR-XS,J0331,Kurta,XS,1,Kurta,52,1,0.08,676.0,"5. Over 13 weeks",Other
J0331-KR-XXL,J0331,Kurta,XXL,6,Kurta,60,6,0.46,130.0,"5. Over 13 weeks",Other
J0331-KR-XXXL,J0331,Kurta,3XL,7,Kurta,27,17,1.31,20.6,"5. Over 13 weeks",Other
J0332-DR-L,J0332,"Western Dress",L,4,"Western Dress",0,5,0.38,0.0,"1. Out of stock",Other
J0332-DR-M,J0332,"Western Dress",M,3,"Western Dress",3,12,0.92,3.3,"3. 2-4 weeks",Other
J0332-DR-S,J0332,"Western Dress",S,2,"Western Dress",2,17,1.31,1.5,"2. Under 2 weeks",Other
J0332-DR-XL,J0332,"Western Dress",XL,5,"Western Dress",3,18,1.38,2.2,"3. 2-4 weeks",Other
J0332-DR-XS,J0332,"Western Dress",XS,1,"Western Dress",1,11,0.85,1.2,"2. Under 2 weeks",Other
J0332-DR-XXL,J0332,"Western Dress",XXL,6,"Western Dress",4,30,2.31,1.7,"2. Under 2 weeks",Other
J0332-DR-XXXL,J0332,"Western Dress",3XL,7,"Western Dress",2,16,1.23,1.6,"2. Under 2 weeks",Other
J0333-DR-L,J0333,"Western Dress",L,4,"Western Dress",28,17,1.31,21.4,"5. Over 13 weeks",Other
J0333-DR-M,J0333,"Western Dress",M,3,"Western Dress",29,8,0.62,47.1,"5. Over 13 weeks",Other
J0333-DR-S,J0333,"Western Dress",S,2,"Western Dress",5,5,0.38,13.0,"5. Over 13 weeks",Other
J0333-DR-XL,J0333,"Western Dress",XL,5,"Western Dress",78,8,0.62,126.8,"5. Over 13 weeks",Other
J0333-DR-XS,J0333,"Western Dress",XS,1,"Western Dress",42,2,0.15,273.0,"5. Over 13 weeks",Other
J0333-DR-XXL,J0333,"Western Dress",XXL,6,"Western Dress",65,9,0.69,93.9,"5. Over 13 weeks",Other
J0333-DR-XXXL,J0333,"Western Dress",3XL,7,"Western Dress",36,30,2.31,15.6,"5. Over 13 weeks","Best-seller (top 10%)"
J0334-TP-L,J0334,Top,L,4,Top,22,23,1.77,12.4,"4. 4-13 weeks",Other
J0334-TP-M,J0334,Top,M,3,Top,22,42,3.23,6.8,"4. 4-13 weeks",Other
J0334-TP-S,J0334,Top,S,2,Top,5,35,2.69,1.9,"2. Under 2 weeks",Other
J0334-TP-XL,J0334,Top,XL,5,Top,2,20,1.54,1.3,"2. Under 2 weeks",Other
J0334-TP-XS,J0334,Top,XS,1,Top,44,20,1.54,28.6,"5. Over 13 weeks",Other
J0334-TP-XXL,J0334,Top,XXL,6,Top,15,14,1.08,13.9,"5. Over 13 weeks",Other
J0334-TP-XXXL,J0334,Top,3XL,7,Top,42,8,0.62,68.3,"5. Over 13 weeks",Other
J0335-DR-L,J0335,"Western Dress",L,4,"Western Dress",11,129,9.92,1.1,"2. Under 2 weeks","Best-seller (top 10%)"
J0335-DR-M,J0335,"Western Dress",M,3,"Western Dress",13,85,6.54,2.0,"2. Under 2 weeks","Best-seller (top 10%)"
J0335-DR-S,J0335,"Western Dress",S,2,"Western Dress",28,41,3.15,8.9,"4. 4-13 weeks","Best-seller (top 10%)"
J0335-DR-XL,J0335,"Western Dress",XL,5,"Western Dress",13,84,6.46,2.0,"3. 2-4 weeks","Best-seller (top 10%)"
J0335-DR-XS,J0335,"Western Dress",XS,1,"Western Dress",122,30,2.31,52.9,"5. Over 13 weeks","Best-seller (top 10%)"
J0335-DR-XXL,J0335,"Western Dress",XXL,6,"Western Dress",3,57,4.38,0.7,"2. Under 2 weeks","Best-seller (top 10%)"
J0335-DR-XXXL,J0335,"Western Dress",3XL,7,"Western Dress",6,19,1.46,4.1,"4. 4-13 weeks",Other
J0336-TP-L,J0336,Top,L,4,Top,26,26,2.0,13.0,"5. Over 13 weeks",Other
J0336-TP-M,J0336,Top,M,3,Top,41,26,2.0,20.5,"5. Over 13 weeks",Other
J0336-TP-S,J0336,Top,S,2,Top,54,10,0.77,70.2,"5. Over 13 weeks",Other
J0336-TP-XL,J0336,Top,XL,5,Top,50,20,1.54,32.5,"5. Over 13 weeks",Other
J0336-TP-XS,J0336,Top,XS,1,Top,27,6,0.46,58.5,"5. Over 13 weeks",Other
J0336-TP-XXL,J0336,Top,XXL,6,Top,63,20,1.54,40.9,"5. Over 13 weeks",Other
J0336-TP-XXXL,J0336,Top,3XL,7,Top,48,33,2.54,18.9,"5. Over 13 weeks",Other
J0337-TP-L,J0337,Top,L,4,Top,60,25,1.92,31.2,"5. Over 13 weeks",Other
J0337-TP-M,J0337,Top,M,3,Top,69,28,2.15,32.0,"5. Over 13 weeks",Other
J0337-TP-S,J0337,Top,S,2,Top,58,14,1.08,53.9,"5. Over 13 weeks",Other
J0337-TP-XL,J0337,Top,XL,5,Top,75,14,1.08,69.6,"5. Over 13 weeks",Other
J0337-TP-XS,J0337,Top,XS,1,Top,21,10,0.77,27.3,"5. Over 13 weeks",Other
J0337-TP-XXL,J0337,Top,XXL,6,Top,46,17,1.31,35.2,"5. Over 13 weeks",Other
J0337-TP-XXXL,J0337,Top,3XL,7,Top,15,16,1.23,12.2,"4. 4-13 weeks",Other
J0338-DR-L,J0338,"Western Dress",L,4,"Western Dress",145,49,3.77,38.5,"5. Over 13 weeks","Best-seller (top 10%)"
J0338-DR-M,J0338,"Western Dress",M,3,"Western Dress",224,25,1.92,116.5,"5. Over 13 weeks",Other
J0338-DR-S,J0338,"Western Dress",S,2,"Western Dress",245,43,3.31,74.1,"5. Over 13 weeks","Best-seller (top 10%)"
J0338-DR-XL,J0338,"Western Dress",XL,5,"Western Dress",116,38,2.92,39.7,"5. Over 13 weeks","Best-seller (top 10%)"
J0338-DR-XS,J0338,"Western Dress",XS,1,"Western Dress",146,45,3.46,42.2,"5. Over 13 weeks","Best-seller (top 10%)"
J0338-DR-XXL,J0338,"Western Dress",XXL,6,"Western Dress",37,17,1.31,28.3,"5. Over 13 weeks",Other
J0338-DR-XXXL,J0338,"Western Dress",3XL,7,"Western Dress",52,27,2.08,25.0,"5. Over 13 weeks",Other
J0339-DR-L,J0339,"Western Dress",L,4,"Western Dress",5,115,8.85,0.6,"2. Under 2 weeks","Best-seller (top 10%)"
J0339-DR-M,J0339,"Western Dress",M,3,"Western Dress",12,143,11.0,1.1,"2. Under 2 weeks","Best-seller (top 10%)"
J0339-DR-S,J0339,"Western Dress",S,2,"Western Dress",100,99,7.62,13.1,"5. Over 13 weeks","Best-seller (top 10%)"
J0339-DR-XL,J0339,"Western Dress",XL,5,"Western Dress",17,159,12.23,1.4,"2. Under 2 weeks","Best-seller (top 10%)"
J0339-DR-XS,J0339,"Western Dress",XS,1,"Western Dress",46,39,3.0,15.3,"5. Over 13 weeks","Best-seller (top 10%)"
J0339-DR-XXL,J0339,"Western Dress",XXL,6,"Western Dress",20,104,8.0,2.5,"3. 2-4 weeks","Best-seller (top 10%)"
J0339-DR-XXXL,J0339,"Western Dress",3XL,7,"Western Dress",10,85,6.54,1.5,"2. Under 2 weeks","Best-seller (top 10%)"
J0340-TP-L,J0340,Top,L,4,Top,86,45,3.46,24.8,"5. Over 13 weeks","Best-seller (top 10%)"
J0340-TP-M,J0340,Top,M,3,Top,40,72,5.54,7.2,"4. 4-13 weeks","Best-seller (top 10%)"
J0340-TP-S,J0340,Top,S,2,Top,12,54,4.15,2.9,"3. 2-4 weeks","Best-seller (top 10%)"
J0340-TP-XL,J0340,Top,XL,5,Top,21,22,1.69,12.4,"4. 4-13 weeks",Other
J0340-TP-XS,J0340,Top,XS,1,Top,49,61,4.69,10.4,"4. 4-13 weeks","Best-seller (top 10%)"
J0340-TP-XXL,J0340,Top,XXL,6,Top,24,25,1.92,12.5,"4. 4-13 weeks",Other
J0340-TP-XXXL,J0340,Top,3XL,7,Top,18,11,0.85,21.3,"5. Over 13 weeks",Other
J0341-DR-L,J0341,"Western Dress",L,4,"Western Dress",193,244,18.77,10.3,"4. 4-13 weeks","Best-seller (top 10%)"
J0341-DR-M,J0341,"Western Dress",M,3,"Western Dress",198,244,18.77,10.5,"4. 4-13 weeks","Best-seller (top 10%)"
J0341-DR-S,J0341,"Western Dress",S,2,"Western Dress",441,218,16.77,26.3,"5. Over 13 weeks","Best-seller (top 10%)"
J0341-DR-XL,J0341,"Western Dress",XL,5,"Western Dress",31,179,13.77,2.3,"3. 2-4 weeks","Best-seller (top 10%)"
J0341-DR-XS,J0341,"Western Dress",XS,1,"Western Dress",77,130,10.0,7.7,"4. 4-13 weeks","Best-seller (top 10%)"
J0341-DR-XXL,J0341,"Western Dress",XXL,6,"Western Dress",166,188,14.46,11.5,"4. 4-13 weeks","Best-seller (top 10%)"
J0341-DR-XXXL,J0341,"Western Dress",3XL,7,"Western Dress",329,166,12.77,25.8,"5. Over 13 weeks","Best-seller (top 10%)"
J0342-TP-L,J0342,Top,L,4,Top,70,42,3.23,21.7,"5. Over 13 weeks","Best-seller (top 10%)"
J0342-TP-M,J0342,Top,M,3,Top,182,35,2.69,67.6,"5. Over 13 weeks",Other
J0342-TP-S,J0342,Top,S,2,Top,151,31,2.38,63.3,"5. Over 13 weeks",Other
J0342-TP-XL,J0342,Top,XL,5,Top,92,8,0.62,149.5,"5. Over 13 weeks",Other
J0342-TP-XS,J0342,Top,XS,1,Top,116,17,1.31,88.7,"5. Over 13 weeks",Other
J0342-TP-XXL,J0342,Top,XXL,6,Top,61,12,0.92,66.1,"5. Over 13 weeks",Other
J0342-TP-XXXL,J0342,Top,3XL,7,Top,49,11,0.85,57.9,"5. Over 13 weeks",Other
J0343-DR-L,J0343,"Western Dress",L,4,"Western Dress",83,29,2.23,37.2,"5. Over 13 weeks",Other
J0343-DR-M,J0343,"Western Dress",M,3,"Western Dress",153,88,6.77,22.6,"5. Over 13 weeks","Best-seller (top 10%)"
J0343-DR-S,J0343,"Western Dress",S,2,"Western Dress",108,46,3.54,30.5,"5. Over 13 weeks","Best-seller (top 10%)"
J0343-DR-XL,J0343,"Western Dress",XL,5,"Western Dress",74,76,5.85,12.7,"4. 4-13 weeks","Best-seller (top 10%)"
J0343-DR-XS,J0343,"Western Dress",XS,1,"Western Dress",131,20,1.54,85.1,"5. Over 13 weeks",Other
J0343-DR-XXL,J0343,"Western Dress",XXL,6,"Western Dress",49,60,4.62,10.6,"4. 4-13 weeks","Best-seller (top 10%)"
J0343-DR-XXXL,J0343,"Western Dress",3XL,7,"Western Dress",7,66,5.08,1.4,"2. Under 2 weeks","Best-seller (top 10%)"
J0344-TP-L,J0344,Top,L,4,Top,234,85,6.54,35.8,"5. Over 13 weeks","Best-seller (top 10%)"
J0344-TP-M,J0344,Top,M,3,Top,154,78,6.0,25.7,"5. Over 13 weeks","Best-seller (top 10%)"
J0344-TP-S,J0344,Top,S,2,Top,139,46,3.54,39.3,"5. Over 13 weeks","Best-seller (top 10%)"
J0344-TP-XL,J0344,Top,XL,5,Top,145,67,5.15,28.1,"5. Over 13 weeks","Best-seller (top 10%)"
J0344-TP-XS,J0344,Top,XS,1,Top,131,25,1.92,68.1,"5. Over 13 weeks",Other
J0344-TP-XXL,J0344,Top,XXL,6,Top,177,57,4.38,40.4,"5. Over 13 weeks","Best-seller (top 10%)"
J0344-TP-XXXL,J0344,Top,3XL,7,Top,157,37,2.85,55.2,"5. Over 13 weeks",Other
J0345-SET-L,J0345,Set,L,4,Set,4,8,0.62,6.5,"4. 4-13 weeks",Other
J0345-SET-M,J0345,Set,M,3,Set,1,3,0.23,4.3,"4. 4-13 weeks",Other
J0345-SET-XL,J0345,Set,XL,5,Set,8,15,1.15,6.9,"4. 4-13 weeks",Other
J0345-SET-XS,J0345,Set,XS,1,Set,0,4,0.31,0.0,"1. Out of stock",Other
J0345-SET-XXL,J0345,Set,XXL,6,Set,25,7,0.54,46.4,"5. Over 13 weeks",Other
J0345-SET-XXXL,J0345,Set,3XL,7,Set,32,13,1.0,32.0,"5. Over 13 weeks",Other
J0346-SET-L,J0346,Set,L,4,Set,6,33,2.54,2.4,"3. 2-4 weeks",Other
J0346-SET-S,J0346,Set,S,2,Set,2,4,0.31,6.5,"4. 4-13 weeks",Other
J0346-SET-XL,J0346,Set,XL,5,Set,5,57,4.38,1.1,"2. Under 2 weeks","Best-seller (top 10%)"
J0346-SET-XS,J0346,Set,XS,1,Set,3,15,1.15,2.6,"3. 2-4 weeks",Other
J0346-SET-XXL,J0346,Set,XXL,6,Set,28,22,1.69,16.5,"5. Over 13 weeks",Other
J0346-SET-XXXL,J0346,Set,3XL,7,Set,29,18,1.38,20.9,"5. Over 13 weeks",Other
J0347-SET-L,J0347,Set,L,4,Set,1,5,0.38,2.6,"3. 2-4 weeks",Other
J0347-SET-XL,J0347,Set,XL,5,Set,6,11,0.85,7.1,"4. 4-13 weeks",Other
J0347-SET-XS,J0347,Set,XS,1,Set,3,3,0.23,13.0,"5. Over 13 weeks",Other
J0347-SET-XXL,J0347,Set,XXL,6,Set,11,4,0.31,35.8,"5. Over 13 weeks",Other
J0347-SET-XXXL,J0347,Set,3XL,7,Set,26,7,0.54,48.3,"5. Over 13 weeks",Other
J0348-SET-L,J0348,Set,L,4,Set,7,22,1.69,4.1,"4. 4-13 weeks",Other
J0348-SET-M,J0348,Set,M,3,Set,4,11,0.85,4.7,"4. 4-13 weeks",Other
J0348-SET-S,J0348,Set,S,2,Set,4,14,1.08,3.7,"3. 2-4 weeks",Other
J0348-SET-XL,J0348,Set,XL,5,Set,28,11,0.85,33.1,"5. Over 13 weeks",Other
J0348-SET-XS,J0348,Set,XS,1,Set,4,10,0.77,5.2,"4. 4-13 weeks",Other
J0348-SET-XXL,J0348,Set,XXL,6,Set,45,5,0.38,117.0,"5. Over 13 weeks",Other
J0348-SET-XXXL,J0348,Set,3XL,7,Set,34,6,0.46,73.7,"5. Over 13 weeks",Other
J0349-SET-L,J0349,Set,L,4,Set,111,99,7.62,14.6,"5. Over 13 weeks","Best-seller (top 10%)"
J0349-SET-M,J0349,Set,M,3,Set,232,92,7.08,32.8,"5. Over 13 weeks","Best-seller (top 10%)"
J0349-SET-S,J0349,Set,S,2,Set,95,91,7.0,13.6,"5. Over 13 weeks","Best-seller (top 10%)"
J0349-SET-XL,J0349,Set,XL,5,Set,64,40,3.08,20.8,"5. Over 13 weeks","Best-seller (top 10%)"
J0349-SET-XS,J0349,Set,XS,1,Set,77,61,4.69,16.4,"5. Over 13 weeks","Best-seller (top 10%)"
J0349-SET-XXL,J0349,Set,XXL,6,Set,11,22,1.69,6.5,"4. 4-13 weeks",Other
J0349-SET-XXXL,J0349,Set,3XL,7,Set,27,26,2.0,13.5,"5. Over 13 weeks",Other
J0350-SET-L,J0350,Set,L,4,Set,2,3,0.23,8.7,"4. 4-13 weeks",Other
J0350-SET-M,J0350,Set,M,3,Set,2,2,0.15,13.0,"5. Over 13 weeks",Other
J0350-SET-XL,J0350,Set,XL,5,Set,3,11,0.85,3.5,"3. 2-4 weeks",Other
J0350-SET-XS,J0350,Set,XS,1,Set,1,1,0.08,13.0,"5. Over 13 weeks",Other
J0350-SET-XXL,J0350,Set,XXL,6,Set,15,6,0.46,32.5,"5. Over 13 weeks",Other
J0350-SET-XXXL,J0350,Set,3XL,7,Set,10,4,0.31,32.5,"5. Over 13 weeks",Other
J0351-SET-L,J0351,Set,L,4,Set,24,30,2.31,10.4,"4. 4-13 weeks",Other
J0351-SET-M,J0351,Set,M,3,Set,99,4,0.31,321.8,"5. Over 13 weeks",Other
J0351-SET-S,J0351,Set,S,2,Set,30,13,1.0,30.0,"5. Over 13 weeks",Other
J0351-SET-XL,J0351,Set,XL,5,Set,13,11,0.85,15.4,"5. Over 13 weeks",Other
J0351-SET-XS,J0351,Set,XS,1,Set,20,6,0.46,43.3,"5. Over 13 weeks",Other
J0351-SET-XXL,J0351,Set,XXL,6,Set,23,8,0.62,37.4,"5. Over 13 weeks",Other
J0351-SET-XXXL,J0351,Set,3XL,7,Set,18,12,0.92,19.5,"5. Over 13 weeks",Other
J0352-KR-L,J0352,Kurta,L,4,Kurta,22,5,0.38,57.2,"5. Over 13 weeks",Other
J0352-KR-M,J0352,Kurta,M,3,Kurta,54,5,0.38,140.4,"5. Over 13 weeks",Other
J0352-KR-S,J0352,Kurta,S,2,Kurta,30,13,1.0,30.0,"5. Over 13 weeks",Other
J0352-KR-XL,J0352,Kurta,XL,5,Kurta,15,7,0.54,27.9,"5. Over 13 weeks",Other
J0352-KR-XXL,J0352,Kurta,XXL,6,Kurta,26,17,1.31,19.9,"5. Over 13 weeks",Other
J0353-KR-L,J0353,Kurta,L,4,Kurta,85,10,0.77,110.5,"5. Over 13 weeks",Other
J0353-KR-M,J0353,Kurta,M,3,Kurta,91,13,1.0,91.0,"5. Over 13 weeks",Other
J0353-KR-S,J0353,Kurta,S,2,Kurta,129,6,0.46,279.5,"5. Over 13 weeks",Other
J0353-KR-XL,J0353,Kurta,XL,5,Kurta,35,37,2.85,12.3,"4. 4-13 weeks",Other
J0353-KR-XXL,J0353,Kurta,XXL,6,Kurta,9,26,2.0,4.5,"4. 4-13 weeks",Other
J0354-KR-L,J0354,Kurta,L,4,Kurta,66,25,1.92,34.3,"5. Over 13 weeks",Other
J0354-KR-M,J0354,Kurta,M,3,Kurta,77,29,2.23,34.5,"5. Over 13 weeks",Other
J0354-KR-S,J0354,Kurta,S,2,Kurta,37,19,1.46,25.3,"5. Over 13 weeks",Other
J0354-KR-XL,J0354,Kurta,XL,5,Kurta,81,15,1.15,70.2,"5. Over 13 weeks",Other
J0354-KR-XXL,J0354,Kurta,XXL,6,Kurta,26,19,1.46,17.8,"5. Over 13 weeks",Other
J0355-KR-L,J0355,Kurta,L,4,Kurta,26,41,3.15,8.2,"4. 4-13 weeks","Best-seller (top 10%)"
J0355-KR-M,J0355,Kurta,M,3,Kurta,33,27,2.08,15.9,"5. Over 13 weeks",Other
J0355-KR-S,J0355,Kurta,S,2,Kurta,33,18,1.38,23.8,"5. Over 13 weeks",Other
J0355-KR-XL,J0355,Kurta,XL,5,Kurta,30,10,0.77,39.0,"5. Over 13 weeks",Other
J0355-KR-XXL,J0355,Kurta,XXL,6,Kurta,6,16,1.23,4.9,"4. 4-13 weeks",Other
J0369-SKD-L,J0369,Set,L,4,Set,3,5,0.38,7.8,"4. 4-13 weeks",Other
J0369-SKD-M,J0369,Set,M,3,Set,5,9,0.69,7.2,"4. 4-13 weeks",Other
J0369-SKD-S,J0369,Set,S,2,Set,7,7,0.54,13.0,"5. Over 13 weeks",Other
J0369-SKD-XL,J0369,Set,XL,5,Set,2,3,0.23,8.7,"4. 4-13 weeks",Other
J0369-SKD-XS,J0369,Set,XS,1,Set,37,4,0.31,120.3,"5. Over 13 weeks",Other
J0369-SKD-XXL,J0369,Set,XXL,6,Set,33,2,0.15,214.5,"5. Over 13 weeks",Other
J0369-SKD-XXXL,J0369,Set,3XL,7,Set,23,3,0.23,99.7,"5. Over 13 weeks",Other
J0370-SKD-L,J0370,Set,L,4,Set,32,1,0.08,416.0,"5. Over 13 weeks",Other
J0370-SKD-S,J0370,Set,S,2,Set,37,4,0.31,120.3,"5. Over 13 weeks",Other
J0370-SKD-XL,J0370,Set,XL,5,Set,32,6,0.46,69.3,"5. Over 13 weeks",Other
J0370-SKD-XS,J0370,Set,XS,1,Set,46,2,0.15,299.0,"5. Over 13 weeks",Other
J0370-SKD-XXL,J0370,Set,XXL,6,Set,55,2,0.15,357.5,"5. Over 13 weeks",Other
J0370-SKD-XXXL,J0370,Set,3XL,7,Set,35,8,0.62,56.9,"5. Over 13 weeks",Other
J0371-SKD-M,J0371,Set,M,3,Set,2,1,0.08,26.0,"5. Over 13 weeks",Other
J0371-SKD-S,J0371,Set,S,2,Set,2,2,0.15,13.0,"5. Over 13 weeks",Other
J0371-SKD-XL,J0371,Set,XL,5,Set,3,1,0.08,39.0,"5. Over 13 weeks",Other
J0371-SKD-XS,J0371,Set,XS,1,Set,6,4,0.31,19.5,"5. Over 13 weeks",Other
J0371-SKD-XXL,J0371,Set,XXL,6,Set,11,4,0.31,35.8,"5. Over 13 weeks",Other
J0371-SKD-XXXL,J0371,Set,3XL,7,Set,20,2,0.15,130.0,"5. Over 13 weeks",Other
J0372-SKD-L,J0372,Set,L,4,Set,31,16,1.23,25.2,"5. Over 13 weeks",Other
J0372-SKD-M,J0372,Set,M,3,Set,25,14,1.08,23.2,"5. Over 13 weeks",Other
J0372-SKD-S,J0372,Set,S,2,Set,39,6,0.46,84.5,"5. Over 13 weeks",Other
J0372-SKD-XL,J0372,Set,XL,5,Set,32,5,0.38,83.2,"5. Over 13 weeks",Other
J0372-SKD-XS,J0372,Set,XS,1,Set,26,4,0.31,84.5,"5. Over 13 weeks",Other
J0372-SKD-XXL,J0372,Set,XXL,6,Set,22,9,0.69,31.8,"5. Over 13 weeks",Other
J0372-SKD-XXXL,J0372,Set,3XL,7,Set,26,4,0.31,84.5,"5. Over 13 weeks",Other
J0373-KR-L,J0373,Kurta,L,4,Kurta,5,9,0.69,7.2,"4. 4-13 weeks",Other
J0373-KR-M,J0373,Kurta,M,3,Kurta,4,12,0.92,4.3,"4. 4-13 weeks",Other
J0373-KR-S,J0373,Kurta,S,2,Kurta,24,11,0.85,28.4,"5. Over 13 weeks",Other
J0373-KR-XL,J0373,Kurta,XL,5,Kurta,3,15,1.15,2.6,"3. 2-4 weeks",Other
J0373-KR-XS,J0373,Kurta,XS,1,Kurta,41,11,0.85,48.5,"5. Over 13 weeks",Other
J0373-KR-XXL,J0373,Kurta,XXL,6,Kurta,21,18,1.38,15.2,"5. Over 13 weeks",Other
J0373-KR-XXXL,J0373,Kurta,3XL,7,Kurta,8,15,1.15,6.9,"4. 4-13 weeks",Other
J0374-KR-L,J0374,Kurta,L,4,Kurta,3,4,0.31,9.8,"4. 4-13 weeks",Other
J0374-KR-M,J0374,Kurta,M,3,Kurta,2,,,,"No paid units",Other
J0374-KR-XL,J0374,Kurta,XL,5,Kurta,5,4,0.31,16.3,"5. Over 13 weeks",Other
J0374-KR-XS,J0374,Kurta,XS,1,Kurta,23,2,0.15,149.5,"5. Over 13 weeks",Other
J0374-KR-XXL,J0374,Kurta,XXL,6,Kurta,5,4,0.31,16.3,"5. Over 13 weeks",Other
J0374-KR-XXXL,J0374,Kurta,3XL,7,Kurta,7,4,0.31,22.8,"5. Over 13 weeks",Other
J0375-SKD-L,J0375,Set,L,4,Set,35,3,0.23,151.7,"5. Over 13 weeks",Other
J0375-SKD-M,J0375,Set,M,3,Set,47,4,0.31,152.8,"5. Over 13 weeks",Other
J0375-SKD-S,J0375,Set,S,2,Set,34,3,0.23,147.3,"5. Over 13 weeks",Other
J0375-SKD-XL,J0375,Set,XL,5,Set,22,7,0.54,40.9,"5. Over 13 weeks",Other
J0375-SKD-XS,J0375,Set,XS,1,Set,37,2,0.15,240.5,"5. Over 13 weeks",Other
J0375-SKD-XXL,J0375,Set,XXL,6,Set,37,2,0.15,240.5,"5. Over 13 weeks",Other
J0375-SKD-XXXL,J0375,Set,3XL,7,Set,19,6,0.46,41.2,"5. Over 13 weeks",Other
J0376-SKD-L,J0376,Set,L,4,Set,1,28,2.15,0.5,"2. Under 2 weeks","Best-seller (top 10%)"
J0376-SKD-M,J0376,Set,M,3,Set,0,21,1.62,0.0,"1. Out of stock",Other
J0376-SKD-S,J0376,Set,S,2,Set,7,30,2.31,3.0,"3. 2-4 weeks","Best-seller (top 10%)"
J0376-SKD-XL,J0376,Set,XL,5,Set,9,31,2.38,3.8,"3. 2-4 weeks","Best-seller (top 10%)"
J0376-SKD-XS,J0376,Set,XS,1,Set,5,22,1.69,3.0,"3. 2-4 weeks",Other
J0376-SKD-XXL,J0376,Set,XXL,6,Set,3,38,2.92,1.0,"2. Under 2 weeks","Best-seller (top 10%)"
J0376-SKD-XXXL,J0376,Set,3XL,7,Set,2,22,1.69,1.2,"2. Under 2 weeks",Other
J0377-SKD-L,J0377,Set,L,4,Set,7,21,1.62,4.3,"4. 4-13 weeks",Other
J0377-SKD-M,J0377,Set,M,3,Set,3,21,1.62,1.9,"2. Under 2 weeks",Other
J0377-SKD-S,J0377,Set,S,2,Set,23,3,0.23,99.7,"5. Over 13 weeks",Other
J0377-SKD-XL,J0377,Set,XL,5,Set,0,23,1.77,0.0,"1. Out of stock","Best-seller (top 10%)"
J0377-SKD-XS,J0377,Set,XS,1,Set,25,4,0.31,81.3,"5. Over 13 weeks",Other
J0377-SKD-XXL,J0377,Set,XXL,6,Set,1,19,1.46,0.7,"2. Under 2 weeks",Other
J0377-SKD-XXXL,J0377,Set,3XL,7,Set,2,16,1.23,1.6,"2. Under 2 weeks",Other
J0378-SKD-L,J0378,Set,L,4,Set,1,1,0.08,13.0,"5. Over 13 weeks",Other
J0378-SKD-M,J0378,Set,M,3,Set,1,5,0.38,2.6,"3. 2-4 weeks",Other
J0378-SKD-S,J0378,Set,S,2,Set,3,3,0.23,13.0,"5. Over 13 weeks",Other
J0378-SKD-XL,J0378,Set,XL,5,Set,2,7,0.54,3.7,"3. 2-4 weeks",Other
J0378-SKD-XS,J0378,Set,XS,1,Set,3,2,0.15,19.5,"5. Over 13 weeks",Other
J0378-SKD-XXL,J0378,Set,XXL,6,Set,0,5,0.38,0.0,"1. Out of stock",Other
J0378-SKD-XXXL,J0378,Set,3XL,7,Set,2,3,0.23,8.7,"4. 4-13 weeks",Other
J0379-SKD-L,J0379,Set,L,4,Set,3,47,3.62,0.8,"2. Under 2 weeks","Best-seller (top 10%)"
J0379-SKD-M,J0379,Set,M,3,Set,7,34,2.62,2.7,"3. 2-4 weeks","Best-seller (top 10%)"
J0379-SKD-S,J0379,Set,S,2,Set,14,27,2.08,6.7,"4. 4-13 weeks","Best-seller (top 10%)"
J0379-SKD-XL,J0379,Set,XL,5,Set,12,27,2.08,5.8,"4. 4-13 weeks","Best-seller (top 10%)"
J0379-SKD-XS,J0379,Set,XS,1,Set,19,10,0.77,24.7,"5. Over 13 weeks",Other
J0379-SKD-XXL,J0379,Set,XXL,6,Set,2,19,1.46,1.4,"2. Under 2 weeks",Other
J0379-SKD-XXXL,J0379,Set,3XL,7,Set,24,13,1.0,24.0,"5. Over 13 weeks",Other
J0380-SKD-L,J0380,Set,L,4,Set,29,3,0.23,125.7,"5. Over 13 weeks",Other
J0380-SKD-M,J0380,Set,M,3,Set,16,5,0.38,41.6,"5. Over 13 weeks",Other
J0380-SKD-S,J0380,Set,S,2,Set,27,8,0.62,43.9,"5. Over 13 weeks",Other
J0380-SKD-XL,J0380,Set,XL,5,Set,12,5,0.38,31.2,"5. Over 13 weeks",Other
J0380-SKD-XS,J0380,Set,XS,1,Set,33,1,0.08,429.0,"5. Over 13 weeks",Other
J0380-SKD-XXL,J0380,Set,XXL,6,Set,14,9,0.69,20.2,"5. Over 13 weeks",Other
J0380-SKD-XXXL,J0380,Set,3XL,7,Set,19,6,0.46,41.2,"5. Over 13 weeks",Other
J0381-SKD-L,J0381,Set,L,4,Set,47,13,1.0,47.0,"5. Over 13 weeks",Other
J0381-SKD-M,J0381,Set,M,3,Set,91,17,1.31,69.6,"5. Over 13 weeks",Other
J0381-SKD-S,J0381,Set,S,2,Set,32,8,0.62,52.0,"5. Over 13 weeks",Other
J0381-SKD-XL,J0381,Set,XL,5,Set,31,11,0.85,36.6,"5. Over 13 weeks",Other
J0381-SKD-XS,J0381,Set,XS,1,Set,28,6,0.46,60.7,"5. Over 13 weeks",Other
J0381-SKD-XXL,J0381,Set,XXL,6,Set,29,5,0.38,75.4,"5. Over 13 weeks",Other
J0381-SKD-XXXL,J0381,Set,3XL,7,Set,21,10,0.77,27.3,"5. Over 13 weeks",Other
J0382-SKD-L,J0382,Set,L,4,Set,10,21,1.62,6.2,"4. 4-13 weeks",Other
J0382-SKD-M,J0382,Set,M,3,Set,4,30,2.31,1.7,"2. Under 2 weeks","Best-seller (top 10%)"
J0382-SKD-S,J0382,Set,S,2,Set,18,18,1.38,13.0,"5. Over 13 weeks",Other
J0382-SKD-XL,J0382,Set,XL,5,Set,13,16,1.23,10.6,"4. 4-13 weeks",Other
J0382-SKD-XS,J0382,Set,XS,1,Set,28,13,1.0,28.0,"5. Over 13 weeks",Other
J0382-SKD-XXL,J0382,Set,XXL,6,Set,20,10,0.77,26.0,"5. Over 13 weeks",Other
J0382-SKD-XXXL,J0382,Set,3XL,7,Set,22,8,0.62,35.8,"5. Over 13 weeks",Other
J0385-KR-L,J0385,Kurta,L,4,Kurta,10,14,1.08,9.3,"4. 4-13 weeks",Other
J0385-KR-M,J0385,Kurta,M,3,Kurta,5,17,1.31,3.8,"3. 2-4 weeks",Other
J0385-KR-S,J0385,Kurta,S,2,Kurta,13,13,1.0,13.0,"5. Over 13 weeks",Other
J0385-KR-XL,J0385,Kurta,XL,5,Kurta,24,11,0.85,28.4,"5. Over 13 weeks",Other
J0385-KR-XS,J0385,Kurta,XS,1,Kurta,30,5,0.38,78.0,"5. Over 13 weeks",Other
J0385-KR-XXL,J0385,Kurta,XXL,6,Kurta,39,7,0.54,72.4,"5. Over 13 weeks",Other
J0385-KR-XXXL,J0385,Kurta,3XL,7,Kurta,20,8,0.62,32.5,"5. Over 13 weeks",Other
J0386-KR-L,J0386,Kurta,L,4,Kurta,0,14,1.08,0.0,"1. Out of stock",Other
J0386-KR-M,J0386,Kurta,M,3,Kurta,0,9,0.69,0.0,"1. Out of stock",Other
J0386-KR-S,J0386,Kurta,S,2,Kurta,3,10,0.77,3.9,"3. 2-4 weeks",Other
J0386-KR-XL,J0386,Kurta,XL,5,Kurta,0,7,0.54,0.0,"1. Out of stock",Other
J0386-KR-XS,J0386,Kurta,XS,1,Kurta,6,4,0.31,19.5,"5. Over 13 weeks",Other
J0386-KR-XXL,J0386,Kurta,XXL,6,Kurta,1,7,0.54,1.9,"2. Under 2 weeks",Other
J0386-KR-XXXL,J0386,Kurta,3XL,7,Kurta,2,6,0.46,4.3,"4. 4-13 weeks",Other
J0388-TP-L,J0388,Top,L,4,Top,32,5,0.38,83.2,"5. Over 13 weeks",Other
J0388-TP-M,J0388,Top,M,3,Top,28,3,0.23,121.3,"5. Over 13 weeks",Other
J0388-TP-S,J0388,Top,S,2,Top,38,1,0.08,494.0,"5. Over 13 weeks",Other
J0388-TP-XL,J0388,Top,XL,5,Top,36,4,0.31,117.0,"5. Over 13 weeks",Other
J0388-TP-XS,J0388,Top,XS,1,Top,29,3,0.23,125.7,"5. Over 13 weeks",Other
J0388-TP-XXL,J0388,Top,XXL,6,Top,39,1,0.08,507.0,"5. Over 13 weeks",Other
J0389-TP-L,J0389,Top,L,4,Top,27,4,0.31,87.8,"5. Over 13 weeks",Other
J0389-TP-M,J0389,Top,M,3,Top,24,7,0.54,44.6,"5. Over 13 weeks",Other
J0389-TP-S,J0389,Top,S,2,Top,23,4,0.31,74.8,"5. Over 13 weeks",Other
J0389-TP-XL,J0389,Top,XL,5,Top,30,3,0.23,130.0,"5. Over 13 weeks",Other
J0389-TP-XS,J0389,Top,XS,1,Top,37,2,0.15,240.5,"5. Over 13 weeks",Other
J0389-TP-XXL,J0389,Top,XXL,6,Top,34,4,0.31,110.5,"5. Over 13 weeks",Other
J0389-TP-XXXL,J0389,Top,3XL,7,Top,25,2,0.15,162.5,"5. Over 13 weeks",Other
J0390-TP-L,J0390,Top,L,4,Top,3,13,1.0,3.0,"3. 2-4 weeks",Other
J0390-TP-M,J0390,Top,M,3,Top,3,7,0.54,5.6,"4. 4-13 weeks",Other
J0390-TP-S,J0390,Top,S,2,Top,15,4,0.31,48.8,"5. Over 13 weeks",Other
J0390-TP-XL,J0390,Top,XL,5,Top,1,4,0.31,3.3,"3. 2-4 weeks",Other
J0390-TP-XS,J0390,Top,XS,1,Top,30,4,0.31,97.5,"5. Over 13 weeks",Other
J0390-TP-XXL,J0390,Top,XXL,6,Top,4,3,0.23,17.3,"5. Over 13 weeks",Other
J0390-TP-XXXL,J0390,Top,3XL,7,Top,2,6,0.46,4.3,"4. 4-13 weeks",Other
J0391-TP-L,J0391,Top,L,4,Top,1,16,1.23,0.8,"2. Under 2 weeks",Other
J0391-TP-M,J0391,Top,M,3,Top,2,11,0.85,2.4,"3. 2-4 weeks",Other
J0391-TP-S,J0391,Top,S,2,Top,11,2,0.15,71.5,"5. Over 13 weeks",Other
J0391-TP-XL,J0391,Top,XL,5,Top,1,10,0.77,1.3,"2. Under 2 weeks",Other
J0391-TP-XS,J0391,Top,XS,1,Top,20,2,0.15,130.0,"5. Over 13 weeks",Other
J0391-TP-XXL,J0391,Top,XXL,6,Top,10,8,0.62,16.3,"5. Over 13 weeks",Other
J0391-TP-XXXL,J0391,Top,3XL,7,Top,0,2,0.15,0.0,"1. Out of stock",Other
J0392-TP-L,J0392,Top,L,4,Top,20,3,0.23,86.7,"5. Over 13 weeks",Other
J0392-TP-XL,J0392,Top,XL,5,Top,30,4,0.31,97.5,"5. Over 13 weeks",Other
J0395-DR-L,J0395,"Western Dress",L,4,"Western Dress",2,6,0.46,4.3,"4. 4-13 weeks",Other
J0395-DR-M,J0395,"Western Dress",M,3,"Western Dress",0,5,0.38,0.0,"1. Out of stock",Other
J0395-DR-S,J0395,"Western Dress",S,2,"Western Dress",1,7,0.54,1.9,"2. Under 2 weeks",Other
J0395-DR-XL,J0395,"Western Dress",XL,5,"Western Dress",2,8,0.62,3.3,"3. 2-4 weeks",Other
J0395-DR-XS,J0395,"Western Dress",XS,1,"Western Dress",1,6,0.46,2.2,"3. 2-4 weeks",Other
J0395-DR-XXL,J0395,"Western Dress",XXL,6,"Western Dress",3,9,0.69,4.3,"4. 4-13 weeks",Other
J0395-DR-XXXL,J0395,"Western Dress",3XL,7,"Western Dress",2,13,1.0,2.0,"3. 2-4 weeks",Other
J0396-DR-L,J0396,"Western Dress",L,4,"Western Dress",1,9,0.69,1.4,"2. Under 2 weeks",Other
J0396-DR-M,J0396,"Western Dress",M,3,"Western Dress",4,12,0.92,4.3,"4. 4-13 weeks",Other
J0396-DR-S,J0396,"Western Dress",S,2,"Western Dress",6,9,0.69,8.7,"4. 4-13 weeks",Other
J0396-DR-XL,J0396,"Western Dress",XL,5,"Western Dress",1,4,0.31,3.3,"3. 2-4 weeks",Other
J0396-DR-XS,J0396,"Western Dress",XS,1,"Western Dress",4,7,0.54,7.4,"4. 4-13 weeks",Other
J0396-DR-XXL,J0396,"Western Dress",XXL,6,"Western Dress",7,15,1.15,6.1,"4. 4-13 weeks",Other
J0396-DR-XXXL,J0396,"Western Dress",3XL,7,"Western Dress",2,13,1.0,2.0,"3. 2-4 weeks",Other
J0397-DR-L,J0397,"Western Dress",L,4,"Western Dress",2,4,0.31,6.5,"4. 4-13 weeks",Other
J0397-DR-M,J0397,"Western Dress",M,3,"Western Dress",6,4,0.31,19.5,"5. Over 13 weeks",Other
J0397-DR-S,J0397,"Western Dress",S,2,"Western Dress",26,4,0.31,84.5,"5. Over 13 weeks",Other
J0397-DR-XL,J0397,"Western Dress",XL,5,"Western Dress",7,7,0.54,13.0,"5. Over 13 weeks",Other
J0397-DR-XS,J0397,"Western Dress",XS,1,"Western Dress",21,4,0.31,68.3,"5. Over 13 weeks",Other
J0397-DR-XXL,J0397,"Western Dress",XXL,6,"Western Dress",16,6,0.46,34.7,"5. Over 13 weeks",Other
J0397-DR-XXXL,J0397,"Western Dress",3XL,7,"Western Dress",3,18,1.38,2.2,"3. 2-4 weeks",Other
J0398-DR-L,J0398,"Western Dress",L,4,"Western Dress",13,3,0.23,56.3,"5. Over 13 weeks",Other
J0398-DR-M,J0398,"Western Dress",M,3,"Western Dress",2,6,0.46,4.3,"4. 4-13 weeks",Other
J0398-DR-S,J0398,"Western Dress",S,2,"Western Dress",3,3,0.23,13.0,"5. Over 13 weeks",Other
J0398-DR-XL,J0398,"Western Dress",XL,5,"Western Dress",21,3,0.23,91.0,"5. Over 13 weeks",Other
J0398-DR-XS,J0398,"Western Dress",XS,1,"Western Dress",19,2,0.15,123.5,"5. Over 13 weeks",Other
J0398-DR-XXL,J0398,"Western Dress",XXL,6,"Western Dress",29,9,0.69,41.9,"5. Over 13 weeks",Other
J0399-DR-L,J0399,"Western Dress",L,4,"Western Dress",1,24,1.85,0.5,"2. Under 2 weeks",Other
J0399-DR-M,J0399,"Western Dress",M,3,"Western Dress",2,11,0.85,2.4,"3. 2-4 weeks",Other
J0399-DR-S,J0399,"Western Dress",S,2,"Western Dress",3,16,1.23,2.4,"3. 2-4 weeks",Other
J0399-DR-XL,J0399,"Western Dress",XL,5,"Western Dress",5,28,2.15,2.3,"3. 2-4 weeks",Other
J0399-DR-XS,J0399,"Western Dress",XS,1,"Western Dress",0,16,1.23,0.0,"1. Out of stock",Other
J0399-DR-XXL,J0399,"Western Dress",XXL,6,"Western Dress",9,18,1.38,6.5,"4. 4-13 weeks",Other
J0399-DR-XXXL,J0399,"Western Dress",3XL,7,"Western Dress",17,15,1.15,14.7,"5. Over 13 weeks",Other
J0400-DR-L,J0400,"Western Dress",L,4,"Western Dress",4,16,1.23,3.3,"3. 2-4 weeks",Other
J0400-DR-M,J0400,"Western Dress",M,3,"Western Dress",4,11,0.85,4.7,"4. 4-13 weeks",Other
J0400-DR-S,J0400,"Western Dress",S,2,"Western Dress",3,7,0.54,5.6,"4. 4-13 weeks",Other
J0400-DR-XL,J0400,"Western Dress",XL,5,"Western Dress",12,7,0.54,22.3,"5. Over 13 weeks",Other
J0400-DR-XS,J0400,"Western Dress",XS,1,"Western Dress",10,7,0.54,18.6,"5. Over 13 weeks",Other
J0400-DR-XXL,J0400,"Western Dress",XXL,6,"Western Dress",24,3,0.23,104.0,"5. Over 13 weeks",Other
J0400-DR-XXXL,J0400,"Western Dress",3XL,7,"Western Dress",15,8,0.62,24.4,"5. Over 13 weeks",Other
J0401-DR-L,J0401,"Western Dress",L,4,"Western Dress",3,16,1.23,2.4,"3. 2-4 weeks",Other
J0401-DR-M,J0401,"Western Dress",M,3,"Western Dress",3,8,0.62,4.9,"4. 4-13 weeks",Other
J0401-DR-S,J0401,"Western Dress",S,2,"Western Dress",6,41,3.15,1.9,"2. Under 2 weeks","Best-seller (top 10%)"
J0401-DR-XL,J0401,"Western Dress",XL,5,"Western Dress",2,30,2.31,0.9,"2. Under 2 weeks","Best-seller (top 10%)"
J0401-DR-XS,J0401,"Western Dress",XS,1,"Western Dress",5,15,1.15,4.3,"4. 4-13 weeks",Other
J0401-DR-XXL,J0401,"Western Dress",XXL,6,"Western Dress",4,35,2.69,1.5,"2. Under 2 weeks","Best-seller (top 10%)"
J0401-DR-XXXL,J0401,"Western Dress",3XL,7,"Western Dress",2,17,1.31,1.5,"2. Under 2 weeks",Other
J0402-DR-L,J0402,"Western Dress",L,4,"Western Dress",13,13,1.0,13.0,"5. Over 13 weeks",Other
J0402-DR-M,J0402,"Western Dress",M,3,"Western Dress",21,6,0.46,45.5,"5. Over 13 weeks",Other
J0402-DR-S,J0402,"Western Dress",S,2,"Western Dress",22,8,0.62,35.8,"5. Over 13 weeks",Other
J0402-DR-XL,J0402,"Western Dress",XL,5,"Western Dress",35,9,0.69,50.6,"5. Over 13 weeks",Other
J0402-DR-XS,J0402,"Western Dress",XS,1,"Western Dress",16,7,0.54,29.7,"5. Over 13 weeks",Other
J0402-DR-XXL,J0402,"Western Dress",XXL,6,"Western Dress",23,12,0.92,24.9,"5. Over 13 weeks",Other
J0413-DR-L,J0413,"Western Dress",L,4,"Western Dress",0,23,1.77,0.0,"1. Out of stock",Other
J0413-DR-M,J0413,"Western Dress",M,3,"Western Dress",1,17,1.31,0.8,"2. Under 2 weeks",Other
J0413-DR-S,J0413,"Western Dress",S,2,"Western Dress",5,18,1.38,3.6,"3. 2-4 weeks",Other
J0413-DR-XL,J0413,"Western Dress",XL,5,"Western Dress",12,14,1.08,11.1,"4. 4-13 weeks",Other
J0413-DR-XS,J0413,"Western Dress",XS,1,"Western Dress",4,17,1.31,3.1,"3. 2-4 weeks",Other
J0413-DR-XXL,J0413,"Western Dress",XXL,6,"Western Dress",7,10,0.77,9.1,"4. 4-13 weeks",Other
J0413-DR-XXXL,J0413,"Western Dress",3XL,7,"Western Dress",,1,0.08,,"No stock record",Other
J0414-DR-L,J0414,"Western Dress",L,4,"Western Dress",1,5,0.38,2.6,"3. 2-4 weeks",Other
J0414-DR-M,J0414,"Western Dress",M,3,"Western Dress",1,8,0.62,1.6,"2. Under 2 weeks",Other
J0414-DR-S,J0414,"Western Dress",S,2,"Western Dress",0,4,0.31,0.0,"1. Out of stock",Other
J0414-DR-XL,J0414,"Western Dress",XL,5,"Western Dress",3,5,0.38,7.8,"4. 4-13 weeks",Other
J0414-DR-XS,J0414,"Western Dress",XS,1,"Western Dress",1,3,0.23,4.3,"4. 4-13 weeks",Other
J0414-DR-XXL,J0414,"Western Dress",XXL,6,"Western Dress",0,5,0.38,0.0,"1. Out of stock",Other
J0414-DR-XXXL,J0414,"Western Dress",3XL,7,"Western Dress",0,10,0.77,0.0,"1. Out of stock",Other
J0415-DR-L,J0415,"Western Dress",L,4,"Western Dress",4,8,0.62,6.5,"4. 4-13 weeks",Other
J0415-DR-M,J0415,"Western Dress",M,3,"Western Dress",0,11,0.85,0.0,"1. Out of stock",Other
J0415-DR-S,J0415,"Western Dress",S,2,"Western Dress",0,8,0.62,0.0,"1. Out of stock",Other
J0415-DR-XL,J0415,"Western Dress",XL,5,"Western Dress",3,6,0.46,6.5,"4. 4-13 weeks",Other
J0415-DR-XS,J0415,"Western Dress",XS,1,"Western Dress",2,4,0.31,6.5,"4. 4-13 weeks",Other
J0415-DR-XXL,J0415,"Western Dress",XXL,6,"Western Dress",2,15,1.15,1.7,"2. Under 2 weeks",Other
J0415-DR-XXXL,J0415,"Western Dress",3XL,7,"Western Dress",7,13,1.0,7.0,"4. 4-13 weeks",Other
J0416-DR-L,J0416,"Western Dress",L,4,"Western Dress",2,18,1.38,1.4,"2. Under 2 weeks",Other
J0416-DR-M,J0416,"Western Dress",M,3,"Western Dress",1,7,0.54,1.9,"2. Under 2 weeks",Other
J0416-DR-S,J0416,"Western Dress",S,2,"Western Dress",0,12,0.92,0.0,"1. Out of stock",Other
J0416-DR-XL,J0416,"Western Dress",XL,5,"Western Dress",13,16,1.23,10.6,"4. 4-13 weeks",Other
J0416-DR-XS,J0416,"Western Dress",XS,1,"Western Dress",12,8,0.62,19.5,"5. Over 13 weeks",Other
J0416-DR-XXL,J0416,"Western Dress",XXL,6,"Western Dress",9,15,1.15,7.8,"4. 4-13 weeks",Other
J0417-TP-M,J0417,Top,M,3,Top,8,2,0.15,52.0,"5. Over 13 weeks",Other
J0417-TP-S,J0417,Top,S,2,Top,18,3,0.23,78.0,"5. Over 13 weeks",Other
J0417-TP-XL,J0417,Top,XL,5,Top,20,2,0.15,130.0,"5. Over 13 weeks",Other
J0417-TP-XS,J0417,Top,XS,1,Top,19,1,0.08,247.0,"5. Over 13 weeks",Other
J0418-TP-L,J0418,Top,L,4,Top,12,4,0.31,39.0,"5. Over 13 weeks",Other
J0418-TP-M,J0418,Top,M,3,Top,3,4,0.31,9.8,"4. 4-13 weeks",Other
J0418-TP-S,J0418,Top,S,2,Top,1,5,0.38,2.6,"3. 2-4 weeks",Other
J0418-TP-XL,J0418,Top,XL,5,Top,42,3,0.23,182.0,"5. Over 13 weeks",Other
J0418-TP-XS,J0418,Top,XS,1,Top,2,8,0.62,3.3,"3. 2-4 weeks",Other
J0418-TP-XXL,J0418,Top,XXL,6,Top,29,3,0.23,125.7,"5. Over 13 weeks",Other
J0419-TP-L,J0419,Top,L,4,Top,34,5,0.38,88.4,"5. Over 13 weeks",Other
J0419-TP-M,J0419,Top,M,3,Top,22,4,0.31,71.5,"5. Over 13 weeks",Other
J0419-TP-S,J0419,Top,S,2,Top,20,5,0.38,52.0,"5. Over 13 weeks",Other
J0419-TP-XL,J0419,Top,XL,5,Top,40,2,0.15,260.0,"5. Over 13 weeks",Other
J0419-TP-XS,J0419,Top,XS,1,Top,21,2,0.15,136.5,"5. Over 13 weeks",Other
J0419-TP-XXL,J0419,Top,XXL,6,Top,41,2,0.15,266.5,"5. Over 13 weeks",Other
J0419-TP-XXXL,J0419,Top,3XL,7,Top,23,1,0.08,299.0,"5. Over 13 weeks",Other
J0420-TP-L,J0420,Top,L,4,Top,21,,,,"No paid units",Other
J0420-TP-M,J0420,Top,M,3,Top,12,1,0.08,156.0,"5. Over 13 weeks",Other
J0420-TP-S,J0420,Top,S,2,Top,23,2,0.15,149.5,"5. Over 13 weeks",Other
J0429-DR-M,J0429,"Western Dress",M,3,"Western Dress",65,1,0.08,845.0,"5. Over 13 weeks",Other
J0429-DR-S,J0429,"Western Dress",S,2,"Western Dress",66,,,,"No paid units",Other
J0429-DR-XL,J0429,"Western Dress",XL,5,"Western Dress",48,1,0.08,624.0,"5. Over 13 weeks",Other
J0429-DR-XS,J0429,"Western Dress",XS,1,"Western Dress",43,1,0.08,559.0,"5. Over 13 weeks",Other
J0429-DR-XXL,J0429,"Western Dress",XXL,6,"Western Dress",72,1,0.08,936.0,"5. Over 13 weeks",Other
J0429-DR-XXXL,J0429,"Western Dress",3XL,7,"Western Dress",52,2,0.15,338.0,"5. Over 13 weeks",Other
J0431-DR-L,J0431,"Western Dress",L,4,"Western Dress",49,6,0.46,106.2,"5. Over 13 weeks",Other
J0431-DR-M,J0431,"Western Dress",M,3,"Western Dress",51,3,0.23,221.0,"5. Over 13 weeks",Other
J0431-DR-S,J0431,"Western Dress",S,2,"Western Dress",61,6,0.46,132.2,"5. Over 13 weeks",Other
J0431-DR-XL,J0431,"Western Dress",XL,5,"Western Dress",58,1,0.08,754.0,"5. Over 13 weeks",Other
J0431-DR-XS,J0431,"Western Dress",XS,1,"Western Dress",54,2,0.15,351.0,"5. Over 13 weeks",Other
J0431-DR-XXL,J0431,"Western Dress",XXL,6,"Western Dress",63,1,0.08,819.0,"5. Over 13 weeks",Other
J0431-DR-XXXL,J0431,"Western Dress",3XL,7,"Western Dress",52,2,0.15,338.0,"5. Over 13 weeks",Other
J0434-DR-L,J0434,"Western Dress",L,4,"Western Dress",45,7,0.54,83.6,"5. Over 13 weeks",Other
J0434-DR-S,J0434,"Western Dress",S,2,"Western Dress",60,1,0.08,780.0,"5. Over 13 weeks",Other
J0434-DR-XL,J0434,"Western Dress",XL,5,"Western Dress",61,1,0.08,793.0,"5. Over 13 weeks",Other
J0434-DR-XXL,J0434,"Western Dress",XXL,6,"Western Dress",57,3,0.23,247.0,"5. Over 13 weeks",Other
J0434-DR-XXXL,J0434,"Western Dress",3XL,7,"Western Dress",43,4,0.31,139.8,"5. Over 13 weeks",Other
JNE0722-K,JNE0722,Saree,Free,11,Other,,1,0.08,,"No stock record",Other
JNE0850-N,JNE0850,Saree,Free,11,Other,,2,0.15,,"No stock record",Other
JNE09186-BLUE-SR-JP7104RMV,JNE09186,Saree,Free,11,Other,65,1,0.08,845.0,"5. Over 13 weeks",Other
JNE09186-BLUE-SR-JP7104RMV-K,JNE09186,Saree,Free,11,Other,,1,0.08,,"No stock record",Other
JNE09186-BLUE-SR-JP7104RMV-N,JNE09186,Saree,Free,11,Other,,2,0.15,,"No stock record",Other
JNE09187-PINK-SR-JP7104RNV,JNE09187,Saree,Free,11,Other,30,1,0.08,390.0,"5. Over 13 weeks",Other
JNE09209-MULTI-SR-JP8101RMV,JNE09209,Saree,Free,11,Other,24,2,0.15,156.0,"5. Over 13 weeks",Other
JNE09209-MULTI-SR-JP8101RMV-K,JNE09209,Saree,Free,11,Other,,1,0.08,,"No stock record",Other
JNE09210-PINK-SR-JP8101RNV,JNE09210,Saree,Free,11,Other,22,6,0.46,47.7,"5. Over 13 weeks",Other
JNE09210-PINK-SR-JP8101RNV-K,JNE09210,Saree,Free,11,Other,,1,0.08,,"No stock record",Other
JNE1000-NAVY-SR-JB6102RMV-K,JNE1000,Saree,Free,11,Other,,4,0.31,,"No stock record",Other
JNE1233-BLUE-KR-031-L,JNE1233,Kurta,L,4,Kurta,46,9,0.69,66.4,"5. Over 13 weeks",Other
JNE1233-BLUE-KR-031-M,JNE1233,Kurta,M,3,Kurta,117,8,0.62,190.1,"5. Over 13 weeks",Other
JNE1233-BLUE-KR-031-S,JNE1233,Kurta,S,2,Kurta,61,7,0.54,113.3,"5. Over 13 weeks",Other
JNE1233-BLUE-KR-031-XL,JNE1233,Kurta,XL,5,Kurta,139,23,1.77,78.6,"5. Over 13 weeks",Other
JNE1233-BLUE-KR-031-XS,JNE1233,Kurta,XS,1,Kurta,23,7,0.54,42.7,"5. Over 13 weeks",Other
JNE1233-BLUE-KR-031-XXL,JNE1233,Kurta,XXL,6,Kurta,49,23,1.77,27.7,"5. Over 13 weeks",Other
JNE1233-BLUE-KR-031-XXXL,JNE1233,Kurta,3XL,7,Kurta,75,14,1.08,69.6,"5. Over 13 weeks",Other
JNE1234-MULTI-KR-032-L,JNE1234,Kurta,L,4,Kurta,24,9,0.69,34.7,"5. Over 13 weeks",Other
JNE1234-MULTI-KR-032-M,JNE1234,Kurta,M,3,Kurta,21,11,0.85,24.8,"5. Over 13 weeks",Other
JNE1234-MULTI-KR-032-S,JNE1234,Kurta,S,2,Kurta,8,9,0.69,11.6,"4. 4-13 weeks",Other
JNE1234-MULTI-KR-032-XL,JNE1234,Kurta,XL,5,Kurta,8,17,1.31,6.1,"4. 4-13 weeks",Other
JNE1234-MULTI-KR-032-XS,JNE1234,Kurta,XS,1,Kurta,18,3,0.23,78.0,"5. Over 13 weeks",Other
JNE1234-MULTI-KR-032-XXL,JNE1234,Kurta,XXL,6,Kurta,32,6,0.46,69.3,"5. Over 13 weeks",Other
JNE1234-MULTI-KR-032-XXXL,JNE1234,Kurta,3XL,7,Kurta,4,6,0.46,8.7,"4. 4-13 weeks",Other
JNE1407-BLACK-KR-UDF18-XL,JNE1407,Kurta,XL,5,Kurta,,1,0.08,,"No stock record",Other
JNE1408-GREY-KR-UDF19-L,JNE1408,Kurta,L,4,Kurta,174,9,0.69,251.3,"5. Over 13 weeks",Other
JNE1408-GREY-KR-UDF19-M,JNE1408,Kurta,M,3,Kurta,32,5,0.38,83.2,"5. Over 13 weeks",Other
JNE1408-GREY-KR-UDF19-S,JNE1408,Kurta,S,2,Kurta,404,3,0.23,1750.7,"5. Over 13 weeks",Other
JNE1408-GREY-KR-UDF19-XL,JNE1408,Kurta,XL,5,Kurta,103,4,0.31,334.8,"5. Over 13 weeks",Other
JNE1408-GREY-KR-UDF19-XXL,JNE1408,Kurta,XXL,6,Kurta,55,8,0.62,89.4,"5. Over 13 weeks",Other
JNE1408-GREY-KR-UDF19-XXXL,JNE1408,Kurta,3XL,7,Kurta,119,4,0.31,386.8,"5. Over 13 weeks",Other
JNE1408-KR-UDF19-A-L,JNE1408,Kurta,L,4,Kurta,,9,0.69,,"No stock record",Other
JNE1408-KR-UDF19-A-M,JNE1408,Kurta,M,3,Kurta,,9,0.69,,"No stock record",Other
JNE1408-KR-UDF19-A-S,JNE1408,Kurta,S,2,Kurta,,4,0.31,,"No stock record",Other
JNE1408-KR-UDF19-A-XL,JNE1408,Kurta,XL,5,Kurta,,4,0.31,,"No stock record",Other
JNE1408-KR-UDF19-A-XS,JNE1408,Kurta,XS,1,Kurta,,7,0.54,,"No stock record",Other
JNE1408-KR-UDF19-A-XXL,JNE1408,Kurta,XXL,6,Kurta,,1,0.08,,"No stock record",Other
JNE1408-KR-UDF19-A-XXXL,JNE1408,Kurta,3XL,7,Kurta,,7,0.54,,"No stock record",Other
JNE1525-KR-UDF19-A-L,JNE1525,Kurta,L,4,Kurta,,11,0.85,,"No stock record",Other
JNE1525-KR-UDF19-A-M,JNE1525,Kurta,M,3,Kurta,,3,0.23,,"No stock record",Other
JNE1525-KR-UDF19-A-S,JNE1525,Kurta,S,2,Kurta,,7,0.54,,"No stock record",Other
JNE1525-KR-UDF19-A-XL,JNE1525,Kurta,XL,5,Kurta,,6,0.46,,"No stock record",Other
JNE1525-KR-UDF19-A-XS,JNE1525,Kurta,XS,1,Kurta,,4,0.31,,"No stock record",Other
JNE1525-KR-UDF19-A-XXL,JNE1525,Kurta,XXL,6,Kurta,,3,0.23,,"No stock record",Other
JNE1525-KR-UDF19-A-XXXL,JNE1525,Kurta,3XL,7,Kurta,,3,0.23,,"No stock record",Other
JNE1525-KR-UDF19BLACK-L,JNE1525,Kurta,L,4,Kurta,874,9,0.69,1262.4,"5. Over 13 weeks",Other
JNE1525-KR-UDF19BLACK-M,JNE1525,Kurta,M,3,Kurta,1082,24,1.85,586.1,"5. Over 13 weeks",Other
JNE1525-KR-UDF19BLACK-S,JNE1525,Kurta,S,2,Kurta,775,11,0.85,915.9,"5. Over 13 weeks",Other
JNE1525-KR-UDF19BLACK-XL,JNE1525,Kurta,XL,5,Kurta,844,8,0.62,1371.5,"5. Over 13 weeks",Other
JNE1525-KR-UDF19BLACK-XS,JNE1525,Kurta,XS,1,Kurta,563,9,0.69,813.2,"5. Over 13 weeks",Other
JNE1525-KR-UDF19BLACK-XXL,JNE1525,Kurta,XXL,6,Kurta,448,12,0.92,485.3,"5. Over 13 weeks",Other
JNE1525-KR-UDF19BLACK-XXXL,JNE1525,Kurta,3XL,7,Kurta,222,9,0.69,320.7,"5. Over 13 weeks",Other
JNE1906-KR-031-L,JNE1906,Kurta,L,4,Kurta,4,15,1.15,3.5,"3. 2-4 weeks",Other
JNE1906-KR-031-M,JNE1906,Kurta,M,3,Kurta,10,22,1.69,5.9,"4. 4-13 weeks",Other
JNE1906-KR-031-S,JNE1906,Kurta,S,2,Kurta,21,21,1.62,13.0,"5. Over 13 weeks",Other
JNE1906-KR-031-XL,JNE1906,Kurta,XL,5,Kurta,10,9,0.69,14.4,"5. Over 13 weeks",Other
JNE1906-KR-031-XS,JNE1906,Kurta,XS,1,Kurta,34,9,0.69,49.1,"5. Over 13 weeks",Other
JNE1906-KR-031-XXL,JNE1906,Kurta,XXL,6,Kurta,7,16,1.23,5.7,"4. 4-13 weeks",Other
JNE1906-KR-031-XXXL,JNE1906,Kurta,3XL,7,Kurta,1,18,1.38,0.7,"2. Under 2 weeks",Other
JNE1951-KR-155-L,JNE1951,Kurta,L,4,Kurta,5,7,0.54,9.3,"4. 4-13 weeks",Other
JNE1951-KR-155-M,JNE1951,Kurta,M,3,Kurta,8,6,0.46,17.3,"5. Over 13 weeks",Other
JNE1951-KR-155-S,JNE1951,Kurta,S,2,Kurta,23,4,0.31,74.8,"5. Over 13 weeks",Other
JNE1951-KR-155-XL,JNE1951,Kurta,XL,5,Kurta,0,8,0.62,0.0,"1. Out of stock",Other
JNE1951-KR-155-XS,JNE1951,Kurta,XS,1,Kurta,15,3,0.23,65.0,"5. Over 13 weeks",Other
JNE1951-KR-155-XXL,JNE1951,Kurta,XXL,6,Kurta,4,15,1.15,3.5,"3. 2-4 weeks",Other
JNE1951-KR-155-XXXL,JNE1951,Kurta,3XL,7,Kurta,0,7,0.54,0.0,"1. Out of stock",Other
JNE1975-KR-309-S,JNE1975,Kurta,S,2,Kurta,2,1,0.08,26.0,"5. Over 13 weeks",Other
JNE1975-KR-309-XS,JNE1975,Kurta,XS,1,Kurta,2,2,0.15,13.0,"5. Over 13 weeks",Other
JNE1975-KR-309-XXL,JNE1975,Kurta,XXL,6,Kurta,2,2,0.15,13.0,"5. Over 13 weeks",Other
JNE1977-KR-237-L,JNE1977,Kurta,L,4,Kurta,8,14,1.08,7.4,"4. 4-13 weeks",Other
JNE1977-KR-237-M,JNE1977,Kurta,M,3,Kurta,3,13,1.0,3.0,"3. 2-4 weeks",Other
JNE1977-KR-237-S,JNE1977,Kurta,S,2,Kurta,3,5,0.38,7.8,"4. 4-13 weeks",Other
JNE1977-KR-237-XL,JNE1977,Kurta,XL,5,Kurta,11,5,0.38,28.6,"5. Over 13 weeks",Other
JNE1977-KR-237-XS,JNE1977,Kurta,XS,1,Kurta,6,11,0.85,7.1,"4. 4-13 weeks",Other
JNE1977-KR-237-XXL,JNE1977,Kurta,XXL,6,Kurta,3,16,1.23,2.4,"3. 2-4 weeks",Other
JNE1977-KR-237-XXXL,JNE1977,Kurta,3XL,7,Kurta,2,3,0.23,8.7,"4. 4-13 weeks",Other
JNE1998-KR-311-L,JNE1998,Kurta,L,4,Kurta,2,4,0.31,6.5,"4. 4-13 weeks",Other
JNE1998-KR-311-M,JNE1998,Kurta,M,3,Kurta,8,11,0.85,9.5,"4. 4-13 weeks",Other
JNE1998-KR-311-S,JNE1998,Kurta,S,2,Kurta,54,3,0.23,234.0,"5. Over 13 weeks",Other
JNE1998-KR-311-XL,JNE1998,Kurta,XL,5,Kurta,17,16,1.23,13.8,"5. Over 13 weeks",Other
JNE1998-KR-311-XS,JNE1998,Kurta,XS,1,Kurta,3,3,0.23,13.0,"5. Over 13 weeks",Other
JNE1998-KR-311-XXL,JNE1998,Kurta,XXL,6,Kurta,5,16,1.23,4.1,"4. 4-13 weeks",Other
JNE2006-KR-158-S,JNE2006,Kurta,S,2,Kurta,,1,0.08,,"No stock record",Other
JNE2009-KR-310-L,JNE2009,Kurta,L,4,Kurta,4,2,0.15,26.0,"5. Over 13 weeks",Other
JNE2009-KR-310-M,JNE2009,Kurta,M,3,Kurta,10,7,0.54,18.6,"5. Over 13 weeks",Other
JNE2009-KR-310-S,JNE2009,Kurta,S,2,Kurta,10,5,0.38,26.0,"5. Over 13 weeks",Other
JNE2009-KR-310-XL,JNE2009,Kurta,XL,5,Kurta,2,6,0.46,4.3,"4. 4-13 weeks",Other
JNE2009-KR-310-XS,JNE2009,Kurta,XS,1,Kurta,12,5,0.38,31.2,"5. Over 13 weeks",Other
JNE2009-KR-310-XXL,JNE2009,Kurta,XXL,6,Kurta,2,4,0.31,6.5,"4. 4-13 weeks",Other
JNE2014-KR-178-L,JNE2014,Kurta,L,4,Kurta,12,68,5.23,2.3,"3. 2-4 weeks","Best-seller (top 10%)"
JNE2014-KR-178-M,JNE2014,Kurta,M,3,Kurta,27,72,5.54,4.9,"4. 4-13 weeks","Best-seller (top 10%)"
JNE2014-KR-178-S,JNE2014,Kurta,S,2,Kurta,16,22,1.69,9.5,"4. 4-13 weeks",Other
JNE2014-KR-178-XL,JNE2014,Kurta,XL,5,Kurta,20,98,7.54,2.7,"3. 2-4 weeks","Best-seller (top 10%)"
JNE2014-KR-178-XS,JNE2014,Kurta,XS,1,Kurta,21,16,1.23,17.1,"5. Over 13 weeks",Other
JNE2014-KR-178-XXL,JNE2014,Kurta,XXL,6,Kurta,28,40,3.08,9.1,"4. 4-13 weeks",Other
JNE2014-KR-178-XXXL,JNE2014,Kurta,3XL,7,Kurta,29,48,3.69,7.9,"4. 4-13 weeks",Other
JNE2032-KR-205-L,JNE2032,Kurta,L,4,Kurta,0,11,0.85,0.0,"1. Out of stock",Other
JNE2032-KR-205-M,JNE2032,Kurta,M,3,Kurta,0,8,0.62,0.0,"1. Out of stock",Other
JNE2032-KR-205-S,JNE2032,Kurta,S,2,Kurta,46,7,0.54,85.4,"5. Over 13 weeks",Other
JNE2032-KR-205-XL,JNE2032,Kurta,XL,5,Kurta,6,11,0.85,7.1,"4. 4-13 weeks",Other
JNE2032-KR-205-XS,JNE2032,Kurta,XS,1,Kurta,45,4,0.31,146.3,"5. Over 13 weeks",Other
JNE2032-KR-205-XXL,JNE2032,Kurta,XXL,6,Kurta,11,12,0.92,11.9,"4. 4-13 weeks",Other
JNE2032-KR-205-XXXL,JNE2032,Kurta,3XL,7,Kurta,4,14,1.08,3.7,"3. 2-4 weeks",Other
JNE2049-KR-351-L,JNE2049,Kurta,L,4,Kurta,4,6,0.46,8.7,"4. 4-13 weeks",Other
JNE2049-KR-351-M,JNE2049,Kurta,M,3,Kurta,62,5,0.38,161.2,"5. Over 13 weeks",Other
JNE2049-KR-351-S,JNE2049,Kurta,S,2,Kurta,159,9,0.69,229.7,"5. Over 13 weeks",Other
JNE2049-KR-351-XL,JNE2049,Kurta,XL,5,Kurta,41,9,0.69,59.2,"5. Over 13 weeks",Other
JNE2049-KR-351-XS,JNE2049,Kurta,XS,1,Kurta,20,13,1.0,20.0,"5. Over 13 weeks",Other
JNE2049-KR-351-XXL,JNE2049,Kurta,XXL,6,Kurta,43,7,0.54,79.9,"5. Over 13 weeks",Other
JNE2049-KR-351-XXXL1,JNE2049,Kurta,3XL,7,Kurta,,15,1.15,,"No stock record",Other
JNE2058-KR-339-L,JNE2058,Kurta,L,4,Kurta,,1,0.08,,"No stock record",Other
JNE2086-KR-389-L,JNE2086,Kurta,L,4,Kurta,155,15,1.15,134.3,"5. Over 13 weeks",Other
JNE2086-KR-389-M,JNE2086,Kurta,M,3,Kurta,35,9,0.69,50.6,"5. Over 13 weeks",Other
JNE2086-KR-389-S,JNE2086,Kurta,S,2,Kurta,38,2,0.15,247.0,"5. Over 13 weeks",Other
JNE2086-KR-389-XL,JNE2086,Kurta,XL,5,Kurta,32,1,0.08,416.0,"5. Over 13 weeks",Other
JNE2086-KR-389-XS,JNE2086,Kurta,XS,1,Kurta,30,2,0.15,195.0,"5. Over 13 weeks",Other
JNE2086-KR-389-XXXL,JNE2086,Kurta,3XL,7,Kurta,96,2,0.15,624.0,"5. Over 13 weeks",Other
JNE2100-KR-144-L,JNE2100,Kurta,L,4,Kurta,8,23,1.77,4.5,"4. 4-13 weeks",Other
JNE2100-KR-144-M,JNE2100,Kurta,M,3,Kurta,8,25,1.92,4.2,"4. 4-13 weeks",Other
JNE2100-KR-144-S,JNE2100,Kurta,S,2,Kurta,76,12,0.92,82.3,"5. Over 13 weeks",Other
JNE2100-KR-144-XL,JNE2100,Kurta,XL,5,Kurta,11,19,1.46,7.5,"4. 4-13 weeks",Other
JNE2100-KR-144-XS,JNE2100,Kurta,XS,1,Kurta,239,5,0.38,621.4,"5. Over 13 weeks",Other
JNE2100-KR-144-XXL,JNE2100,Kurta,XXL,6,Kurta,8,21,1.62,5.0,"4. 4-13 weeks",Other
JNE2100-KR-144-XXXL,JNE2100,Kurta,3XL,7,Kurta,13,9,0.69,18.8,"5. Over 13 weeks",Other
JNE2101-KR-210-L,JNE2101,Kurta,L,4,Kurta,0,1,0.08,0.0,"1. Out of stock",Other
JNE2101-KR-210-S,JNE2101,Kurta,S,2,Kurta,2,3,0.23,8.7,"4. 4-13 weeks",Other
JNE2101-KR-210-XL,JNE2101,Kurta,XL,5,Kurta,0,3,0.23,0.0,"1. Out of stock",Other
JNE2113-KR-381-L,JNE2113,Kurta,L,4,Kurta,1,1,0.08,13.0,"5. Over 13 weeks",Other
JNE2113-KR-381-M,JNE2113,Kurta,M,3,Kurta,3,2,0.15,19.5,"5. Over 13 weeks",Other
JNE2113-KR-381-S,JNE2113,Kurta,S,2,Kurta,4,3,0.23,17.3,"5. Over 13 weeks",Other
JNE2113-KR-381-XL,JNE2113,Kurta,XL,5,Kurta,5,,,,"No paid units",Other
JNE2113-KR-381-XXL,JNE2113,Kurta,XXL,6,Kurta,6,8,0.62,9.8,"4. 4-13 weeks",Other
JNE2131-KR-A-L,JNE2131,Kurta,L,4,Kurta,6,2,0.15,39.0,"5. Over 13 weeks",Other
JNE2131-KR-A-M,JNE2131,Kurta,M,3,Kurta,6,1,0.08,78.0,"5. Over 13 weeks",Other
JNE2131-KR-A-S,JNE2131,Kurta,S,2,Kurta,10,,,,"No paid units",Other
JNE2131-KR-A-XL,JNE2131,Kurta,XL,5,Kurta,6,1,0.08,78.0,"5. Over 13 weeks",Other
JNE2131-KR-A-XXL,JNE2131,Kurta,XXL,6,Kurta,7,1,0.08,91.0,"5. Over 13 weeks",Other
JNE2131-KR-A-XXXL,JNE2131,Kurta,3XL,7,Kurta,8,2,0.15,52.0,"5. Over 13 weeks",Other
JNE2132-KR-398-L,JNE2132,Kurta,L,4,Kurta,4,,,,"No paid units",Other
JNE2132-KR-398-M,JNE2132,Kurta,M,3,Kurta,3,2,0.15,19.5,"5. Over 13 weeks",Other
JNE2132-KR-398-S,JNE2132,Kurta,S,2,Kurta,4,2,0.15,26.0,"5. Over 13 weeks",Other
JNE2132-KR-398-XL,JNE2132,Kurta,XL,5,Kurta,2,1,0.08,26.0,"5. Over 13 weeks",Other
JNE2132-KR-398-XS,JNE2132,Kurta,XS,1,Kurta,1,2,0.15,6.5,"4. 4-13 weeks",Other
JNE2132-KR-398-XXL,JNE2132,Kurta,XXL,6,Kurta,9,4,0.31,29.3,"5. Over 13 weeks",Other
JNE2132-KR-398-XXXL,JNE2132,Kurta,3XL,7,Kurta,5,4,0.31,16.3,"5. Over 13 weeks",Other
JNE2145-KR-A-L,JNE2145,Kurta,L,4,Kurta,,,,,"No stock record",Other
JNE2145-KR-A-XL,JNE2145,Kurta,XL,5,Kurta,,1,0.08,,"No stock record",Other
JNE2145-KR-A-XXXL,JNE2145,Kurta,3XL,7,Kurta,,,,,"No stock record",Other
JNE2153-KR-278-A-M,JNE2153,Kurta,M,3,Kurta,,15,1.15,,"No stock record",Other
JNE2153-KR-278-A-S,JNE2153,Kurta,S,2,Kurta,,17,1.31,,"No stock record",Other
JNE2153-KR-278-A-XL,JNE2153,Kurta,XL,5,Kurta,,6,0.46,,"No stock record",Other
JNE2153-KR-278-A-XS,JNE2153,Kurta,XS,1,Kurta,,4,0.31,,"No stock record",Other
JNE2153-KR-278-A-XXL,JNE2153,Kurta,XXL,6,Kurta,,12,0.92,,"No stock record",Other
JNE2153-KR-278-A-XXXL,JNE2153,Kurta,3XL,7,Kurta,,14,1.08,,"No stock record",Other
JNE2170-KR-436-L,JNE2170,Kurta,L,4,Kurta,54,3,0.23,234.0,"5. Over 13 weeks",Other
JNE2170-KR-436-M,JNE2170,Kurta,M,3,Kurta,83,2,0.15,539.5,"5. Over 13 weeks",Other
JNE2170-KR-436-S,JNE2170,Kurta,S,2,Kurta,49,4,0.31,159.3,"5. Over 13 weeks",Other
JNE2170-KR-436-XL,JNE2170,Kurta,XL,5,Kurta,56,3,0.23,242.7,"5. Over 13 weeks",Other
JNE2170-KR-436-XS,JNE2170,Kurta,XS,1,Kurta,13,2,0.15,84.5,"5. Over 13 weeks",Other
JNE2170-KR-436-XXL,JNE2170,Kurta,XXL,6,Kurta,29,3,0.23,125.7,"5. Over 13 weeks",Other
JNE2170-KR-436-XXXL,JNE2170,Kurta,3XL,7,Kurta,3,2,0.15,19.5,"5. Over 13 weeks",Other
JNE2171-KR-437-L,JNE2171,Kurta,L,4,Kurta,5,19,1.46,3.4,"3. 2-4 weeks",Other
JNE2171-KR-437-M,JNE2171,Kurta,M,3,Kurta,5,50,3.85,1.3,"2. Under 2 weeks","Best-seller (top 10%)"
JNE2171-KR-437-S,JNE2171,Kurta,S,2,Kurta,92,22,1.69,54.4,"5. Over 13 weeks",Other
JNE2171-KR-437-XL,JNE2171,Kurta,XL,5,Kurta,4,57,4.38,0.9,"2. Under 2 weeks","Best-seller (top 10%)"
JNE2171-KR-437-XS,JNE2171,Kurta,XS,1,Kurta,29,6,0.46,62.8,"5. Over 13 weeks",Other
JNE2171-KR-437-XXL,JNE2171,Kurta,XXL,6,Kurta,1,8,0.62,1.6,"2. Under 2 weeks",Other
JNE2171-KR-437-XXXL,JNE2171,Kurta,3XL,7,Kurta,1,6,0.46,2.2,"3. 2-4 weeks",Other
JNE2199-KR-411-A-L,JNE2199,Kurta,L,4,Kurta,,23,1.77,,"No stock record",Other
JNE2199-KR-411-A-M,JNE2199,Kurta,M,3,Kurta,,11,0.85,,"No stock record",Other
JNE2199-KR-411-A-S,JNE2199,Kurta,S,2,Kurta,,4,0.31,,"No stock record",Other
JNE2199-KR-411-A-XL,JNE2199,Kurta,XL,5,Kurta,,33,2.54,,"No stock record",Other
JNE2199-KR-411-A-XS,JNE2199,Kurta,XS,1,Kurta,,5,0.38,,"No stock record",Other
JNE2199-KR-411-A-XXL,JNE2199,Kurta,XXL,6,Kurta,,24,1.85,,"No stock record",Other
JNE2199-KR-411-A-XXXL,JNE2199,Kurta,3XL,7,Kurta,,20,1.54,,"No stock record",Other
JNE2205-KR-467-A-L,JNE2205,Kurta,L,4,Kurta,,7,0.54,,"No stock record",Other
JNE2205-KR-467-A-M,JNE2205,Kurta,M,3,Kurta,,13,1.0,,"No stock record",Other
JNE2205-KR-467-A-S,JNE2205,Kurta,S,2,Kurta,,7,0.54,,"No stock record",Other
JNE2205-KR-467-A-XL,JNE2205,Kurta,XL,5,Kurta,,9,0.69,,"No stock record",Other
JNE2205-KR-467-A-XS,JNE2205,Kurta,XS,1,Kurta,,2,0.15,,"No stock record",Other
JNE2205-KR-467-A-XXL,JNE2205,Kurta,XXL,6,Kurta,,6,0.46,,"No stock record",Other
JNE2205-KR-467-A-XXXL,JNE2205,Kurta,3XL,7,Kurta,,6,0.46,,"No stock record",Other
JNE2209-KR-498-A-XL,JNE2209,Kurta,XL,5,Kurta,,1,0.08,,"No stock record",Other
JNE2251-KR-537-C-L,JNE2251,Kurta,L,4,Kurta,,1,0.08,,"No stock record",Other
JNE2251-KR-537-C-S,JNE2251,Kurta,S,2,Kurta,,3,0.23,,"No stock record",Other
JNE2251-KR-537-C-XL,JNE2251,Kurta,XL,5,Kurta,,1,0.08,,"No stock record",Other
JNE2251-KR-537-C-XS,JNE2251,Kurta,XS,1,Kurta,,1,0.08,,"No stock record",Other
JNE2251-KR-537-C-XXL,JNE2251,Kurta,XXL,6,Kurta,,2,0.15,,"No stock record",Other
JNE2251-KR-537-C-XXXL,JNE2251,Kurta,3XL,7,Kurta,,,,,"No stock record",Other
JNE2251-KR-537-L,JNE2251,Kurta,L,4,Kurta,2,1,0.08,26.0,"5. Over 13 weeks",Other
JNE2251-KR-537-M,JNE2251,Kurta,M,3,Kurta,3,3,0.23,13.0,"5. Over 13 weeks",Other
JNE2251-KR-537-S,JNE2251,Kurta,S,2,Kurta,1,1,0.08,13.0,"5. Over 13 weeks",Other
JNE2251-KR-537-XL,JNE2251,Kurta,XL,5,Kurta,2,2,0.15,13.0,"5. Over 13 weeks",Other
JNE2251-KR-537-XS,JNE2251,Kurta,XS,1,Kurta,2,2,0.15,13.0,"5. Over 13 weeks",Other
JNE2251-KR-537-XXL,JNE2251,Kurta,XXL,6,Kurta,2,4,0.31,6.5,"4. 4-13 weeks",Other
JNE2251-KR-537-XXXL,JNE2251,Kurta,3XL,7,Kurta,3,2,0.15,19.5,"5. Over 13 weeks",Other
JNE2262-KR-569-S,JNE2262,Kurta,S,2,Kurta,4,3,0.23,17.3,"5. Over 13 weeks",Other
JNE2265-KR-501-L,JNE2265,Kurta,L,4,Kurta,12,10,0.77,15.6,"5. Over 13 weeks",Other
JNE2265-KR-501-M,JNE2265,Kurta,M,3,Kurta,8,9,0.69,11.6,"4. 4-13 weeks",Other
JNE2265-KR-501-S,JNE2265,Kurta,S,2,Kurta,5,8,0.62,8.1,"4. 4-13 weeks",Other
JNE2265-KR-501-XL,JNE2265,Kurta,XL,5,Kurta,13,8,0.62,21.1,"5. Over 13 weeks",Other
JNE2265-KR-501-XS,JNE2265,Kurta,XS,1,Kurta,26,8,0.62,42.3,"5. Over 13 weeks",Other
JNE2265-KR-501-XXL,JNE2265,Kurta,XXL,6,Kurta,16,17,1.31,12.2,"4. 4-13 weeks",Other
JNE2266-KR-490-A-L,JNE2266,Kurta,L,4,Kurta,,2,0.15,,"No stock record",Other
JNE2266-KR-490-A-M,JNE2266,Kurta,M,3,Kurta,,6,0.46,,"No stock record",Other
JNE2266-KR-490-A-S,JNE2266,Kurta,S,2,Kurta,,4,0.31,,"No stock record",Other
JNE2266-KR-490-A-XL,JNE2266,Kurta,XL,5,Kurta,,11,0.85,,"No stock record",Other
JNE2266-KR-490-A-XS,JNE2266,Kurta,XS,1,Kurta,,7,0.54,,"No stock record",Other
JNE2266-KR-490-A-XXL,JNE2266,Kurta,XXL,6,Kurta,,5,0.38,,"No stock record",Other
JNE2270-KR-487-A-L,JNE2270,Kurta,L,4,Kurta,,30,2.31,,"No stock record",Other
JNE2270-KR-487-A-M,JNE2270,Kurta,M,3,Kurta,,40,3.08,,"No stock record",Other
JNE2270-KR-487-A-S,JNE2270,Kurta,S,2,Kurta,,28,2.15,,"No stock record",Other
JNE2270-KR-487-A-XL,JNE2270,Kurta,XL,5,Kurta,,51,3.92,,"No stock record","Best-seller (top 10%)"
JNE2270-KR-487-A-XS,JNE2270,Kurta,XS,1,Kurta,,10,0.77,,"No stock record",Other
JNE2270-KR-487-A-XXL,JNE2270,Kurta,XXL,6,Kurta,,91,7.0,,"No stock record","Best-seller (top 10%)"
JNE2291-KR-602-L,JNE2291,Kurta,L,4,Kurta,6,17,1.31,4.6,"4. 4-13 weeks",Other
JNE2291-KR-602-M,JNE2291,Kurta,M,3,Kurta,44,14,1.08,40.9,"5. Over 13 weeks",Other
JNE2291-KR-602-S,JNE2291,Kurta,S,2,Kurta,62,12,0.92,67.2,"5. Over 13 weeks",Other
JNE2291-KR-602-XL,JNE2291,Kurta,XL,5,Kurta,24,3,0.23,104.0,"5. Over 13 weeks",Other
JNE2291-KR-602-XS,JNE2291,Kurta,XS,1,Kurta,60,7,0.54,111.4,"5. Over 13 weeks",Other
JNE2291-KR-602-XXL,JNE2291,Kurta,XXL,6,Kurta,19,9,0.69,27.4,"5. Over 13 weeks",Other
JNE2291-KR-602-XXXL,JNE2291,Kurta,3XL,7,Kurta,10,10,0.77,13.0,"5. Over 13 weeks",Other
JNE2292-KR-588-L,JNE2292,Kurta,L,4,Kurta,,1,0.08,,"No stock record",Other
JNE2293-KR-555-XXL,JNE2293,Kurta,XXL,6,Kurta,,2,0.15,,"No stock record",Other
JNE2294-KR-A-L,JNE2294,Kurta,L,4,Kurta,3,5,0.38,7.8,"4. 4-13 weeks",Other
JNE2294-KR-A-S,JNE2294,Kurta,S,2,Kurta,8,1,0.08,104.0,"5. Over 13 weeks",Other
JNE2294-KR-A-XL,JNE2294,Kurta,XL,5,Kurta,6,4,0.31,19.5,"5. Over 13 weeks",Other
JNE2294-KR-A-XS,JNE2294,Kurta,XS,1,Kurta,9,,,,"No paid units",Other
JNE2294-KR-A-XXL,JNE2294,Kurta,XXL,6,Kurta,3,4,0.31,9.8,"4. 4-13 weeks",Other
JNE2294-KR-A-XXXL,JNE2294,Kurta,3XL,7,Kurta,4,2,0.15,26.0,"5. Over 13 weeks",Other
JNE2300-KR-594-A-S,JNE2300,Kurta,S,2,Kurta,,1,0.08,,"No stock record",Other
JNE2302-KR-595-G-M,JNE2302,Kurta,M,3,Kurta,,1,0.08,,"No stock record",Other
JNE2305-KR-533-L,JNE2305,Kurta,L,4,Kurta,284,54,4.15,68.4,"5. Over 13 weeks",Other
JNE2305-KR-533-M,JNE2305,Kurta,M,3,Kurta,186,115,8.85,21.0,"5. Over 13 weeks","Best-seller (top 10%)"
JNE2305-KR-533-S,JNE2305,Kurta,S,2,Kurta,12,43,3.31,3.6,"3. 2-4 weeks",Other
JNE2305-KR-533-XL,JNE2305,Kurta,XL,5,Kurta,284,110,8.46,33.6,"5. Over 13 weeks","Best-seller (top 10%)"
JNE2305-KR-533-XS,JNE2305,Kurta,XS,1,Kurta,173,31,2.38,72.5,"5. Over 13 weeks",Other
JNE2305-KR-533-XXL,JNE2305,Kurta,XXL,6,Kurta,126,26,2.0,63.0,"5. Over 13 weeks",Other
JNE2307-KR-572-L,JNE2307,Kurta,L,4,Kurta,3,4,0.31,9.8,"4. 4-13 weeks",Other
JNE2307-KR-572-M,JNE2307,Kurta,M,3,Kurta,1,3,0.23,4.3,"4. 4-13 weeks",Other
JNE2307-KR-572-XL,JNE2307,Kurta,XL,5,Kurta,2,3,0.23,8.7,"4. 4-13 weeks",Other
JNE2307-KR-572-XXL,JNE2307,Kurta,XXL,6,Kurta,3,4,0.31,9.8,"4. 4-13 weeks",Other
JNE2309-KR-598-L,JNE2309,Kurta,L,4,Kurta,,1,0.08,,"No stock record",Other
JNE2321-KR-576-L,JNE2321,Kurta,L,4,Kurta,,1,0.08,,"No stock record",Other
JNE2323-KR-574-XS,JNE2323,Kurta,XS,1,Kurta,,1,0.08,,"No stock record",Other
JNE2324-KR-575-XXL,JNE2324,Kurta,XXL,6,Kurta,,1,0.08,,"No stock record",Other
JNE3030-KR-L,JNE3030,Kurta,L,4,Kurta,7,4,0.31,22.8,"5. Over 13 weeks",Other
JNE3030-KR-M,JNE3030,Kurta,M,3,Kurta,48,4,0.31,156.0,"5. Over 13 weeks",Other
JNE3030-KR-S,JNE3030,Kurta,S,2,Kurta,33,1,0.08,429.0,"5. Over 13 weeks",Other
JNE3030-KR-XL,JNE3030,Kurta,XL,5,Kurta,5,7,0.54,9.3,"4. 4-13 weeks",Other
JNE3030-KR-XS,JNE3030,Kurta,XS,1,Kurta,25,2,0.15,162.5,"5. Over 13 weeks",Other
JNE3030-KR-XXL,JNE3030,Kurta,XXL,6,Kurta,23,4,0.31,74.8,"5. Over 13 weeks",Other
JNE3030-KR-XXXL,JNE3030,Kurta,3XL,7,Kurta,3,18,1.38,2.2,"3. 2-4 weeks",Other
JNE3042-KR-L,JNE3042,Kurta,L,4,Kurta,3,2,0.15,19.5,"5. Over 13 weeks",Other
JNE3042-KR-M,JNE3042,Kurta,M,3,Kurta,7,4,0.31,22.8,"5. Over 13 weeks",Other
JNE3042-KR-S,JNE3042,Kurta,S,2,Kurta,3,7,0.54,5.6,"4. 4-13 weeks",Other
JNE3042-KR-XL,JNE3042,Kurta,XL,5,Kurta,2,1,0.08,26.0,"5. Over 13 weeks",Other
JNE3042-KR-XS,JNE3042,Kurta,XS,1,Kurta,6,2,0.15,39.0,"5. Over 13 weeks",Other
JNE3042-KR-XXL,JNE3042,Kurta,XXL,6,Kurta,5,4,0.31,16.3,"5. Over 13 weeks",Other
JNE3042-KR-XXXL,JNE3042,Kurta,3XL,7,Kurta,0,5,0.38,0.0,"1. Out of stock",Other
JNE3062-KR-M,JNE3062,Kurta,M,3,Kurta,,1,0.08,,"No stock record",Other
JNE3065-KR-L,JNE3065,Kurta,L,4,Kurta,8,1,0.08,104.0,"5. Over 13 weeks",Other
JNE3065-KR-M,JNE3065,Kurta,M,3,Kurta,2,3,0.23,8.7,"4. 4-13 weeks",Other
JNE3065-KR-S,JNE3065,Kurta,S,2,Kurta,13,1,0.08,169.0,"5. Over 13 weeks",Other
JNE3065-KR-XL,JNE3065,Kurta,XL,5,Kurta,7,3,0.23,30.3,"5. Over 13 weeks",Other
JNE3065-KR-XXL,JNE3065,Kurta,XXL,6,Kurta,3,4,0.31,9.8,"4. 4-13 weeks",Other
JNE3068-KR-A-L,JNE3068,Kurta,L,4,Kurta,,20,1.54,,"No stock record",Other
JNE3068-KR-A-M,JNE3068,Kurta,M,3,Kurta,,13,1.0,,"No stock record",Other
JNE3068-KR-A-S,JNE3068,Kurta,S,2,Kurta,,7,0.54,,"No stock record",Other
JNE3068-KR-A-XL,JNE3068,Kurta,XL,5,Kurta,,10,0.77,,"No stock record",Other
JNE3068-KR-A-XXL,JNE3068,Kurta,XXL,6,Kurta,,22,1.69,,"No stock record",Other
JNE3144-KR-S,JNE3144,Kurta,S,2,Kurta,,1,0.08,,"No stock record",Other
JNE3157-KR-M,JNE3157,Kurta,M,3,Kurta,,1,0.08,,"No stock record",Other
JNE3160-KR-G-L,JNE3160,Kurta,L,4,Kurta,,48,3.69,,"No stock record","Best-seller (top 10%)"
JNE3160-KR-G-M,JNE3160,Kurta,M,3,Kurta,,43,3.31,,"No stock record","Best-seller (top 10%)"
JNE3160-KR-G-S,JNE3160,Kurta,S,2,Kurta,,28,2.15,,"No stock record",Other
JNE3160-KR-G-XL,JNE3160,Kurta,XL,5,Kurta,,53,4.08,,"No stock record","Best-seller (top 10%)"
JNE3160-KR-G-XS,JNE3160,Kurta,XS,1,Kurta,,1,0.08,,"No stock record",Other
JNE3160-KR-G-XXL,JNE3160,Kurta,XXL,6,Kurta,,34,2.62,,"No stock record","Best-seller (top 10%)"
JNE3160-KR-G-XXXL,JNE3160,Kurta,3XL,7,Kurta,,18,1.38,,"No stock record",Other
JNE3160-KR-L,JNE3160,Kurta,L,4,Kurta,20,24,1.85,10.8,"4. 4-13 weeks",Other
JNE3160-KR-M,JNE3160,Kurta,M,3,Kurta,12,21,1.62,7.4,"4. 4-13 weeks",Other
JNE3160-KR-S,JNE3160,Kurta,S,2,Kurta,53,12,0.92,57.4,"5. Over 13 weeks",Other
JNE3160-KR-XL,JNE3160,Kurta,XL,5,Kurta,30,13,1.0,30.0,"5. Over 13 weeks",Other
JNE3160-KR-XS,JNE3160,Kurta,XS,1,Kurta,26,8,0.62,42.3,"5. Over 13 weeks",Other
JNE3160-KR-XXL,JNE3160,Kurta,XXL,6,Kurta,37,28,2.15,17.2,"5. Over 13 weeks",Other
JNE3160-KR-XXXL,JNE3160,Kurta,3XL,7,Kurta,38,8,0.62,61.8,"5. Over 13 weeks",Other
JNE3220-KR-XXL,JNE3220,Kurta,XXL,6,Kurta,,1,0.08,,"No stock record",Other
JNE3225-KR-L,JNE3225,Kurta,L,4,Kurta,0,1,0.08,0.0,"1. Out of stock",Other
JNE3225-KR-M,JNE3225,Kurta,M,3,Kurta,1,3,0.23,4.3,"4. 4-13 weeks",Other
JNE3225-KR-S,JNE3225,Kurta,S,2,Kurta,3,3,0.23,13.0,"5. Over 13 weeks",Other
JNE3225-KR-XL,JNE3225,Kurta,XL,5,Kurta,0,3,0.23,0.0,"1. Out of stock",Other
JNE3225-KR-XS,JNE3225,Kurta,XS,1,Kurta,4,3,0.23,17.3,"5. Over 13 weeks",Other
JNE3225-KR-XXL,JNE3225,Kurta,XXL,6,Kurta,0,2,0.15,0.0,"1. Out of stock",Other
JNE3225-KR-XXXL,JNE3225,Kurta,3XL,7,Kurta,4,1,0.08,52.0,"5. Over 13 weeks",Other
JNE3234-KR-M,JNE3234,Kurta,M,3,Kurta,,1,0.08,,"No stock record",Other
JNE3251-KR-L,JNE3251,Kurta,L,4,Kurta,46,1,0.08,598.0,"5. Over 13 weeks",Other
JNE3251-KR-M,JNE3251,Kurta,M,3,Kurta,69,1,0.08,897.0,"5. Over 13 weeks",Other
JNE3251-KR-XL,JNE3251,Kurta,XL,5,Kurta,70,1,0.08,910.0,"5. Over 13 weeks",Other
JNE3252-KR-L,JNE3252,Kurta,L,4,Kurta,5,7,0.54,9.3,"4. 4-13 weeks",Other
JNE3252-KR-M,JNE3252,Kurta,M,3,Kurta,11,5,0.38,28.6,"5. Over 13 weeks",Other
JNE3252-KR-S,JNE3252,Kurta,S,2,Kurta,8,2,0.15,52.0,"5. Over 13 weeks",Other
JNE3252-KR-XL,JNE3252,Kurta,XL,5,Kurta,11,13,1.0,11.0,"4. 4-13 weeks",Other
JNE3252-KR-XS,JNE3252,Kurta,XS,1,Kurta,10,4,0.31,32.5,"5. Over 13 weeks",Other
JNE3252-KR-XXL,JNE3252,Kurta,XXL,6,Kurta,5,10,0.77,6.5,"4. 4-13 weeks",Other
JNE3252-KR-XXXL,JNE3252,Kurta,3XL,7,Kurta,10,13,1.0,10.0,"4. 4-13 weeks",Other
JNE3253-KR-M,JNE3253,Kurta,M,3,Kurta,23,2,0.15,149.5,"5. Over 13 weeks",Other
JNE3253-KR-XL,JNE3253,Kurta,XL,5,Kurta,21,1,0.08,273.0,"5. Over 13 weeks",Other
JNE3255-KR-L,JNE3255,Kurta,L,4,Kurta,21,3,0.23,91.0,"5. Over 13 weeks",Other
JNE3255-KR-M,JNE3255,Kurta,M,3,Kurta,25,2,0.15,162.5,"5. Over 13 weeks",Other
JNE3255-KR-S,JNE3255,Kurta,S,2,Kurta,16,3,0.23,69.3,"5. Over 13 weeks",Other
JNE3255-KR-XL,JNE3255,Kurta,XL,5,Kurta,11,5,0.38,28.6,"5. Over 13 weeks",Other
JNE3255-KR-XS,JNE3255,Kurta,XS,1,Kurta,66,1,0.08,858.0,"5. Over 13 weeks",Other
JNE3255-KR-XXL,JNE3255,Kurta,XXL,6,Kurta,8,3,0.23,34.7,"5. Over 13 weeks",Other
JNE3255-KR-XXXL,JNE3255,Kurta,3XL,7,Kurta,6,3,0.23,26.0,"5. Over 13 weeks",Other
JNE3256-KR-L,JNE3256,Kurta,L,4,Kurta,187,5,0.38,486.2,"5. Over 13 weeks",Other
JNE3256-KR-M,JNE3256,Kurta,M,3,Kurta,90,7,0.54,167.1,"5. Over 13 weeks",Other
JNE3256-KR-S,JNE3256,Kurta,S,2,Kurta,62,7,0.54,115.1,"5. Over 13 weeks",Other
JNE3256-KR-XL,JNE3256,Kurta,XL,5,Kurta,87,6,0.46,188.5,"5. Over 13 weeks",Other
JNE3256-KR-XS,JNE3256,Kurta,XS,1,Kurta,63,2,0.15,409.5,"5. Over 13 weeks",Other
JNE3256-KR-XXL,JNE3256,Kurta,XXL,6,Kurta,112,5,0.38,291.2,"5. Over 13 weeks",Other
JNE3256-KR-XXXL,JNE3256,Kurta,3XL,7,Kurta,103,15,1.15,89.3,"5. Over 13 weeks",Other
JNE3257-KR-L,JNE3257,Kurta,L,4,Kurta,8,1,0.08,104.0,"5. Over 13 weeks",Other
JNE3257-KR-M,JNE3257,Kurta,M,3,Kurta,9,2,0.15,58.5,"5. Over 13 weeks",Other
JNE3257-KR-S,JNE3257,Kurta,S,2,Kurta,13,1,0.08,169.0,"5. Over 13 weeks",Other
JNE3257-KR-XL,JNE3257,Kurta,XL,5,Kurta,12,2,0.15,78.0,"5. Over 13 weeks",Other
JNE3257-KR-XXL,JNE3257,Kurta,XXL,6,Kurta,9,3,0.23,39.0,"5. Over 13 weeks",Other
JNE3261-KR-L,JNE3261,Kurta,L,4,Kurta,26,18,1.38,18.8,"5. Over 13 weeks",Other
JNE3261-KR-M,JNE3261,Kurta,M,3,Kurta,41,13,1.0,41.0,"5. Over 13 weeks",Other
JNE3261-KR-S,JNE3261,Kurta,S,2,Kurta,15,12,0.92,16.3,"5. Over 13 weeks",Other
JNE3261-KR-XL,JNE3261,Kurta,XL,5,Kurta,147,18,1.38,106.2,"5. Over 13 weeks",Other
JNE3261-KR-XS,JNE3261,Kurta,XS,1,Kurta,5,4,0.31,16.3,"5. Over 13 weeks",Other
JNE3261-KR-XXL,JNE3261,Kurta,XXL,6,Kurta,38,24,1.85,20.6,"5. Over 13 weeks",Other
JNE3261-KR-XXXL,JNE3261,Kurta,3XL,7,Kurta,50,9,0.69,72.2,"5. Over 13 weeks",Other
JNE3265-KR-L,JNE3265,Kurta,L,4,Kurta,8,19,1.46,5.5,"4. 4-13 weeks",Other
JNE3265-KR-M,JNE3265,Kurta,M,3,Kurta,6,12,0.92,6.5,"4. 4-13 weeks",Other
JNE3265-KR-S,JNE3265,Kurta,S,2,Kurta,24,7,0.54,44.6,"5. Over 13 weeks",Other
JNE3265-KR-XL,JNE3265,Kurta,XL,5,Kurta,4,18,1.38,2.9,"3. 2-4 weeks",Other
JNE3265-KR-XXL,JNE3265,Kurta,XXL,6,Kurta,3,24,1.85,1.6,"2. Under 2 weeks",Other
JNE3270-KR-L,JNE3270,Kurta,L,4,Kurta,45,6,0.46,97.5,"5. Over 13 weeks",Other
JNE3270-KR-M,JNE3270,Kurta,M,3,Kurta,31,4,0.31,100.8,"5. Over 13 weeks",Other
JNE3270-KR-S,JNE3270,Kurta,S,2,Kurta,38,5,0.38,98.8,"5. Over 13 weeks",Other
JNE3270-KR-XL,JNE3270,Kurta,XL,5,Kurta,29,5,0.38,75.4,"5. Over 13 weeks",Other
JNE3270-KR-XS,JNE3270,Kurta,XS,1,Kurta,44,8,0.62,71.5,"5. Over 13 weeks",Other
JNE3270-KR-XXL,JNE3270,Kurta,XXL,6,Kurta,4,3,0.23,17.3,"5. Over 13 weeks",Other
JNE3270-KR-XXXL,JNE3270,Kurta,3XL,7,Kurta,11,7,0.54,20.4,"5. Over 13 weeks",Other
JNE3273-KR-L,JNE3273,Kurta,L,4,Kurta,4,3,0.23,17.3,"5. Over 13 weeks",Other
JNE3273-KR-M,JNE3273,Kurta,M,3,Kurta,14,5,0.38,36.4,"5. Over 13 weeks",Other
JNE3273-KR-S,JNE3273,Kurta,S,2,Kurta,6,2,0.15,39.0,"5. Over 13 weeks",Other
JNE3273-KR-XL,JNE3273,Kurta,XL,5,Kurta,15,7,0.54,27.9,"5. Over 13 weeks",Other
JNE3273-KR-XS,JNE3273,Kurta,XS,1,Kurta,26,1,0.08,338.0,"5. Over 13 weeks",Other
JNE3273-KR-XXL,JNE3273,Kurta,XXL,6,Kurta,2,4,0.31,6.5,"4. 4-13 weeks",Other
JNE3273-KR-XXXL,JNE3273,Kurta,3XL,7,Kurta,3,4,0.31,9.8,"4. 4-13 weeks",Other
JNE3276-KR-XXL,JNE3276,Kurta,XXL,6,Kurta,,2,0.15,,"No stock record",Other
JNE3276-KR-XXXL,JNE3276,Kurta,3XL,7,Kurta,,1,0.08,,"No stock record",Other
JNE3279-KR-A-S,JNE3279,Kurta,S,2,Kurta,,2,0.15,,"No stock record",Other
JNE3279-KR-A-XS,JNE3279,Kurta,XS,1,Kurta,,2,0.15,,"No stock record",Other
JNE3279-KR-A-XXL,JNE3279,Kurta,XXL,6,Kurta,,2,0.15,,"No stock record",Other
JNE3279-KR-A-XXXL,JNE3279,Kurta,3XL,7,Kurta,,1,0.08,,"No stock record",Other
JNE3281-KR-XL,JNE3281,Kurta,XL,5,Kurta,,1,0.08,,"No stock record",Other
JNE3284-KR-M,JNE3284,Kurta,M,3,Kurta,3,1,0.08,39.0,"5. Over 13 weeks",Other
JNE3284-KR-S,JNE3284,Kurta,S,2,Kurta,7,2,0.15,45.5,"5. Over 13 weeks",Other
JNE3284-KR-XL,JNE3284,Kurta,XL,5,Kurta,4,,,,"No paid units",Other
JNE3284-KR-XXL,JNE3284,Kurta,XXL,6,Kurta,5,,,,"No paid units",Other
JNE3288-KR-L,JNE3288,Kurta,L,4,Kurta,13,8,0.62,21.1,"5. Over 13 weeks",Other
JNE3288-KR-M,JNE3288,Kurta,M,3,Kurta,16,5,0.38,41.6,"5. Over 13 weeks",Other
JNE3288-KR-S,JNE3288,Kurta,S,2,Kurta,30,1,0.08,390.0,"5. Over 13 weeks",Other
JNE3288-KR-XL,JNE3288,Kurta,XL,5,Kurta,19,5,0.38,49.4,"5. Over 13 weeks",Other
JNE3288-KR-XS,JNE3288,Kurta,XS,1,Kurta,8,2,0.15,52.0,"5. Over 13 weeks",Other
JNE3288-KR-XXL,JNE3288,Kurta,XXL,6,Kurta,16,3,0.23,69.3,"5. Over 13 weeks",Other
JNE3288-KR-XXXL,JNE3288,Kurta,3XL,7,Kurta,35,5,0.38,91.0,"5. Over 13 weeks",Other
JNE3291-KR-L,JNE3291,Kurta,L,4,Kurta,151,151,11.62,13.0,"5. Over 13 weeks","Best-seller (top 10%)"
JNE3291-KR-M,JNE3291,Kurta,M,3,Kurta,122,132,10.15,12.0,"4. 4-13 weeks","Best-seller (top 10%)"
JNE3291-KR-S,JNE3291,Kurta,S,2,Kurta,19,73,5.62,3.4,"3. 2-4 weeks","Best-seller (top 10%)"
JNE3291-KR-XL,JNE3291,Kurta,XL,5,Kurta,81,188,14.46,5.6,"4. 4-13 weeks","Best-seller (top 10%)"
JNE3291-KR-XS,JNE3291,Kurta,XS,1,Kurta,8,19,1.46,5.5,"4. 4-13 weeks",Other
JNE3291-KR-XXL,JNE3291,Kurta,XXL,6,Kurta,131,115,8.85,14.8,"5. Over 13 weeks","Best-seller (top 10%)"
JNE3291-KR-XXXL,JNE3291,Kurta,3XL,7,Kurta,140,49,3.77,37.1,"5. Over 13 weeks",Other
JNE3294-KR-L,JNE3294,Kurta,L,4,Kurta,5,35,2.69,1.9,"2. Under 2 weeks",Other
JNE3294-KR-M,JNE3294,Kurta,M,3,Kurta,4,26,2.0,2.0,"3. 2-4 weeks",Other
JNE3294-KR-S,JNE3294,Kurta,S,2,Kurta,1,15,1.15,0.9,"2. Under 2 weeks",Other
JNE3294-KR-XL,JNE3294,Kurta,XL,5,Kurta,7,35,2.69,2.6,"3. 2-4 weeks",Other
JNE3294-KR-XS,JNE3294,Kurta,XS,1,Kurta,33,12,0.92,35.8,"5. Over 13 weeks",Other
JNE3294-KR-XXL,JNE3294,Kurta,XXL,6,Kurta,5,50,3.85,1.3,"2. Under 2 weeks",Other
JNE3294-KR-XXXL,JNE3294,Kurta,3XL,7,Kurta,5,30,2.31,2.2,"3. 2-4 weeks",Other
JNE3296-KR-L,JNE3296,Kurta,L,4,Kurta,,3,0.23,,"No stock record",Other
JNE3296-KR-M,JNE3296,Kurta,M,3,Kurta,,2,0.15,,"No stock record",Other
JNE3296-KR-S,JNE3296,Kurta,S,2,Kurta,,1,0.08,,"No stock record",Other
JNE3296-KR-XL,JNE3296,Kurta,XL,5,Kurta,,2,0.15,,"No stock record",Other
JNE3296-KR-XXL,JNE3296,Kurta,XXL,6,Kurta,,4,0.31,,"No stock record",Other
JNE3311-KR-A-XS,JNE3311,Kurta,XS,1,Kurta,,1,0.08,,"No stock record",Other
JNE3311-KR-L,JNE3311,Kurta,L,4,Kurta,2,4,0.31,6.5,"4. 4-13 weeks",Other
JNE3311-KR-M,JNE3311,Kurta,M,3,Kurta,2,10,0.77,2.6,"3. 2-4 weeks",Other
JNE3311-KR-S,JNE3311,Kurta,S,2,Kurta,4,7,0.54,7.4,"4. 4-13 weeks",Other
JNE3311-KR-XL,JNE3311,Kurta,XL,5,Kurta,3,2,0.15,19.5,"5. Over 13 weeks",Other
JNE3311-KR-XS,JNE3311,Kurta,XS,1,Kurta,3,10,0.77,3.9,"3. 2-4 weeks",Other
JNE3311-KR-XXL,JNE3311,Kurta,XXL,6,Kurta,0,3,0.23,0.0,"1. Out of stock",Other
JNE3311-KR-XXXL,JNE3311,Kurta,3XL,7,Kurta,2,9,0.69,2.9,"3. 2-4 weeks",Other
JNE3313-KR-A-L,JNE3313,Kurta,L,4,Kurta,,7,0.54,,"No stock record",Other
JNE3313-KR-A-M,JNE3313,Kurta,M,3,Kurta,,3,0.23,,"No stock record",Other
JNE3313-KR-A-S,JNE3313,Kurta,S,2,Kurta,,2,0.15,,"No stock record",Other
JNE3313-KR-A-XL,JNE3313,Kurta,XL,5,Kurta,,3,0.23,,"No stock record",Other
JNE3313-KR-A-XS,JNE3313,Kurta,XS,1,Kurta,,4,0.31,,"No stock record",Other
JNE3313-KR-A-XXL,JNE3313,Kurta,XXL,6,Kurta,,9,0.69,,"No stock record",Other
JNE3313-KR-A-XXXL,JNE3313,Kurta,3XL,7,Kurta,,7,0.54,,"No stock record",Other
JNE3313-KR-M,JNE3313,Kurta,M,3,Kurta,51,1,0.08,663.0,"5. Over 13 weeks",Other
JNE3313-KR-S,JNE3313,Kurta,S,2,Kurta,57,2,0.15,370.5,"5. Over 13 weeks",Other
JNE3313-KR-XL,JNE3313,Kurta,XL,5,Kurta,20,3,0.23,86.7,"5. Over 13 weeks",Other
JNE3313-KR-XS,JNE3313,Kurta,XS,1,Kurta,16,1,0.08,208.0,"5. Over 13 weeks",Other
JNE3313-KR-XXL,JNE3313,Kurta,XXL,6,Kurta,66,3,0.23,286.0,"5. Over 13 weeks",Other
JNE3313-KR-XXXL,JNE3313,Kurta,3XL,7,Kurta,9,2,0.15,58.5,"5. Over 13 weeks",Other
JNE3323-KR-A-L,JNE3323,Kurta,L,4,Kurta,,2,0.15,,"No stock record",Other
JNE3323-KR-A-M,JNE3323,Kurta,M,3,Kurta,,1,0.08,,"No stock record",Other
JNE3323-KR-A-S,JNE3323,Kurta,S,2,Kurta,,1,0.08,,"No stock record",Other
JNE3323-KR-A-XL,JNE3323,Kurta,XL,5,Kurta,,2,0.15,,"No stock record",Other
JNE3323-KR-A-XS,JNE3323,Kurta,XS,1,Kurta,,4,0.31,,"No stock record",Other
JNE3323-KR-A-XXXL,JNE3323,Kurta,3XL,7,Kurta,,1,0.08,,"No stock record",Other
JNE3323-KR-L,JNE3323,Kurta,L,4,Kurta,3,1,0.08,39.0,"5. Over 13 weeks",Other
JNE3323-KR-M,JNE3323,Kurta,M,3,Kurta,1,1,0.08,13.0,"5. Over 13 weeks",Other
JNE3323-KR-S,JNE3323,Kurta,S,2,Kurta,3,1,0.08,39.0,"5. Over 13 weeks",Other
JNE3323-KR-XS,JNE3323,Kurta,XS,1,Kurta,3,,,,"No paid units",Other
JNE3323-KR-XXXL,JNE3323,Kurta,3XL,7,Kurta,2,1,0.08,26.0,"5. Over 13 weeks",Other
JNE3334-KR-L,JNE3334,Kurta,L,4,Kurta,6,34,2.62,2.3,"3. 2-4 weeks",Other
JNE3334-KR-M,JNE3334,Kurta,M,3,Kurta,12,27,2.08,5.8,"4. 4-13 weeks",Other
JNE3334-KR-S,JNE3334,Kurta,S,2,Kurta,37,18,1.38,26.7,"5. Over 13 weeks",Other
JNE3334-KR-XL,JNE3334,Kurta,XL,5,Kurta,6,30,2.31,2.6,"3. 2-4 weeks",Other
JNE3334-KR-XXL,JNE3334,Kurta,XXL,6,Kurta,4,37,2.85,1.4,"2. Under 2 weeks",Other
JNE3336-KR-M,JNE3336,Kurta,M,3,Kurta,5,2,0.15,32.5,"5. Over 13 weeks",Other
JNE3336-KR-S,JNE3336,Kurta,S,2,Kurta,14,1,0.08,182.0,"5. Over 13 weeks",Other
JNE3336-KR-XL,JNE3336,Kurta,XL,5,Kurta,3,1,0.08,39.0,"5. Over 13 weeks",Other
JNE3336-KR-XS,JNE3336,Kurta,XS,1,Kurta,9,3,0.23,39.0,"5. Over 13 weeks",Other
JNE3338-KR-S,JNE3338,Kurta,S,2,Kurta,13,2,0.15,84.5,"5. Over 13 weeks",Other
JNE3339-KR-XS,JNE3339,Kurta,XS,1,Kurta,,3,0.23,,"No stock record",Other
JNE3342-KR-S,JNE3342,Kurta,S,2,Kurta,,1,0.08,,"No stock record",Other
JNE3344-KR-L,JNE3344,Kurta,L,4,Kurta,,1,0.08,,"No stock record",Other
JNE3346-KR-M,JNE3346,Kurta,M,3,Kurta,,1,0.08,,"No stock record",Other
JNE3346-KR-XL,JNE3346,Kurta,XL,5,Kurta,,1,0.08,,"No stock record",Other
JNE3346-KR-XXL,JNE3346,Kurta,XXL,6,Kurta,,1,0.08,,"No stock record",Other
JNE3348-KR-L,JNE3348,Kurta,L,4,Kurta,10,8,0.62,16.3,"5. Over 13 weeks",Other
JNE3348-KR-M,JNE3348,Kurta,M,3,Kurta,63,2,0.15,409.5,"5. Over 13 weeks",Other
JNE3348-KR-S,JNE3348,Kurta,S,2,Kurta,13,4,0.31,42.3,"5. Over 13 weeks",Other
JNE3348-KR-XL,JNE3348,Kurta,XL,5,Kurta,44,5,0.38,114.4,"5. Over 13 weeks",Other
JNE3348-KR-XS,JNE3348,Kurta,XS,1,Kurta,25,4,0.31,81.3,"5. Over 13 weeks",Other
JNE3348-KR-XXL,JNE3348,Kurta,XXL,6,Kurta,43,5,0.38,111.8,"5. Over 13 weeks",Other
JNE3348-KR-XXXL,JNE3348,Kurta,3XL,7,Kurta,61,3,0.23,264.3,"5. Over 13 weeks",Other
JNE3351-KR-XL,JNE3351,Kurta,XL,5,Kurta,,1,0.08,,"No stock record",Other
JNE3355-KR-XL,JNE3355,Kurta,XL,5,Kurta,47,1,0.08,611.0,"5. Over 13 weeks",Other
JNE3359-KR-L,JNE3359,Kurta,L,4,Kurta,7,5,0.38,18.2,"5. Over 13 weeks",Other
JNE3359-KR-M,JNE3359,Kurta,M,3,Kurta,7,3,0.23,30.3,"5. Over 13 weeks",Other
JNE3359-KR-S,JNE3359,Kurta,S,2,Kurta,4,3,0.23,17.3,"5. Over 13 weeks",Other
JNE3359-KR-XL,JNE3359,Kurta,XL,5,Kurta,4,3,0.23,17.3,"5. Over 13 weeks",Other
JNE3359-KR-XXL,JNE3359,Kurta,XXL,6,Kurta,3,7,0.54,5.6,"4. 4-13 weeks",Other
JNE3360-KR-S,JNE3360,Kurta,S,2,Kurta,,1,0.08,,"No stock record",Other
JNE3362-KR-XXXL,JNE3362,Kurta,3XL,7,Kurta,,1,0.08,,"No stock record",Other
JNE3363-KR-1032-L,JNE3363,Kurta,L,4,Kurta,158,16,1.23,128.4,"5. Over 13 weeks",Other
JNE3363-KR-1032-M,JNE3363,Kurta,M,3,Kurta,130,21,1.62,80.5,"5. Over 13 weeks",Other
JNE3363-KR-1032-S,JNE3363,Kurta,S,2,Kurta,23,3,0.23,99.7,"5. Over 13 weeks",Other
JNE3363-KR-1032-XL,JNE3363,Kurta,XL,5,Kurta,22,31,2.38,9.2,"4. 4-13 weeks",Other
JNE3363-KR-1032-XS,JNE3363,Kurta,XS,1,Kurta,11,7,0.54,20.4,"5. Over 13 weeks",Other
JNE3363-KR-1032-XXL,JNE3363,Kurta,XXL,6,Kurta,158,34,2.62,60.4,"5. Over 13 weeks",Other
JNE3363-KR-1032-XXXL,JNE3363,Kurta,3XL,7,Kurta,10,35,2.69,3.7,"3. 2-4 weeks",Other
JNE3364-KR-1051-A-L,JNE3364,Kurta,L,4,Kurta,,76,5.85,,"No stock record","Best-seller (top 10%)"
JNE3364-KR-1051-A-M,JNE3364,Kurta,M,3,Kurta,,16,1.23,,"No stock record",Other
JNE3364-KR-1051-A-S,JNE3364,Kurta,S,2,Kurta,,9,0.69,,"No stock record",Other
JNE3364-KR-1051-A-XL,JNE3364,Kurta,XL,5,Kurta,,20,1.54,,"No stock record",Other
JNE3364-KR-1051-A-XS,JNE3364,Kurta,XS,1,Kurta,,14,1.08,,"No stock record",Other
JNE3364-KR-1051-A-XXL,JNE3364,Kurta,XXL,6,Kurta,,8,0.62,,"No stock record",Other
JNE3364-KR-1051-A-XXXL,JNE3364,Kurta,3XL,7,Kurta,,15,1.15,,"No stock record",Other
JNE3364-KR-1051-L,JNE3364,Kurta,L,4,Kurta,158,3,0.23,684.7,"5. Over 13 weeks",Other
JNE3364-KR-1051-M,JNE3364,Kurta,M,3,Kurta,306,1,0.08,3978.0,"5. Over 13 weeks",Other
JNE3364-KR-1051-S,JNE3364,Kurta,S,2,Kurta,150,1,0.08,1950.0,"5. Over 13 weeks",Other
JNE3364-KR-1051-XL,JNE3364,Kurta,XL,5,Kurta,170,2,0.15,1105.0,"5. Over 13 weeks",Other
JNE3364-KR-1051-XS,JNE3364,Kurta,XS,1,Kurta,169,,,,"No paid units",Other
JNE3364-KR-1051-XXL,JNE3364,Kurta,XXL,6,Kurta,135,2,0.15,877.5,"5. Over 13 weeks",Other
JNE3364-KR-1051-XXXL,JNE3364,Kurta,3XL,7,Kurta,156,7,0.54,289.7,"5. Over 13 weeks",Other
JNE3365-KR-1052-A-L,JNE3365,Kurta,L,4,Kurta,,12,0.92,,"No stock record",Other
JNE3365-KR-1052-A-M,JNE3365,Kurta,M,3,Kurta,,32,2.46,,"No stock record",Other
JNE3365-KR-1052-A-S,JNE3365,Kurta,S,2,Kurta,,19,1.46,,"No stock record",Other
JNE3365-KR-1052-A-XL,JNE3365,Kurta,XL,5,Kurta,,35,2.69,,"No stock record",Other
JNE3365-KR-1052-A-XS,JNE3365,Kurta,XS,1,Kurta,,7,0.54,,"No stock record",Other
JNE3365-KR-1052-A-XXL,JNE3365,Kurta,XXL,6,Kurta,,17,1.31,,"No stock record",Other
JNE3365-KR-1052-A-XXXL,JNE3365,Kurta,3XL,7,Kurta,,19,1.46,,"No stock record",Other
JNE3365-KR-1052-L,JNE3365,Kurta,L,4,Kurta,15,10,0.77,19.5,"5. Over 13 weeks",Other
JNE3365-KR-1052-M,JNE3365,Kurta,M,3,Kurta,6,3,0.23,26.0,"5. Over 13 weeks",Other
JNE3365-KR-1052-S,JNE3365,Kurta,S,2,Kurta,10,1,0.08,130.0,"5. Over 13 weeks",Other
JNE3365-KR-1052-XL,JNE3365,Kurta,XL,5,Kurta,10,16,1.23,8.1,"4. 4-13 weeks",Other
JNE3366-KR-1053-A-L,JNE3366,Kurta,L,4,Kurta,,1,0.08,,"No stock record",Other
JNE3366-KR-1053-A-XS,JNE3366,Kurta,XS,1,Kurta,,1,0.08,,"No stock record",Other
JNE3366-KR-1053-A-XXL,JNE3366,Kurta,XXL,6,Kurta,,4,0.31,,"No stock record",Other
JNE3366-KR-1053-A-XXXL,JNE3366,Kurta,3XL,7,Kurta,,5,0.38,,"No stock record",Other
JNE3366-KR-1053-L,JNE3366,Kurta,L,4,Kurta,246,40,3.08,79.9,"5. Over 13 weeks",Other
JNE3366-KR-1053-M,JNE3366,Kurta,M,3,Kurta,168,35,2.69,62.4,"5. Over 13 weeks",Other
JNE3366-KR-1053-S,JNE3366,Kurta,S,2,Kurta,181,13,1.0,181.0,"5. Over 13 weeks",Other
JNE3366-KR-1053-XL,JNE3366,Kurta,XL,5,Kurta,243,39,3.0,81.0,"5. Over 13 weeks",Other
JNE3366-KR-1053-XS,JNE3366,Kurta,XS,1,Kurta,128,9,0.69,184.9,"5. Over 13 weeks",Other
JNE3366-KR-1053-XXL,JNE3366,Kurta,XXL,6,Kurta,73,63,4.85,15.1,"5. Over 13 weeks","Best-seller (top 10%)"
JNE3366-KR-1053-XXXL,JNE3366,Kurta,3XL,7,Kurta,100,65,5.0,20.0,"5. Over 13 weeks","Best-seller (top 10%)"
JNE3368-KR-L,JNE3368,Kurta,L,4,Kurta,429,87,6.69,64.1,"5. Over 13 weeks","Best-seller (top 10%)"
JNE3368-KR-M,JNE3368,Kurta,M,3,Kurta,63,65,5.0,12.6,"4. 4-13 weeks","Best-seller (top 10%)"
JNE3368-KR-S,JNE3368,Kurta,S,2,Kurta,296,47,3.62,81.9,"5. Over 13 weeks",Other
JNE3368-KR-XL,JNE3368,Kurta,XL,5,Kurta,481,98,7.54,63.8,"5. Over 13 weeks","Best-seller (top 10%)"
JNE3368-KR-XS,JNE3368,Kurta,XS,1,Kurta,107,36,2.77,38.6,"5. Over 13 weeks",Other
JNE3368-KR-XXL,JNE3368,Kurta,XXL,6,Kurta,757,194,14.92,50.7,"5. Over 13 weeks","Best-seller (top 10%)"
JNE3368-KR-XXXL,JNE3368,Kurta,3XL,7,Kurta,985,171,13.15,74.9,"5. Over 13 weeks","Best-seller (top 10%)"
JNE3369-KR-L,JNE3369,Kurta,L,4,Kurta,9,4,0.31,29.3,"5. Over 13 weeks",Other
JNE3369-KR-M,JNE3369,Kurta,M,3,Kurta,2,2,0.15,13.0,"5. Over 13 weeks",Other
JNE3369-KR-S,JNE3369,Kurta,S,2,Kurta,3,1,0.08,39.0,"5. Over 13 weeks",Other
JNE3369-KR-XL,JNE3369,Kurta,XL,5,Kurta,15,3,0.23,65.0,"5. Over 13 weeks",Other
JNE3369-KR-XS,JNE3369,Kurta,XS,1,Kurta,41,3,0.23,177.7,"5. Over 13 weeks",Other
JNE3369-KR-XXL,JNE3369,Kurta,XXL,6,Kurta,4,7,0.54,7.4,"4. 4-13 weeks",Other
JNE3369-KR-XXXL,JNE3369,Kurta,3XL,7,Kurta,8,2,0.15,52.0,"5. Over 13 weeks",Other
JNE3370-KR-L,JNE3370,Kurta,L,4,Kurta,2,2,0.15,13.0,"5. Over 13 weeks",Other
JNE3370-KR-S,JNE3370,Kurta,S,2,Kurta,4,1,0.08,52.0,"5. Over 13 weeks",Other
JNE3370-KR-XXL,JNE3370,Kurta,XXL,6,Kurta,4,1,0.08,52.0,"5. Over 13 weeks",Other
JNE3371-KR-M,JNE3371,Kurta,M,3,Kurta,7,26,2.0,3.5,"3. 2-4 weeks",Other
JNE3371-KR-S,JNE3371,Kurta,S,2,Kurta,3,11,0.85,3.5,"3. 2-4 weeks",Other
JNE3371-KR-XL,JNE3371,Kurta,XL,5,Kurta,4,12,0.92,4.3,"4. 4-13 weeks",Other
JNE3371-KR-XS,JNE3371,Kurta,XS,1,Kurta,7,2,0.15,45.5,"5. Over 13 weeks",Other
JNE3371-KR-XXL,JNE3371,Kurta,XXL,6,Kurta,4,2,0.15,26.0,"5. Over 13 weeks",Other
JNE3371-KR-XXXL,JNE3371,Kurta,3XL,7,Kurta,2,7,0.54,3.7,"3. 2-4 weeks",Other
JNE3373-KR-L,JNE3373,Kurta,L,4,Kurta,62,104,8.0,7.8,"4. 4-13 weeks","Best-seller (top 10%)"
JNE3373-KR-M,JNE3373,Kurta,M,3,Kurta,47,156,12.0,3.9,"3. 2-4 weeks","Best-seller (top 10%)"
JNE3373-KR-S,JNE3373,Kurta,S,2,Kurta,21,83,6.38,3.3,"3. 2-4 weeks","Best-seller (top 10%)"
JNE3373-KR-XL,JNE3373,Kurta,XL,5,Kurta,45,159,12.23,3.7,"3. 2-4 weeks","Best-seller (top 10%)"
JNE3373-KR-XS,JNE3373,Kurta,XS,1,Kurta,32,40,3.08,10.4,"4. 4-13 weeks",Other
JNE3373-KR-XXL,JNE3373,Kurta,XXL,6,Kurta,59,195,15.0,3.9,"3. 2-4 weeks","Best-seller (top 10%)"
JNE3373-KR-XXXL,JNE3373,Kurta,3XL,7,Kurta,36,248,19.08,1.9,"2. Under 2 weeks","Best-seller (top 10%)"
JNE3375-KR-S,JNE3375,Kurta,S,2,Kurta,2,1,0.08,26.0,"5. Over 13 weeks",Other
JNE3375-KR-XXXL,JNE3375,Kurta,3XL,7,Kurta,0,2,0.15,0.0,"1. Out of stock",Other
JNE3376-KR-L,JNE3376,Kurta,L,4,Kurta,7,19,1.46,4.8,"4. 4-13 weeks",Other
JNE3376-KR-M,JNE3376,Kurta,M,3,Kurta,39,20,1.54,25.3,"5. Over 13 weeks",Other
JNE3376-KR-S,JNE3376,Kurta,S,2,Kurta,11,9,0.69,15.9,"5. Over 13 weeks",Other
JNE3376-KR-XL,JNE3376,Kurta,XL,5,Kurta,33,18,1.38,23.8,"5. Over 13 weeks",Other
JNE3376-KR-XS,JNE3376,Kurta,XS,1,Kurta,28,10,0.77,36.4,"5. Over 13 weeks",Other
JNE3376-KR-XXL,JNE3376,Kurta,XXL,6,Kurta,15,13,1.0,15.0,"5. Over 13 weeks",Other
JNE3376-KR-XXXL,JNE3376,Kurta,3XL,7,Kurta,6,9,0.69,8.7,"4. 4-13 weeks",Other
JNE3383-KR-A-L,JNE3383,Kurta,L,4,Kurta,,2,0.15,,"No stock record",Other
JNE3383-KR-A-M,JNE3383,Kurta,M,3,Kurta,,2,0.15,,"No stock record",Other
JNE3383-KR-A-S,JNE3383,Kurta,S,2,Kurta,,3,0.23,,"No stock record",Other
JNE3383-KR-A-XL,JNE3383,Kurta,XL,5,Kurta,,3,0.23,,"No stock record",Other
JNE3383-KR-A-XS,JNE3383,Kurta,XS,1,Kurta,,3,0.23,,"No stock record",Other
JNE3383-KR-A-XXL,JNE3383,Kurta,XXL,6,Kurta,,4,0.31,,"No stock record",Other
JNE3383-KR-A-XXXL,JNE3383,Kurta,3XL,7,Kurta,,5,0.38,,"No stock record",Other
JNE3384-KR-L,JNE3384,Kurta,L,4,Kurta,6,14,1.08,5.6,"4. 4-13 weeks",Other
JNE3384-KR-M,JNE3384,Kurta,M,3,Kurta,7,12,0.92,7.6,"4. 4-13 weeks",Other
JNE3384-KR-S,JNE3384,Kurta,S,2,Kurta,17,9,0.69,24.6,"5. Over 13 weeks",Other
JNE3384-KR-XL,JNE3384,Kurta,XL,5,Kurta,3,11,0.85,3.5,"3. 2-4 weeks",Other
JNE3384-KR-XS,JNE3384,Kurta,XS,1,Kurta,8,10,0.77,10.4,"4. 4-13 weeks",Other
JNE3384-KR-XXL,JNE3384,Kurta,XXL,6,Kurta,6,10,0.77,7.8,"4. 4-13 weeks",Other
JNE3384-KR-XXXL,JNE3384,Kurta,3XL,7,Kurta,7,12,0.92,7.6,"4. 4-13 weeks",Other
JNE3386-KR-XS,JNE3386,Kurta,XS,1,Kurta,1,2,0.15,6.5,"4. 4-13 weeks",Other
JNE3387-KR-M,JNE3387,Kurta,M,3,Kurta,46,1,0.08,598.0,"5. Over 13 weeks",Other
JNE3388-KR-L,JNE3388,Kurta,L,4,Kurta,,1,0.08,,"No stock record",Other
JNE3389-KR-A-L,JNE3389,Kurta,L,4,Kurta,,2,0.15,,"No stock record",Other
JNE3389-KR-A-M,JNE3389,Kurta,M,3,Kurta,,1,0.08,,"No stock record",Other
JNE3389-KR-A-XS,JNE3389,Kurta,XS,1,Kurta,,2,0.15,,"No stock record",Other
JNE3389-KR-A-XXL,JNE3389,Kurta,XXL,6,Kurta,,4,0.31,,"No stock record",Other
JNE3389-KR-A-XXXL,JNE3389,Kurta,3XL,7,Kurta,,3,0.23,,"No stock record",Other
JNE3389-KR-S,JNE3389,Kurta,S,2,Kurta,4,2,0.15,26.0,"5. Over 13 weeks",Other
JNE3389-KR-XL,JNE3389,Kurta,XL,5,Kurta,4,2,0.15,26.0,"5. Over 13 weeks",Other
JNE3389-KR-XS,JNE3389,Kurta,XS,1,Kurta,6,1,0.08,78.0,"5. Over 13 weeks",Other
JNE3390-KR-S,JNE3390,Kurta,S,2,Kurta,2,2,0.15,13.0,"5. Over 13 weeks",Other
JNE3391-KR-L,JNE3391,Kurta,L,4,Kurta,2,3,0.23,8.7,"4. 4-13 weeks",Other
JNE3391-KR-M,JNE3391,Kurta,M,3,Kurta,3,7,0.54,5.6,"4. 4-13 weeks",Other
JNE3391-KR-S,JNE3391,Kurta,S,2,Kurta,6,9,0.69,8.7,"4. 4-13 weeks",Other
JNE3391-KR-XL,JNE3391,Kurta,XL,5,Kurta,2,2,0.15,13.0,"5. Over 13 weeks",Other
JNE3391-KR-XS,JNE3391,Kurta,XS,1,Kurta,17,4,0.31,55.3,"5. Over 13 weeks",Other
JNE3391-KR-XXL,JNE3391,Kurta,XXL,6,Kurta,3,4,0.31,9.8,"4. 4-13 weeks",Other
JNE3391-KR-XXXL,JNE3391,Kurta,3XL,7,Kurta,3,8,0.62,4.9,"4. 4-13 weeks",Other
JNE3394-KR-A-M,JNE3394,Kurta,M,3,Kurta,,1,0.08,,"No stock record",Other
JNE3394-KR-A-S,JNE3394,Kurta,S,2,Kurta,,3,0.23,,"No stock record",Other
JNE3394-KR-A-XL,JNE3394,Kurta,XL,5,Kurta,,2,0.15,,"No stock record",Other
JNE3394-KR-A-XS,JNE3394,Kurta,XS,1,Kurta,,2,0.15,,"No stock record",Other
JNE3394-KR-L,JNE3394,Kurta,L,4,Kurta,3,1,0.08,39.0,"5. Over 13 weeks",Other
JNE3394-KR-M,JNE3394,Kurta,M,3,Kurta,0,1,0.08,0.0,"1. Out of stock",Other
JNE3394-KR-S,JNE3394,Kurta,S,2,Kurta,1,1,0.08,13.0,"5. Over 13 weeks",Other
JNE3394-KR-XXL,JNE3394,Kurta,XXL,6,Kurta,1,2,0.15,6.5,"4. 4-13 weeks",Other
JNE3395-KR-L,JNE3395,Kurta,L,4,Kurta,60,2,0.15,390.0,"5. Over 13 weeks",Other
JNE3395-KR-M,JNE3395,Kurta,M,3,Kurta,49,3,0.23,212.3,"5. Over 13 weeks",Other
JNE3395-KR-S,JNE3395,Kurta,S,2,Kurta,54,3,0.23,234.0,"5. Over 13 weeks",Other
JNE3395-KR-XL,JNE3395,Kurta,XL,5,Kurta,60,1,0.08,780.0,"5. Over 13 weeks",Other
JNE3395-KR-XXL,JNE3395,Kurta,XXL,6,Kurta,53,1,0.08,689.0,"5. Over 13 weeks",Other
JNE3395-KR-XXXL,JNE3395,Kurta,3XL,7,Kurta,2,3,0.23,8.7,"4. 4-13 weeks",Other
JNE3396-KR-L,JNE3396,Kurta,L,4,Kurta,60,20,1.54,39.0,"5. Over 13 weeks",Other
JNE3396-KR-M,JNE3396,Kurta,M,3,Kurta,32,9,0.69,46.2,"5. Over 13 weeks",Other
JNE3396-KR-S,JNE3396,Kurta,S,2,Kurta,45,12,0.92,48.8,"5. Over 13 weeks",Other
JNE3396-KR-XL,JNE3396,Kurta,XL,5,Kurta,12,38,2.92,4.1,"4. 4-13 weeks",Other
JNE3396-KR-XS,JNE3396,Kurta,XS,1,Kurta,44,7,0.54,81.7,"5. Over 13 weeks",Other
JNE3396-KR-XXL,JNE3396,Kurta,XXL,6,Kurta,7,22,1.69,4.1,"4. 4-13 weeks",Other
JNE3396-KR-XXXL,JNE3396,Kurta,3XL,7,Kurta,43,27,2.08,20.7,"5. Over 13 weeks",Other
JNE3398-KR-S,JNE3398,Kurta,S,2,Kurta,0,4,0.31,0.0,"1. Out of stock",Other
JNE3398-KR-XL,JNE3398,Kurta,XL,5,Kurta,2,1,0.08,26.0,"5. Over 13 weeks",Other
JNE3398-KR-XS,JNE3398,Kurta,XS,1,Kurta,7,5,0.38,18.2,"5. Over 13 weeks",Other
JNE3398-KR-XXXL,JNE3398,Kurta,3XL,7,Kurta,3,2,0.15,19.5,"5. Over 13 weeks",Other
JNE3399-KR-L,JNE3399,Kurta,L,4,Kurta,94,171,13.15,7.1,"4. 4-13 weeks","Best-seller (top 10%)"
JNE3399-KR-M,JNE3399,Kurta,M,3,Kurta,230,241,18.54,12.4,"4. 4-13 weeks","Best-seller (top 10%)"
JNE3399-KR-S,JNE3399,Kurta,S,2,Kurta,43,139,10.69,4.0,"4. 4-13 weeks","Best-seller (top 10%)"
JNE3399-KR-XL,JNE3399,Kurta,XL,5,Kurta,16,184,14.15,1.1,"2. Under 2 weeks","Best-seller (top 10%)"
JNE3399-KR-XS,JNE3399,Kurta,XS,1,Kurta,198,63,4.85,40.9,"5. Over 13 weeks","Best-seller (top 10%)"
JNE3399-KR-XXL,JNE3399,Kurta,XXL,6,Kurta,131,46,3.54,37.0,"5. Over 13 weeks",Other
JNE3399-KR-XXXL,JNE3399,Kurta,3XL,7,Kurta,19,49,3.77,5.0,"4. 4-13 weeks",Other
JNE3400-KR-L,JNE3400,Kurta,L,4,Kurta,3,10,0.77,3.9,"3. 2-4 weeks",Other
JNE3400-KR-M,JNE3400,Kurta,M,3,Kurta,2,2,0.15,13.0,"5. Over 13 weeks",Other
JNE3400-KR-S,JNE3400,Kurta,S,2,Kurta,5,5,0.38,13.0,"5. Over 13 weeks",Other
JNE3400-KR-XL,JNE3400,Kurta,XL,5,Kurta,2,7,0.54,3.7,"3. 2-4 weeks",Other
JNE3400-KR-XS,JNE3400,Kurta,XS,1,Kurta,19,4,0.31,61.8,"5. Over 13 weeks",Other
JNE3400-KR-XXL,JNE3400,Kurta,XXL,6,Kurta,2,6,0.46,4.3,"4. 4-13 weeks",Other
JNE3400-KR-XXXL,JNE3400,Kurta,3XL,7,Kurta,11,5,0.38,28.6,"5. Over 13 weeks",Other
JNE3401-KR-L,JNE3401,Kurta,L,4,Kurta,3,9,0.69,4.3,"4. 4-13 weeks",Other
JNE3401-KR-M,JNE3401,Kurta,M,3,Kurta,3,13,1.0,3.0,"3. 2-4 weeks",Other
JNE3401-KR-S,JNE3401,Kurta,S,2,Kurta,4,7,0.54,7.4,"4. 4-13 weeks",Other
JNE3401-KR-XL,JNE3401,Kurta,XL,5,Kurta,0,4,0.31,0.0,"1. Out of stock",Other
JNE3401-KR-XS,JNE3401,Kurta,XS,1,Kurta,8,6,0.46,17.3,"5. Over 13 weeks",Other
JNE3401-KR-XXL,JNE3401,Kurta,XXL,6,Kurta,0,10,0.77,0.0,"1. Out of stock",Other
JNE3401-KR-XXXL,JNE3401,Kurta,3XL,7,Kurta,1,1,0.08,13.0,"5. Over 13 weeks",Other
JNE3402-KR-L,JNE3402,Kurta,L,4,Kurta,,1,0.08,,"No stock record",Other
JNE3403-KR-L,JNE3403,Kurta,L,4,Kurta,2,6,0.46,4.3,"4. 4-13 weeks",Other
JNE3403-KR-M,JNE3403,Kurta,M,3,Kurta,2,2,0.15,13.0,"5. Over 13 weeks",Other
JNE3403-KR-S,JNE3403,Kurta,S,2,Kurta,8,5,0.38,20.8,"5. Over 13 weeks",Other
JNE3403-KR-XL,JNE3403,Kurta,XL,5,Kurta,1,1,0.08,13.0,"5. Over 13 weeks",Other
JNE3403-KR-XS,JNE3403,Kurta,XS,1,Kurta,39,8,0.62,63.4,"5. Over 13 weeks",Other
JNE3403-KR-XXL,JNE3403,Kurta,XXL,6,Kurta,4,,,,"No paid units",Other
JNE3404-KR-L,JNE3404,Kurta,L,4,Kurta,35,6,0.46,75.8,"5. Over 13 weeks",Other
JNE3404-KR-M,JNE3404,Kurta,M,3,Kurta,64,12,0.92,69.3,"5. Over 13 weeks",Other
JNE3404-KR-S,JNE3404,Kurta,S,2,Kurta,71,4,0.31,230.8,"5. Over 13 weeks",Other
JNE3404-KR-XL,JNE3404,Kurta,XL,5,Kurta,44,13,1.0,44.0,"5. Over 13 weeks",Other
JNE3404-KR-XS,JNE3404,Kurta,XS,1,Kurta,70,2,0.15,455.0,"5. Over 13 weeks",Other
JNE3404-KR-XXL,JNE3404,Kurta,XXL,6,Kurta,6,9,0.69,8.7,"4. 4-13 weeks",Other
JNE3404-KR-XXXL,JNE3404,Kurta,3XL,7,Kurta,31,3,0.23,134.3,"5. Over 13 weeks",Other
JNE3405-KR-L,JNE3405,Kurta,L,4,Kurta,446,450,34.62,12.9,"4. 4-13 weeks","Best-seller (top 10%)"
JNE3405-KR-M,JNE3405,Kurta,M,3,Kurta,432,318,24.46,17.7,"5. Over 13 weeks","Best-seller (top 10%)"
JNE3405-KR-S,JNE3405,Kurta,S,2,Kurta,423,375,28.85,14.7,"5. Over 13 weeks","Best-seller (top 10%)"
JNE3405-KR-XL,JNE3405,Kurta,XL,5,Kurta,515,176,13.54,38.0,"5. Over 13 weeks","Best-seller (top 10%)"
JNE3405-KR-XS,JNE3405,Kurta,XS,1,Kurta,1230,204,15.69,78.4,"5. Over 13 weeks","Best-seller (top 10%)"
JNE3405-KR-XXL,JNE3405,Kurta,XXL,6,Kurta,1234,168,12.92,95.5,"5. Over 13 weeks","Best-seller (top 10%)"
JNE3405-KR-XXXL,JNE3405,Kurta,3XL,7,Kurta,677,223,17.15,39.5,"5. Over 13 weeks","Best-seller (top 10%)"
JNE3407-KR-L,JNE3407,Kurta,L,4,Kurta,3,21,1.62,1.9,"2. Under 2 weeks",Other
JNE3407-KR-M,JNE3407,Kurta,M,3,Kurta,1,13,1.0,1.0,"2. Under 2 weeks",Other
JNE3407-KR-S,JNE3407,Kurta,S,2,Kurta,0,5,0.38,0.0,"1. Out of stock",Other
JNE3407-KR-XL,JNE3407,Kurta,XL,5,Kurta,2,6,0.46,4.3,"4. 4-13 weeks",Other
JNE3407-KR-XS,JNE3407,Kurta,XS,1,Kurta,4,3,0.23,17.3,"5. Over 13 weeks",Other
JNE3407-KR-XXL,JNE3407,Kurta,XXL,6,Kurta,2,8,0.62,3.3,"3. 2-4 weeks",Other
JNE3408-KR-L,JNE3408,Kurta,L,4,Kurta,42,7,0.54,78.0,"5. Over 13 weeks",Other
JNE3408-KR-M,JNE3408,Kurta,M,3,Kurta,31,2,0.15,201.5,"5. Over 13 weeks",Other
JNE3408-KR-S,JNE3408,Kurta,S,2,Kurta,0,2,0.15,0.0,"1. Out of stock",Other
JNE3408-KR-XL,JNE3408,Kurta,XL,5,Kurta,27,3,0.23,117.0,"5. Over 13 weeks",Other
JNE3408-KR-XS,JNE3408,Kurta,XS,1,Kurta,13,2,0.15,84.5,"5. Over 13 weeks",Other
JNE3408-KR-XXL,JNE3408,Kurta,XXL,6,Kurta,24,9,0.69,34.7,"5. Over 13 weeks",Other
JNE3408-KR-XXXL,JNE3408,Kurta,3XL,7,Kurta,66,6,0.46,143.0,"5. Over 13 weeks",Other
JNE3409-KR-S,JNE3409,Kurta,S,2,Kurta,,2,0.15,,"No stock record",Other
JNE3412-KR-L,JNE3412,Kurta,L,4,Kurta,42,15,1.15,36.4,"5. Over 13 weeks",Other
JNE3412-KR-M,JNE3412,Kurta,M,3,Kurta,23,27,2.08,11.1,"4. 4-13 weeks",Other
JNE3412-KR-S,JNE3412,Kurta,S,2,Kurta,54,11,0.85,63.8,"5. Over 13 weeks",Other
JNE3412-KR-XL,JNE3412,Kurta,XL,5,Kurta,34,15,1.15,29.5,"5. Over 13 weeks",Other
JNE3412-KR-XS,JNE3412,Kurta,XS,1,Kurta,23,8,0.62,37.4,"5. Over 13 weeks",Other
JNE3412-KR-XXL,JNE3412,Kurta,XXL,6,Kurta,17,23,1.77,9.6,"4. 4-13 weeks",Other
JNE3412-KR-XXXL,JNE3412,Kurta,3XL,7,Kurta,4,14,1.08,3.7,"3. 2-4 weeks",Other
JNE3413-KR-L,JNE3413,Kurta,L,4,Kurta,11,1,0.08,143.0,"5. Over 13 weeks",Other
JNE3413-KR-M,JNE3413,Kurta,M,3,Kurta,4,1,0.08,52.0,"5. Over 13 weeks",Other
JNE3413-KR-S,JNE3413,Kurta,S,2,Kurta,22,1,0.08,286.0,"5. Over 13 weeks",Other
JNE3413-KR-XL,JNE3413,Kurta,XL,5,Kurta,31,2,0.15,201.5,"5. Over 13 weeks",Other
JNE3413-KR-XXXL,JNE3413,Kurta,3XL,7,Kurta,3,1,0.08,39.0,"5. Over 13 weeks",Other
JNE3415-KR-M,JNE3415,Kurta,M,3,Kurta,2,1,0.08,26.0,"5. Over 13 weeks",Other
JNE3415-KR-S,JNE3415,Kurta,S,2,Kurta,4,1,0.08,52.0,"5. Over 13 weeks",Other
JNE3415-KR-XL,JNE3415,Kurta,XL,5,Kurta,2,2,0.15,13.0,"5. Over 13 weeks",Other
JNE3415-KR-XS,JNE3415,Kurta,XS,1,Kurta,10,1,0.08,130.0,"5. Over 13 weeks",Other
JNE3415-KR-XXXL,JNE3415,Kurta,3XL,7,Kurta,3,4,0.31,9.8,"4. 4-13 weeks",Other
JNE3416-KR-L,JNE3416,Kurta,L,4,Kurta,16,1,0.08,208.0,"5. Over 13 weeks",Other
JNE3416-KR-M,JNE3416,Kurta,M,3,Kurta,38,1,0.08,494.0,"5. Over 13 weeks",Other
JNE3416-KR-S,JNE3416,Kurta,S,2,Kurta,47,2,0.15,305.5,"5. Over 13 weeks",Other
JNE3416-KR-XL,JNE3416,Kurta,XL,5,Kurta,26,2,0.15,169.0,"5. Over 13 weeks",Other
JNE3416-KR-XS,JNE3416,Kurta,XS,1,Kurta,6,1,0.08,78.0,"5. Over 13 weeks",Other
JNE3416-KR-XXL,JNE3416,Kurta,XXL,6,Kurta,32,4,0.31,104.0,"5. Over 13 weeks",Other
JNE3417-KR-M,JNE3417,Kurta,M,3,Kurta,27,1,0.08,351.0,"5. Over 13 weeks",Other
JNE3420-KR-L,JNE3420,Kurta,L,4,Kurta,5,4,0.31,16.3,"5. Over 13 weeks",Other
JNE3420-KR-M,JNE3420,Kurta,M,3,Kurta,6,1,0.08,78.0,"5. Over 13 weeks",Other
JNE3420-KR-S,JNE3420,Kurta,S,2,Kurta,9,10,0.77,11.7,"4. 4-13 weeks",Other
JNE3420-KR-XXL,JNE3420,Kurta,XXL,6,Kurta,2,3,0.23,8.7,"4. 4-13 weeks",Other
JNE3421-KR-L,JNE3421,Kurta,L,4,Kurta,20,10,0.77,26.0,"5. Over 13 weeks",Other
JNE3421-KR-M,JNE3421,Kurta,M,3,Kurta,10,3,0.23,43.3,"5. Over 13 weeks",Other
JNE3421-KR-N-L,JNE3421,Kurta,L,4,Kurta,,14,1.08,,"No stock record",Other
JNE3421-KR-N-M,JNE3421,Kurta,M,3,Kurta,,10,0.77,,"No stock record",Other
JNE3421-KR-N-S,JNE3421,Kurta,S,2,Kurta,,8,0.62,,"No stock record",Other
JNE3421-KR-N-XL,JNE3421,Kurta,XL,5,Kurta,,9,0.69,,"No stock record",Other
JNE3421-KR-N-XXL,JNE3421,Kurta,XXL,6,Kurta,,27,2.08,,"No stock record",Other
JNE3421-KR-S,JNE3421,Kurta,S,2,Kurta,17,,,,"No paid units",Other
JNE3421-KR-XL,JNE3421,Kurta,XL,5,Kurta,8,7,0.54,14.9,"5. Over 13 weeks",Other
JNE3421-KR-XXL,JNE3421,Kurta,XXL,6,Kurta,3,9,0.69,4.3,"4. 4-13 weeks",Other
JNE3422-KR-L,JNE3422,Kurta,L,4,Kurta,3,5,0.38,7.8,"4. 4-13 weeks",Other
JNE3422-KR-M,JNE3422,Kurta,M,3,Kurta,6,3,0.23,26.0,"5. Over 13 weeks",Other
JNE3422-KR-S,JNE3422,Kurta,S,2,Kurta,7,8,0.62,11.4,"4. 4-13 weeks",Other
JNE3422-KR-XL,JNE3422,Kurta,XL,5,Kurta,4,11,0.85,4.7,"4. 4-13 weeks",Other
JNE3422-KR-XXL,JNE3422,Kurta,XXL,6,Kurta,5,21,1.62,3.1,"3. 2-4 weeks",Other
JNE3423-KR-A-L,JNE3423,Kurta,L,4,Kurta,,1,0.08,,"No stock record",Other
JNE3423-KR-A-S,JNE3423,Kurta,S,2,Kurta,,,,,"No stock record",Other
JNE3423-KR-A-XL,JNE3423,Kurta,XL,5,Kurta,,3,0.23,,"No stock record",Other
JNE3423-KR-A-XXL,JNE3423,Kurta,XXL,6,Kurta,,1,0.08,,"No stock record",Other
JNE3423-KR-L,JNE3423,Kurta,L,4,Kurta,26,56,4.31,6.0,"4. 4-13 weeks",Other
JNE3423-KR-M,JNE3423,Kurta,M,3,Kurta,136,45,3.46,39.3,"5. Over 13 weeks",Other
JNE3423-KR-S,JNE3423,Kurta,S,2,Kurta,5,28,2.15,2.3,"3. 2-4 weeks",Other
JNE3423-KR-XL,JNE3423,Kurta,XL,5,Kurta,32,39,3.0,10.7,"4. 4-13 weeks",Other
JNE3423-KR-XXL,JNE3423,Kurta,XXL,6,Kurta,1,29,2.23,0.4,"2. Under 2 weeks",Other
JNE3424-KR-M,JNE3424,Kurta,M,3,Kurta,10,1,0.08,130.0,"5. Over 13 weeks",Other
JNE3424-KR-XS,JNE3424,Kurta,XS,1,Kurta,4,1,0.08,52.0,"5. Over 13 weeks",Other
JNE3424-KR-XXL,JNE3424,Kurta,XXL,6,Kurta,11,1,0.08,143.0,"5. Over 13 weeks",Other
JNE3425-KR-L,JNE3425,Kurta,L,4,Kurta,21,4,0.31,68.3,"5. Over 13 weeks",Other
JNE3425-KR-M,JNE3425,Kurta,M,3,Kurta,28,3,0.23,121.3,"5. Over 13 weeks",Other
JNE3425-KR-S,JNE3425,Kurta,S,2,Kurta,31,1,0.08,403.0,"5. Over 13 weeks",Other
JNE3425-KR-XL,JNE3425,Kurta,XL,5,Kurta,12,4,0.31,39.0,"5. Over 13 weeks",Other
JNE3425-KR-XXL,JNE3425,Kurta,XXL,6,Kurta,15,1,0.08,195.0,"5. Over 13 weeks",Other
JNE3425-KR-XXXL,JNE3425,Kurta,3XL,7,Kurta,5,2,0.15,32.5,"5. Over 13 weeks",Other
JNE3426-KR-S,JNE3426,Kurta,S,2,Kurta,2,1,0.08,26.0,"5. Over 13 weeks",Other
JNE3426-KR-XS,JNE3426,Kurta,XS,1,Kurta,4,3,0.23,17.3,"5. Over 13 weeks",Other
JNE3427-KR-L,JNE3427,Kurta,L,4,Kurta,3,5,0.38,7.8,"4. 4-13 weeks",Other
JNE3427-KR-M,JNE3427,Kurta,M,3,Kurta,4,3,0.23,17.3,"5. Over 13 weeks",Other
JNE3427-KR-S,JNE3427,Kurta,S,2,Kurta,5,3,0.23,21.7,"5. Over 13 weeks",Other
JNE3427-KR-XL,JNE3427,Kurta,XL,5,Kurta,5,4,0.31,16.3,"5. Over 13 weeks",Other
JNE3427-KR-XXL,JNE3427,Kurta,XXL,6,Kurta,3,1,0.08,39.0,"5. Over 13 weeks",Other
JNE3428-KR-M,JNE3428,Kurta,M,3,Kurta,3,1,0.08,39.0,"5. Over 13 weeks",Other
JNE3428-KR-S,JNE3428,Kurta,S,2,Kurta,9,3,0.23,39.0,"5. Over 13 weeks",Other
JNE3428-KR-XL,JNE3428,Kurta,XL,5,Kurta,3,3,0.23,13.0,"5. Over 13 weeks",Other
JNE3428-KR-XS,JNE3428,Kurta,XS,1,Kurta,2,2,0.15,13.0,"5. Over 13 weeks",Other
JNE3429-KR-L,JNE3429,Kurta,L,4,Kurta,10,3,0.23,43.3,"5. Over 13 weeks",Other
JNE3429-KR-M,JNE3429,Kurta,M,3,Kurta,18,10,0.77,23.4,"5. Over 13 weeks",Other
JNE3429-KR-S,JNE3429,Kurta,S,2,Kurta,29,9,0.69,41.9,"5. Over 13 weeks",Other
JNE3429-KR-XL,JNE3429,Kurta,XL,5,Kurta,15,9,0.69,21.7,"5. Over 13 weeks",Other
JNE3429-KR-XS,JNE3429,Kurta,XS,1,Kurta,7,1,0.08,91.0,"5. Over 13 weeks",Other
JNE3429-KR-XXL,JNE3429,Kurta,XXL,6,Kurta,13,2,0.15,84.5,"5. Over 13 weeks",Other
JNE3430-KR-XS,JNE3430,Kurta,XS,1,Kurta,2,1,0.08,26.0,"5. Over 13 weeks",Other
JNE3430-KR-XXL,JNE3430,Kurta,XXL,6,Kurta,11,2,0.15,71.5,"5. Over 13 weeks",Other
JNE3431-KR-L,JNE3431,Kurta,L,4,Kurta,32,17,1.31,24.5,"5. Over 13 weeks",Other
JNE3431-KR-M,JNE3431,Kurta,M,3,Kurta,40,18,1.38,28.9,"5. Over 13 weeks",Other
JNE3431-KR-S,JNE3431,Kurta,S,2,Kurta,32,7,0.54,59.4,"5. Over 13 weeks",Other
JNE3431-KR-XL,JNE3431,Kurta,XL,5,Kurta,13,21,1.62,8.0,"4. 4-13 weeks",Other
JNE3431-KR-XS,JNE3431,Kurta,XS,1,Kurta,8,8,0.62,13.0,"5. Over 13 weeks",Other
JNE3431-KR-XXL,JNE3431,Kurta,XXL,6,Kurta,5,34,2.62,1.9,"2. Under 2 weeks",Other
JNE3431-KR-XXXL,JNE3431,Kurta,3XL,7,Kurta,2,2,0.15,13.0,"5. Over 13 weeks",Other
JNE3432-KR-L,JNE3432,Kurta,L,4,Kurta,12,3,0.23,52.0,"5. Over 13 weeks",Other
JNE3432-KR-M,JNE3432,Kurta,M,3,Kurta,23,2,0.15,149.5,"5. Over 13 weeks",Other
JNE3432-KR-S,JNE3432,Kurta,S,2,Kurta,5,1,0.08,65.0,"5. Over 13 weeks",Other
JNE3432-KR-XL,JNE3432,Kurta,XL,5,Kurta,8,3,0.23,34.7,"5. Over 13 weeks",Other
JNE3432-KR-XS,JNE3432,Kurta,XS,1,Kurta,12,1,0.08,156.0,"5. Over 13 weeks",Other
JNE3432-KR-XXL,JNE3432,Kurta,XXL,6,Kurta,4,1,0.08,52.0,"5. Over 13 weeks",Other
JNE3432-KR-XXXL,JNE3432,Kurta,3XL,7,Kurta,21,4,0.31,68.3,"5. Over 13 weeks",Other
JNE3434-KR-L,JNE3434,Kurta,L,4,Kurta,2,2,0.15,13.0,"5. Over 13 weeks",Other
JNE3434-KR-M,JNE3434,Kurta,M,3,Kurta,5,8,0.62,8.1,"4. 4-13 weeks",Other
JNE3434-KR-S,JNE3434,Kurta,S,2,Kurta,6,6,0.46,13.0,"5. Over 13 weeks",Other
JNE3434-KR-XL,JNE3434,Kurta,XL,5,Kurta,5,,,,"No paid units",Other
JNE3434-KR-XS,JNE3434,Kurta,XS,1,Kurta,6,4,0.31,19.5,"5. Over 13 weeks",Other
JNE3434-KR-XXL,JNE3434,Kurta,XXL,6,Kurta,3,3,0.23,13.0,"5. Over 13 weeks",Other
JNE3434-KR-XXXL,JNE3434,Kurta,3XL,7,Kurta,2,1,0.08,26.0,"5. Over 13 weeks",Other
JNE3435-KR-L,JNE3435,Kurta,L,4,Kurta,96,2,0.15,624.0,"5. Over 13 weeks",Other
JNE3435-KR-M,JNE3435,Kurta,M,3,Kurta,268,1,0.08,3484.0,"5. Over 13 weeks",Other
JNE3435-KR-S,JNE3435,Kurta,S,2,Kurta,490,4,0.31,1592.5,"5. Over 13 weeks",Other
JNE3435-KR-XL,JNE3435,Kurta,XL,5,Kurta,107,1,0.08,1391.0,"5. Over 13 weeks",Other
JNE3435-KR-XS,JNE3435,Kurta,XS,1,Kurta,135,2,0.15,877.5,"5. Over 13 weeks",Other
JNE3435-KR-XXL,JNE3435,Kurta,XXL,6,Kurta,65,7,0.54,120.7,"5. Over 13 weeks",Other
JNE3435-KR-XXXL,JNE3435,Kurta,3XL,7,Kurta,16,1,0.08,208.0,"5. Over 13 weeks",Other
JNE3436-KR-S,JNE3436,Kurta,S,2,Kurta,3,2,0.15,19.5,"5. Over 13 weeks",Other
JNE3436-KR-XL,JNE3436,Kurta,XL,5,Kurta,5,4,0.31,16.3,"5. Over 13 weeks",Other
JNE3436-KR-XS,JNE3436,Kurta,XS,1,Kurta,3,1,0.08,39.0,"5. Over 13 weeks",Other
JNE3437-KR-L,JNE3437,Kurta,L,4,Kurta,11,48,3.69,3.0,"3. 2-4 weeks","Best-seller (top 10%)"
JNE3437-KR-M,JNE3437,Kurta,M,3,Kurta,47,52,4.0,11.8,"4. 4-13 weeks","Best-seller (top 10%)"
JNE3437-KR-S,JNE3437,Kurta,S,2,Kurta,88,34,2.62,33.6,"5. Over 13 weeks",Other
JNE3437-KR-XL,JNE3437,Kurta,XL,5,Kurta,31,47,3.62,8.6,"4. 4-13 weeks",Other
JNE3437-KR-XS,JNE3437,Kurta,XS,1,Kurta,47,24,1.85,25.5,"5. Over 13 weeks",Other
JNE3437-KR-XXL,JNE3437,Kurta,XXL,6,Kurta,59,48,3.69,16.0,"5. Over 13 weeks",Other
JNE3437-KR-XXXL,JNE3437,Kurta,3XL,7,Kurta,122,28,2.15,56.6,"5. Over 13 weeks",Other
JNE3438-KR-L,JNE3438,Kurta,L,4,Kurta,3,4,0.31,9.8,"4. 4-13 weeks",Other
JNE3438-KR-M,JNE3438,Kurta,M,3,Kurta,7,,,,"No paid units",Other
JNE3438-KR-S,JNE3438,Kurta,S,2,Kurta,28,2,0.15,182.0,"5. Over 13 weeks",Other
JNE3438-KR-XL,JNE3438,Kurta,XL,5,Kurta,4,6,0.46,8.7,"4. 4-13 weeks",Other
JNE3438-KR-XS,JNE3438,Kurta,XS,1,Kurta,7,1,0.08,91.0,"5. Over 13 weeks",Other
JNE3438-KR-XXL,JNE3438,Kurta,XXL,6,Kurta,6,3,0.23,26.0,"5. Over 13 weeks",Other
JNE3438-KR-XXXL,JNE3438,Kurta,3XL,7,Kurta,1,4,0.31,3.3,"3. 2-4 weeks",Other
JNE3439-KR-L,JNE3439,Kurta,L,4,Kurta,55,16,1.23,44.7,"5. Over 13 weeks",Other
JNE3439-KR-M,JNE3439,Kurta,M,3,Kurta,99,27,2.08,47.7,"5. Over 13 weeks",Other
JNE3439-KR-S,JNE3439,Kurta,S,2,Kurta,104,21,1.62,64.4,"5. Over 13 weeks",Other
JNE3439-KR-XL,JNE3439,Kurta,XL,5,Kurta,49,49,3.77,13.0,"5. Over 13 weeks",Other
JNE3439-KR-XS,JNE3439,Kurta,XS,1,Kurta,47,5,0.38,122.2,"5. Over 13 weeks",Other
JNE3439-KR-XXL,JNE3439,Kurta,XXL,6,Kurta,94,38,2.92,32.2,"5. Over 13 weeks",Other
JNE3439-KR-XXXL,JNE3439,Kurta,3XL,7,Kurta,15,13,1.0,15.0,"5. Over 13 weeks",Other
JNE3440-KR-N-L,JNE3440,Kurta,L,4,Kurta,,153,11.77,,"No stock record","Best-seller (top 10%)"
JNE3440-KR-N-M,JNE3440,Kurta,M,3,Kurta,,158,12.15,,"No stock record","Best-seller (top 10%)"
JNE3440-KR-N-S,JNE3440,Kurta,S,2,Kurta,,73,5.62,,"No stock record","Best-seller (top 10%)"
JNE3440-KR-N-XL,JNE3440,Kurta,XL,5,Kurta,,58,4.46,,"No stock record",Other
JNE3440-KR-N-XS,JNE3440,Kurta,XS,1,Kurta,,134,10.31,,"No stock record","Best-seller (top 10%)"
JNE3440-KR-N-XXL,JNE3440,Kurta,XXL,6,Kurta,,102,7.85,,"No stock record","Best-seller (top 10%)"
JNE3440-KR-N-XXXL,JNE3440,Kurta,3XL,7,Kurta,,140,10.77,,"No stock record","Best-seller (top 10%)"
JNE3440-KR-XL,JNE3440,Kurta,XL,5,Kurta,242,49,3.77,64.2,"5. Over 13 weeks",Other
JNE3441-KR-B-XS,JNE3441,Kurta,XS,1,Kurta,,1,0.08,,"No stock record",Other
JNE3441-KR-B-XXXL,JNE3441,Kurta,3XL,7,Kurta,,1,0.08,,"No stock record",Other
JNE3441-KR-E-M,JNE3441,Kurta,M,3,Kurta,,1,0.08,,"No stock record",Other
JNE3441-KR-L,JNE3441,Kurta,L,4,Kurta,92,1,0.08,1196.0,"5. Over 13 weeks",Other
JNE3441-KR-S,JNE3441,Kurta,S,2,Kurta,53,1,0.08,689.0,"5. Over 13 weeks",Other
JNE3442-KR-XXL,JNE3442,Kurta,XXL,6,Kurta,,1,0.08,,"No stock record",Other
JNE3443-KR-L,JNE3443,Kurta,L,4,Kurta,99,6,0.46,214.5,"5. Over 13 weeks",Other
JNE3443-KR-M,JNE3443,Kurta,M,3,Kurta,103,2,0.15,669.5,"5. Over 13 weeks",Other
JNE3443-KR-S,JNE3443,Kurta,S,2,Kurta,176,2,0.15,1144.0,"5. Over 13 weeks",Other
JNE3443-KR-XL,JNE3443,Kurta,XL,5,Kurta,146,6,0.46,316.3,"5. Over 13 weeks",Other
JNE3443-KR-XS,JNE3443,Kurta,XS,1,Kurta,4,2,0.15,26.0,"5. Over 13 weeks",Other
JNE3443-KR-XXL,JNE3443,Kurta,XXL,6,Kurta,89,3,0.23,385.7,"5. Over 13 weeks",Other
JNE3443-KR-XXXL,JNE3443,Kurta,3XL,7,Kurta,32,4,0.31,104.0,"5. Over 13 weeks",Other
JNE3445-KR-L,JNE3445,Kurta,L,4,Kurta,1,4,0.31,3.3,"3. 2-4 weeks",Other
JNE3445-KR-M,JNE3445,Kurta,M,3,Kurta,1,10,0.77,1.3,"2. Under 2 weeks",Other
JNE3445-KR-S,JNE3445,Kurta,S,2,Kurta,57,3,0.23,247.0,"5. Over 13 weeks",Other
JNE3445-KR-XL,JNE3445,Kurta,XL,5,Kurta,4,3,0.23,17.3,"5. Over 13 weeks",Other
JNE3445-KR-XS,JNE3445,Kurta,XS,1,Kurta,7,1,0.08,91.0,"5. Over 13 weeks",Other
JNE3445-KR-XXL,JNE3445,Kurta,XXL,6,Kurta,7,8,0.62,11.4,"4. 4-13 weeks",Other
JNE3445-KR-XXXL,JNE3445,Kurta,3XL,7,Kurta,2,4,0.31,6.5,"4. 4-13 weeks",Other
JNE3446-KR-M,JNE3446,Kurta,M,3,Kurta,1,1,0.08,13.0,"5. Over 13 weeks",Other
JNE3446-KR-S,JNE3446,Kurta,S,2,Kurta,3,25,1.92,1.6,"2. Under 2 weeks",Other
JNE3446-KR-XL,JNE3446,Kurta,XL,5,Kurta,1,3,0.23,4.3,"4. 4-13 weeks",Other
JNE3446-KR-XS,JNE3446,Kurta,XS,1,Kurta,1,5,0.38,2.6,"3. 2-4 weeks",Other
JNE3446-KR-XXL,JNE3446,Kurta,XXL,6,Kurta,1,2,0.15,6.5,"4. 4-13 weeks",Other
JNE3446-KR-XXXL,JNE3446,Kurta,3XL,7,Kurta,0,1,0.08,0.0,"1. Out of stock",Other
JNE3447-KR-L,JNE3447,Kurta,L,4,Kurta,3,5,0.38,7.8,"4. 4-13 weeks",Other
JNE3447-KR-M,JNE3447,Kurta,M,3,Kurta,4,2,0.15,26.0,"5. Over 13 weeks",Other
JNE3447-KR-S,JNE3447,Kurta,S,2,Kurta,8,2,0.15,52.0,"5. Over 13 weeks",Other
JNE3447-KR-XL,JNE3447,Kurta,XL,5,Kurta,0,,,,"No paid units",Other
JNE3447-KR-XS,JNE3447,Kurta,XS,1,Kurta,4,2,0.15,26.0,"5. Over 13 weeks",Other
JNE3447-KR-XXXL,JNE3447,Kurta,3XL,7,Kurta,2,1,0.08,26.0,"5. Over 13 weeks",Other
JNE3449-KR-L,JNE3449,Kurta,L,4,Kurta,3,8,0.62,4.9,"4. 4-13 weeks",Other
JNE3449-KR-M,JNE3449,Kurta,M,3,Kurta,4,4,0.31,13.0,"5. Over 13 weeks",Other
JNE3449-KR-S,JNE3449,Kurta,S,2,Kurta,7,21,1.62,4.3,"4. 4-13 weeks",Other
JNE3449-KR-XL,JNE3449,Kurta,XL,5,Kurta,5,17,1.31,3.8,"3. 2-4 weeks",Other
JNE3449-KR-XS,JNE3449,Kurta,XS,1,Kurta,7,2,0.15,45.5,"5. Over 13 weeks",Other
JNE3449-KR-XXL,JNE3449,Kurta,XXL,6,Kurta,3,12,0.92,3.3,"3. 2-4 weeks",Other
JNE3449-KR-XXXL,JNE3449,Kurta,3XL,7,Kurta,3,7,0.54,5.6,"4. 4-13 weeks",Other
JNE3450-KR-XL,JNE3450,Kurta,XL,5,Kurta,31,1,0.08,403.0,"5. Over 13 weeks",Other
JNE3451-KR-L,JNE3451,Kurta,L,4,Kurta,35,4,0.31,113.8,"5. Over 13 weeks",Other
JNE3451-KR-M,JNE3451,Kurta,M,3,Kurta,57,4,0.31,185.3,"5. Over 13 weeks",Other
JNE3451-KR-S,JNE3451,Kurta,S,2,Kurta,68,1,0.08,884.0,"5. Over 13 weeks",Other
JNE3451-KR-XL,JNE3451,Kurta,XL,5,Kurta,58,5,0.38,150.8,"5. Over 13 weeks",Other
JNE3451-KR-XS,JNE3451,Kurta,XS,1,Kurta,20,3,0.23,86.7,"5. Over 13 weeks",Other
JNE3451-KR-XXL,JNE3451,Kurta,XXL,6,Kurta,40,7,0.54,74.3,"5. Over 13 weeks",Other
JNE3451-KR-XXXL,JNE3451,Kurta,3XL,7,Kurta,6,1,0.08,78.0,"5. Over 13 weeks",Other
JNE3452-KR-L,JNE3452,Kurta,L,4,Kurta,4,8,0.62,6.5,"4. 4-13 weeks",Other
JNE3452-KR-M,JNE3452,Kurta,M,3,Kurta,6,5,0.38,15.6,"5. Over 13 weeks",Other
JNE3452-KR-S,JNE3452,Kurta,S,2,Kurta,12,3,0.23,52.0,"5. Over 13 weeks",Other
JNE3452-KR-XL,JNE3452,Kurta,XL,5,Kurta,2,4,0.31,6.5,"4. 4-13 weeks",Other
JNE3452-KR-XS,JNE3452,Kurta,XS,1,Kurta,7,8,0.62,11.4,"4. 4-13 weeks",Other
JNE3452-KR-XXL,JNE3452,Kurta,XXL,6,Kurta,7,7,0.54,13.0,"5. Over 13 weeks",Other
JNE3452-KR-XXXL,JNE3452,Kurta,3XL,7,Kurta,1,3,0.23,4.3,"4. 4-13 weeks",Other
JNE3453-KR-L,JNE3453,Kurta,L,4,Kurta,43,3,0.23,186.3,"5. Over 13 weeks",Other
JNE3453-KR-M,JNE3453,Kurta,M,3,Kurta,42,2,0.15,273.0,"5. Over 13 weeks",Other
JNE3453-KR-S,JNE3453,Kurta,S,2,Kurta,53,4,0.31,172.3,"5. Over 13 weeks",Other
JNE3453-KR-XL,JNE3453,Kurta,XL,5,Kurta,55,2,0.15,357.5,"5. Over 13 weeks",Other
JNE3454-KR-L,JNE3454,Kurta,L,4,Kurta,28,9,0.69,40.4,"5. Over 13 weeks",Other
JNE3454-KR-M,JNE3454,Kurta,M,3,Kurta,52,7,0.54,96.6,"5. Over 13 weeks",Other
JNE3454-KR-S,JNE3454,Kurta,S,2,Kurta,83,2,0.15,539.5,"5. Over 13 weeks",Other
JNE3454-KR-XL,JNE3454,Kurta,XL,5,Kurta,63,12,0.92,68.3,"5. Over 13 weeks",Other
JNE3454-KR-XS,JNE3454,Kurta,XS,1,Kurta,24,4,0.31,78.0,"5. Over 13 weeks",Other
JNE3454-KR-XXL,JNE3454,Kurta,XXL,6,Kurta,33,12,0.92,35.8,"5. Over 13 weeks",Other
JNE3454-KR-XXXL,JNE3454,Kurta,3XL,7,Kurta,9,11,0.85,10.6,"4. 4-13 weeks",Other
JNE3455-KR-M,JNE3455,Kurta,M,3,Kurta,18,2,0.15,117.0,"5. Over 13 weeks",Other
JNE3455-KR-XL,JNE3455,Kurta,XL,5,Kurta,15,2,0.15,97.5,"5. Over 13 weeks",Other
JNE3455-KR-XXXL,JNE3455,Kurta,3XL,7,Kurta,1,1,0.08,13.0,"5. Over 13 weeks",Other
JNE3456-KR-M,JNE3456,Kurta,M,3,Kurta,3,1,0.08,39.0,"5. Over 13 weeks",Other
JNE3456-KR-S,JNE3456,Kurta,S,2,Kurta,5,9,0.69,7.2,"4. 4-13 weeks",Other
JNE3456-KR-XL,JNE3456,Kurta,XL,5,Kurta,5,6,0.46,10.8,"4. 4-13 weeks",Other
JNE3456-KR-XS,JNE3456,Kurta,XS,1,Kurta,1,8,0.62,1.6,"2. Under 2 weeks",Other
JNE3457-KR-L,JNE3457,Kurta,L,4,Kurta,37,6,0.46,80.2,"5. Over 13 weeks",Other
JNE3457-KR-M,JNE3457,Kurta,M,3,Kurta,46,10,0.77,59.8,"5. Over 13 weeks",Other
JNE3457-KR-S,JNE3457,Kurta,S,2,Kurta,28,4,0.31,91.0,"5. Over 13 weeks",Other
JNE3457-KR-XL,JNE3457,Kurta,XL,5,Kurta,27,6,0.46,58.5,"5. Over 13 weeks",Other
JNE3457-KR-XXL,JNE3457,Kurta,XXL,6,Kurta,35,7,0.54,65.0,"5. Over 13 weeks",Other
JNE3457-KR-XXXL,JNE3457,Kurta,3XL,7,Kurta,88,1,0.08,1144.0,"5. Over 13 weeks",Other
JNE3458-KR-L,JNE3458,Kurta,L,4,Kurta,3,31,2.38,1.3,"2. Under 2 weeks",Other
JNE3458-KR-M,JNE3458,Kurta,M,3,Kurta,24,24,1.85,13.0,"5. Over 13 weeks",Other
JNE3458-KR-S,JNE3458,Kurta,S,2,Kurta,35,8,0.62,56.9,"5. Over 13 weeks",Other
JNE3458-KR-XL,JNE3458,Kurta,XL,5,Kurta,5,20,1.54,3.3,"3. 2-4 weeks",Other
JNE3458-KR-XS,JNE3458,Kurta,XS,1,Kurta,53,6,0.46,114.8,"5. Over 13 weeks",Other
JNE3458-KR-XXL,JNE3458,Kurta,XXL,6,Kurta,12,24,1.85,6.5,"4. 4-13 weeks",Other
JNE3458-KR-XXXL,JNE3458,Kurta,3XL,7,Kurta,9,28,2.15,4.2,"4. 4-13 weeks",Other
JNE3459-KR-L,JNE3459,Kurta,L,4,Kurta,21,14,1.08,19.5,"5. Over 13 weeks",Other
JNE3459-KR-M,JNE3459,Kurta,M,3,Kurta,33,11,0.85,39.0,"5. Over 13 weeks",Other
JNE3459-KR-S,JNE3459,Kurta,S,2,Kurta,8,7,0.54,14.9,"5. Over 13 weeks",Other
JNE3459-KR-XL,JNE3459,Kurta,XL,5,Kurta,2,7,0.54,3.7,"3. 2-4 weeks",Other
JNE3459-KR-XS,JNE3459,Kurta,XS,1,Kurta,11,8,0.62,17.9,"5. Over 13 weeks",Other
JNE3459-KR-XXL,JNE3459,Kurta,XXL,6,Kurta,6,9,0.69,8.7,"4. 4-13 weeks",Other
JNE3459-KR-XXXL,JNE3459,Kurta,3XL,7,Kurta,5,10,0.77,6.5,"4. 4-13 weeks",Other
JNE3460-KR-L,JNE3460,Kurta,L,4,Kurta,24,2,0.15,156.0,"5. Over 13 weeks",Other
JNE3460-KR-M,JNE3460,Kurta,M,3,Kurta,32,1,0.08,416.0,"5. Over 13 weeks",Other
JNE3460-KR-S,JNE3460,Kurta,S,2,Kurta,60,1,0.08,780.0,"5. Over 13 weeks",Other
JNE3460-KR-XL,JNE3460,Kurta,XL,5,Kurta,32,2,0.15,208.0,"5. Over 13 weeks",Other
JNE3460-KR-XXL,JNE3460,Kurta,XXL,6,Kurta,27,1,0.08,351.0,"5. Over 13 weeks",Other
JNE3461-KR-L,JNE3461,Kurta,L,4,Kurta,4,70,5.38,0.7,"2. Under 2 weeks","Best-seller (top 10%)"
JNE3461-KR-M,JNE3461,Kurta,M,3,Kurta,5,62,4.77,1.0,"2. Under 2 weeks",Other
JNE3461-KR-S,JNE3461,Kurta,S,2,Kurta,53,15,1.15,45.9,"5. Over 13 weeks",Other
JNE3461-KR-XL,JNE3461,Kurta,XL,5,Kurta,2,45,3.46,0.6,"2. Under 2 weeks",Other
JNE3461-KR-XS,JNE3461,Kurta,XS,1,Kurta,80,15,1.15,69.3,"5. Over 13 weeks",Other
JNE3461-KR-XXL,JNE3461,Kurta,XXL,6,Kurta,2,28,2.15,0.9,"2. Under 2 weeks",Other
JNE3461-KR-XXXL,JNE3461,Kurta,3XL,7,Kurta,0,49,3.77,0.0,"1. Out of stock",Other
JNE3463-KR-L,JNE3463,Kurta,L,4,Kurta,235,43,3.31,71.0,"5. Over 13 weeks",Other
JNE3463-KR-M,JNE3463,Kurta,M,3,Kurta,153,62,4.77,32.1,"5. Over 13 weeks","Best-seller (top 10%)"
JNE3463-KR-S,JNE3463,Kurta,S,2,Kurta,107,35,2.69,39.7,"5. Over 13 weeks",Other
JNE3463-KR-XL,JNE3463,Kurta,XL,5,Kurta,145,52,4.0,36.3,"5. Over 13 weeks","Best-seller (top 10%)"
JNE3463-KR-XS,JNE3463,Kurta,XS,1,Kurta,90,13,1.0,90.0,"5. Over 13 weeks",Other
JNE3463-KR-XXL,JNE3463,Kurta,XXL,6,Kurta,98,56,4.31,22.8,"5. Over 13 weeks","Best-seller (top 10%)"
JNE3463-KR-XXXL,JNE3463,Kurta,3XL,7,Kurta,154,57,4.38,35.1,"5. Over 13 weeks","Best-seller (top 10%)"
JNE3464-KR-L,JNE3464,Kurta,L,4,Kurta,,2,0.15,,"No stock record",Other
JNE3464-KR-XXL,JNE3464,Kurta,XXL,6,Kurta,,1,0.08,,"No stock record",Other
JNE3464-KR-XXXL,JNE3464,Kurta,3XL,7,Kurta,,1,0.08,,"No stock record",Other
JNE3465-KR-L,JNE3465,Kurta,L,4,Kurta,108,95,7.31,14.8,"5. Over 13 weeks","Best-seller (top 10%)"
JNE3465-KR-M,JNE3465,Kurta,M,3,Kurta,131,103,7.92,16.5,"5. Over 13 weeks","Best-seller (top 10%)"
JNE3465-KR-S,JNE3465,Kurta,S,2,Kurta,46,67,5.15,8.9,"4. 4-13 weeks","Best-seller (top 10%)"
JNE3465-KR-XL,JNE3465,Kurta,XL,5,Kurta,100,75,5.77,17.3,"5. Over 13 weeks","Best-seller (top 10%)"
JNE3465-KR-XS,JNE3465,Kurta,XS,1,Kurta,46,45,3.46,13.3,"5. Over 13 weeks",Other
JNE3465-KR-XXL,JNE3465,Kurta,XXL,6,Kurta,98,91,7.0,14.0,"5. Over 13 weeks","Best-seller (top 10%)"
JNE3465-KR-XXXL,JNE3465,Kurta,3XL,7,Kurta,121,87,6.69,18.1,"5. Over 13 weeks","Best-seller (top 10%)"
JNE3466-KR-L,JNE3466,Kurta,L,4,Kurta,4,10,0.77,5.2,"4. 4-13 weeks",Other
JNE3466-KR-M,JNE3466,Kurta,M,3,Kurta,4,9,0.69,5.8,"4. 4-13 weeks",Other
JNE3466-KR-S,JNE3466,Kurta,S,2,Kurta,12,5,0.38,31.2,"5. Over 13 weeks",Other
JNE3466-KR-XL,JNE3466,Kurta,XL,5,Kurta,2,12,0.92,2.2,"3. 2-4 weeks",Other
JNE3466-KR-XS,JNE3466,Kurta,XS,1,Kurta,11,2,0.15,71.5,"5. Over 13 weeks",Other
JNE3466-KR-XXL,JNE3466,Kurta,XXL,6,Kurta,4,11,0.85,4.7,"4. 4-13 weeks",Other
JNE3466-KR-XXXL,JNE3466,Kurta,3XL,7,Kurta,2,3,0.23,8.7,"4. 4-13 weeks",Other
JNE3467-KR-M,JNE3467,Kurta,M,3,Kurta,5,4,0.31,16.3,"5. Over 13 weeks",Other
JNE3467-KR-S,JNE3467,Kurta,S,2,Kurta,4,2,0.15,26.0,"5. Over 13 weeks",Other
JNE3467-KR-XL,JNE3467,Kurta,XL,5,Kurta,4,3,0.23,17.3,"5. Over 13 weeks",Other
JNE3467-KR-XS,JNE3467,Kurta,XS,1,Kurta,9,3,0.23,39.0,"5. Over 13 weeks",Other
JNE3467-KR-XXL,JNE3467,Kurta,XXL,6,Kurta,2,1,0.08,26.0,"5. Over 13 weeks",Other
JNE3467-KR-XXXL,JNE3467,Kurta,3XL,7,Kurta,4,3,0.23,17.3,"5. Over 13 weeks",Other
JNE3468-KR-L,JNE3468,Kurta,L,4,Kurta,200,119,9.15,21.8,"5. Over 13 weeks","Best-seller (top 10%)"
JNE3468-KR-M,JNE3468,Kurta,M,3,Kurta,192,93,7.15,26.8,"5. Over 13 weeks","Best-seller (top 10%)"
JNE3468-KR-S,JNE3468,Kurta,S,2,Kurta,100,65,5.0,20.0,"5. Over 13 weeks",Other
JNE3468-KR-XL,JNE3468,Kurta,XL,5,Kurta,197,122,9.38,21.0,"5. Over 13 weeks","Best-seller (top 10%)"
JNE3468-KR-XS,JNE3468,Kurta,XS,1,Kurta,20,48,3.69,5.4,"4. 4-13 weeks",Other
JNE3468-KR-XXL,JNE3468,Kurta,XXL,6,Kurta,139,85,6.54,21.3,"5. Over 13 weeks","Best-seller (top 10%)"
JNE3468-KR-XXXL,JNE3468,Kurta,3XL,7,Kurta,67,80,6.15,10.9,"4. 4-13 weeks","Best-seller (top 10%)"
JNE3470-KR-L,JNE3470,Kurta,L,4,Kurta,33,6,0.46,71.5,"5. Over 13 weeks",Other
JNE3470-KR-M,JNE3470,Kurta,M,3,Kurta,36,8,0.62,58.5,"5. Over 13 weeks",Other
JNE3470-KR-S,JNE3470,Kurta,S,2,Kurta,49,2,0.15,318.5,"5. Over 13 weeks",Other
JNE3470-KR-XL,JNE3470,Kurta,XL,5,Kurta,30,6,0.46,65.0,"5. Over 13 weeks",Other
JNE3470-KR-XS,JNE3470,Kurta,XS,1,Kurta,23,7,0.54,42.7,"5. Over 13 weeks",Other
JNE3470-KR-XXL,JNE3470,Kurta,XXL,6,Kurta,35,13,1.0,35.0,"5. Over 13 weeks",Other
JNE3470-KR-XXXL,JNE3470,Kurta,3XL,7,Kurta,2,4,0.31,6.5,"4. 4-13 weeks",Other
JNE3471-KR-L,JNE3471,Kurta,L,4,Kurta,2,6,0.46,4.3,"4. 4-13 weeks",Other
JNE3471-KR-M,JNE3471,Kurta,M,3,Kurta,3,2,0.15,19.5,"5. Over 13 weeks",Other
JNE3471-KR-S,JNE3471,Kurta,S,2,Kurta,11,6,0.46,23.8,"5. Over 13 weeks",Other
JNE3471-KR-XL,JNE3471,Kurta,XL,5,Kurta,1,8,0.62,1.6,"2. Under 2 weeks",Other
JNE3471-KR-XS,JNE3471,Kurta,XS,1,Kurta,41,4,0.31,133.3,"5. Over 13 weeks",Other
JNE3471-KR-XXL,JNE3471,Kurta,XXL,6,Kurta,0,3,0.23,0.0,"1. Out of stock",Other
JNE3471-KR-XXXL,JNE3471,Kurta,3XL,7,Kurta,0,3,0.23,0.0,"1. Out of stock",Other
JNE3472-KR-S,JNE3472,Kurta,S,2,Kurta,7,5,0.38,18.2,"5. Over 13 weeks",Other
JNE3472-KR-XS,JNE3472,Kurta,XS,1,Kurta,6,6,0.46,13.0,"5. Over 13 weeks",Other
JNE3472-KR-XXXL,JNE3472,Kurta,3XL,7,Kurta,1,1,0.08,13.0,"5. Over 13 weeks",Other
JNE3473-KR-L,JNE3473,Kurta,L,4,Kurta,46,6,0.46,99.7,"5. Over 13 weeks",Other
JNE3473-KR-M,JNE3473,Kurta,M,3,Kurta,78,5,0.38,202.8,"5. Over 13 weeks",Other
JNE3473-KR-XL,JNE3473,Kurta,XL,5,Kurta,64,9,0.69,92.4,"5. Over 13 weeks",Other
JNE3473-KR-XS,JNE3473,Kurta,XS,1,Kurta,63,1,0.08,819.0,"5. Over 13 weeks",Other
JNE3473-KR-XXL,JNE3473,Kurta,XXL,6,Kurta,54,3,0.23,234.0,"5. Over 13 weeks",Other
JNE3473-KR-XXXL,JNE3473,Kurta,3XL,7,Kurta,5,6,0.46,10.8,"4. 4-13 weeks",Other
JNE3474-KR-E-L,JNE3474,Kurta,L,4,Kurta,,1,0.08,,"No stock record",Other
JNE3474-KR-E-S,JNE3474,Kurta,S,2,Kurta,,1,0.08,,"No stock record",Other
JNE3474-KR-E-XL,JNE3474,Kurta,XL,5,Kurta,,1,0.08,,"No stock record",Other
JNE3474-KR-E-XS,JNE3474,Kurta,XS,1,Kurta,,1,0.08,,"No stock record",Other
JNE3474-KR-E-XXL,JNE3474,Kurta,XXL,6,Kurta,,1,0.08,,"No stock record",Other
JNE3474-KR-E-XXXL,JNE3474,Kurta,3XL,7,Kurta,,1,0.08,,"No stock record",Other
JNE3475-KR-K-L,JNE3475,Kurta,L,4,Kurta,,4,0.31,,"No stock record",Other
JNE3475-KR-K-M,JNE3475,Kurta,M,3,Kurta,,3,0.23,,"No stock record",Other
JNE3475-KR-K-XL,JNE3475,Kurta,XL,5,Kurta,,6,0.46,,"No stock record",Other
JNE3475-KR-K-XS,JNE3475,Kurta,XS,1,Kurta,,0,0.0,,"No stock record",Other
JNE3475-KR-K-XXL,JNE3475,Kurta,XXL,6,Kurta,,1,0.08,,"No stock record",Other
JNE3476-KR-L,JNE3476,Kurta,L,4,Kurta,25,7,0.54,46.4,"5. Over 13 weeks",Other
JNE3476-KR-M,JNE3476,Kurta,M,3,Kurta,9,19,1.46,6.2,"4. 4-13 weeks",Other
JNE3476-KR-S,JNE3476,Kurta,S,2,Kurta,13,10,0.77,16.9,"5. Over 13 weeks",Other
JNE3476-KR-XL,JNE3476,Kurta,XL,5,Kurta,1,16,1.23,0.8,"2. Under 2 weeks",Other
JNE3476-KR-XS,JNE3476,Kurta,XS,1,Kurta,10,7,0.54,18.6,"5. Over 13 weeks",Other
JNE3476-KR-XXL,JNE3476,Kurta,XXL,6,Kurta,6,13,1.0,6.0,"4. 4-13 weeks",Other
JNE3476-KR-XXXL,JNE3476,Kurta,3XL,7,Kurta,26,1,0.08,338.0,"5. Over 13 weeks",Other
JNE3477-KR-M,JNE3477,Kurta,M,3,Kurta,8,2,0.15,52.0,"5. Over 13 weeks",Other
JNE3477-KR-S,JNE3477,Kurta,S,2,Kurta,4,2,0.15,26.0,"5. Over 13 weeks",Other
JNE3477-KR-XL,JNE3477,Kurta,XL,5,Kurta,4,2,0.15,26.0,"5. Over 13 weeks",Other
JNE3479-KR-L,JNE3479,Kurta,L,4,Kurta,7,11,0.85,8.3,"4. 4-13 weeks",Other
JNE3479-KR-M,JNE3479,Kurta,M,3,Kurta,6,14,1.08,5.6,"4. 4-13 weeks",Other
JNE3479-KR-S,JNE3479,Kurta,S,2,Kurta,82,2,0.15,533.0,"5. Over 13 weeks",Other
JNE3479-KR-XL,JNE3479,Kurta,XL,5,Kurta,3,13,1.0,3.0,"3. 2-4 weeks",Other
JNE3479-KR-XS,JNE3479,Kurta,XS,1,Kurta,4,6,0.46,8.7,"4. 4-13 weeks",Other
JNE3479-KR-XXL,JNE3479,Kurta,XXL,6,Kurta,12,21,1.62,7.4,"4. 4-13 weeks",Other
JNE3480-KR-L,JNE3480,Kurta,L,4,Kurta,6,4,0.31,19.5,"5. Over 13 weeks",Other
JNE3480-KR-M,JNE3480,Kurta,M,3,Kurta,6,4,0.31,19.5,"5. Over 13 weeks",Other
JNE3480-KR-S,JNE3480,Kurta,S,2,Kurta,7,2,0.15,45.5,"5. Over 13 weeks",Other
JNE3480-KR-XL,JNE3480,Kurta,XL,5,Kurta,5,2,0.15,32.5,"5. Over 13 weeks",Other
JNE3480-KR-XS,JNE3480,Kurta,XS,1,Kurta,8,1,0.08,104.0,"5. Over 13 weeks",Other
JNE3480-KR-XXL,JNE3480,Kurta,XXL,6,Kurta,5,7,0.54,9.3,"4. 4-13 weeks",Other
JNE3481-KR-S,JNE3481,Kurta,S,2,Kurta,3,3,0.23,13.0,"5. Over 13 weeks",Other
JNE3481-KR-XL,JNE3481,Kurta,XL,5,Kurta,2,,,,"No paid units",Other
JNE3481-KR-XS,JNE3481,Kurta,XS,1,Kurta,7,2,0.15,45.5,"5. Over 13 weeks",Other
JNE3482-KR-L,JNE3482,Kurta,L,4,Kurta,4,13,1.0,4.0,"4. 4-13 weeks",Other
JNE3482-KR-M,JNE3482,Kurta,M,3,Kurta,3,9,0.69,4.3,"4. 4-13 weeks",Other
JNE3482-KR-S,JNE3482,Kurta,S,2,Kurta,22,23,1.77,12.4,"4. 4-13 weeks",Other
JNE3482-KR-XL,JNE3482,Kurta,XL,5,Kurta,3,5,0.38,7.8,"4. 4-13 weeks",Other
JNE3482-KR-XS,JNE3482,Kurta,XS,1,Kurta,16,4,0.31,52.0,"5. Over 13 weeks",Other
JNE3482-KR-XXL,JNE3482,Kurta,XXL,6,Kurta,5,25,1.92,2.6,"3. 2-4 weeks",Other
JNE3483-KR-L,JNE3483,Kurta,L,4,Kurta,32,3,0.23,138.7,"5. Over 13 weeks",Other
JNE3483-KR-M,JNE3483,Kurta,M,3,Kurta,44,,,,"No paid units",Other
JNE3483-KR-XL,JNE3483,Kurta,XL,5,Kurta,36,2,0.15,234.0,"5. Over 13 weeks",Other
JNE3483-KR-XXL,JNE3483,Kurta,XXL,6,Kurta,21,3,0.23,91.0,"5. Over 13 weeks",Other
JNE3483-KR-XXXL,JNE3483,Kurta,3XL,7,Kurta,4,5,0.38,10.4,"4. 4-13 weeks",Other
JNE3484-KR-L,JNE3484,Kurta,L,4,Kurta,6,42,3.23,1.9,"2. Under 2 weeks",Other
JNE3484-KR-M,JNE3484,Kurta,M,3,Kurta,32,29,2.23,14.3,"5. Over 13 weeks",Other
JNE3484-KR-S,JNE3484,Kurta,S,2,Kurta,47,22,1.69,27.8,"5. Over 13 weeks",Other
JNE3484-KR-XL,JNE3484,Kurta,XL,5,Kurta,7,46,3.54,2.0,"2. Under 2 weeks",Other
JNE3484-KR-XS,JNE3484,Kurta,XS,1,Kurta,15,1,0.08,195.0,"5. Over 13 weeks",Other
JNE3484-KR-XXL,JNE3484,Kurta,XXL,6,Kurta,11,47,3.62,3.0,"3. 2-4 weeks",Other
JNE3485-KR-L,JNE3485,Kurta,L,4,Kurta,71,2,0.15,461.5,"5. Over 13 weeks",Other
JNE3485-KR-M,JNE3485,Kurta,M,3,Kurta,80,1,0.08,1040.0,"5. Over 13 weeks",Other
JNE3485-KR-XL,JNE3485,Kurta,XL,5,Kurta,69,4,0.31,224.3,"5. Over 13 weeks",Other
JNE3485-KR-XS,JNE3485,Kurta,XS,1,Kurta,71,1,0.08,923.0,"5. Over 13 weeks",Other
JNE3485-KR-XXL,JNE3485,Kurta,XXL,6,Kurta,64,2,0.15,416.0,"5. Over 13 weeks",Other
JNE3485-KR-XXXL,JNE3485,Kurta,3XL,7,Kurta,21,3,0.23,91.0,"5. Over 13 weeks",Other
JNE3486-KR-L,JNE3486,Kurta,L,4,Kurta,90,1,0.08,1170.0,"5. Over 13 weeks",Other
JNE3486-KR-S,JNE3486,Kurta,S,2,Kurta,102,2,0.15,663.0,"5. Over 13 weeks",Other
JNE3486-KR-XL,JNE3486,Kurta,XL,5,Kurta,89,3,0.23,385.7,"5. Over 13 weeks",Other
JNE3486-KR-XS,JNE3486,Kurta,XS,1,Kurta,32,1,0.08,416.0,"5. Over 13 weeks",Other
JNE3486-KR-XXL,JNE3486,Kurta,XXL,6,Kurta,97,1,0.08,1261.0,"5. Over 13 weeks",Other
JNE3486-KR-XXXL,JNE3486,Kurta,3XL,7,Kurta,6,3,0.23,26.0,"5. Over 13 weeks",Other
JNE3487-KR-L,JNE3487,Kurta,L,4,Kurta,6,89,6.85,0.9,"2. Under 2 weeks","Best-seller (top 10%)"
JNE3487-KR-M,JNE3487,Kurta,M,3,Kurta,23,60,4.62,5.0,"4. 4-13 weeks",Other
JNE3487-KR-S,JNE3487,Kurta,S,2,Kurta,77,39,3.0,25.7,"5. Over 13 weeks",Other
JNE3487-KR-XL,JNE3487,Kurta,XL,5,Kurta,7,111,8.54,0.8,"2. Under 2 weeks","Best-seller (top 10%)"
JNE3487-KR-XS,JNE3487,Kurta,XS,1,Kurta,6,20,1.54,3.9,"3. 2-4 weeks",Other
JNE3487-KR-XXL,JNE3487,Kurta,XXL,6,Kurta,13,82,6.31,2.1,"3. 2-4 weeks","Best-seller (top 10%)"
JNE3487-KR-XXXL,JNE3487,Kurta,3XL,7,Kurta,4,33,2.54,1.6,"2. Under 2 weeks",Other
JNE3488-KR-S,JNE3488,Kurta,S,2,Kurta,4,7,0.54,7.4,"4. 4-13 weeks",Other
JNE3488-KR-XS,JNE3488,Kurta,XS,1,Kurta,7,5,0.38,18.2,"5. Over 13 weeks",Other
JNE3488-KR-XXL,JNE3488,Kurta,XXL,6,Kurta,0,2,0.15,0.0,"1. Out of stock",Other
JNE3489-KR-L,JNE3489,Kurta,L,4,Kurta,140,12,0.92,151.7,"5. Over 13 weeks",Other
JNE3489-KR-M,JNE3489,Kurta,M,3,Kurta,87,1,0.08,1131.0,"5. Over 13 weeks",Other
JNE3489-KR-S,JNE3489,Kurta,S,2,Kurta,114,1,0.08,1482.0,"5. Over 13 weeks",Other
JNE3489-KR-XL,JNE3489,Kurta,XL,5,Kurta,70,2,0.15,455.0,"5. Over 13 weeks",Other
JNE3489-KR-XXL,JNE3489,Kurta,XXL,6,Kurta,166,3,0.23,719.3,"5. Over 13 weeks",Other
JNE3491-KR-L,JNE3491,Kurta,L,4,Kurta,2,6,0.46,4.3,"4. 4-13 weeks",Other
JNE3491-KR-M,JNE3491,Kurta,M,3,Kurta,3,2,0.15,19.5,"5. Over 13 weeks",Other
JNE3491-KR-S,JNE3491,Kurta,S,2,Kurta,5,1,0.08,65.0,"5. Over 13 weeks",Other
JNE3491-KR-XL,JNE3491,Kurta,XL,5,Kurta,4,16,1.23,3.3,"3. 2-4 weeks",Other
JNE3491-KR-XS,JNE3491,Kurta,XS,1,Kurta,9,4,0.31,29.3,"5. Over 13 weeks",Other
JNE3491-KR-XXL,JNE3491,Kurta,XXL,6,Kurta,4,6,0.46,8.7,"4. 4-13 weeks",Other
JNE3491-KR-XXXL,JNE3491,Kurta,3XL,7,Kurta,2,1,0.08,26.0,"5. Over 13 weeks",Other
JNE3500-KR-L,JNE3500,Kurta,L,4,Kurta,3,3,0.23,13.0,"5. Over 13 weeks",Other
JNE3500-KR-M,JNE3500,Kurta,M,3,Kurta,1,10,0.77,1.3,"2. Under 2 weeks",Other
JNE3500-KR-S,JNE3500,Kurta,S,2,Kurta,6,18,1.38,4.3,"4. 4-13 weeks",Other
JNE3500-KR-XL,JNE3500,Kurta,XL,5,Kurta,2,1,0.08,26.0,"5. Over 13 weeks",Other
JNE3500-KR-XS,JNE3500,Kurta,XS,1,Kurta,16,11,0.85,18.9,"5. Over 13 weeks",Other
JNE3500-KR-XXL,JNE3500,Kurta,XXL,6,Kurta,2,25,1.92,1.0,"2. Under 2 weeks",Other
JNE3500-KR-XXXL,JNE3500,Kurta,3XL,7,Kurta,5,3,0.23,21.7,"5. Over 13 weeks",Other
JNE3501-KR-L,JNE3501,Kurta,L,4,Kurta,5,21,1.62,3.1,"3. 2-4 weeks",Other
JNE3501-KR-M,JNE3501,Kurta,M,3,Kurta,7,15,1.15,6.1,"4. 4-13 weeks",Other
JNE3501-KR-S,JNE3501,Kurta,S,2,Kurta,29,6,0.46,62.8,"5. Over 13 weeks",Other
JNE3501-KR-XL,JNE3501,Kurta,XL,5,Kurta,23,15,1.15,19.9,"5. Over 13 weeks",Other
JNE3501-KR-XS,JNE3501,Kurta,XS,1,Kurta,27,8,0.62,43.9,"5. Over 13 weeks",Other
JNE3501-KR-XXL,JNE3501,Kurta,XXL,6,Kurta,20,13,1.0,20.0,"5. Over 13 weeks",Other
JNE3501-KR-XXXL,JNE3501,Kurta,3XL,7,Kurta,14,18,1.38,10.1,"4. 4-13 weeks",Other
JNE3503-KR-S,JNE3503,Kurta,S,2,Kurta,1,1,0.08,13.0,"5. Over 13 weeks",Other
JNE3503-KR-XXL,JNE3503,Kurta,XXL,6,Kurta,2,2,0.15,13.0,"5. Over 13 weeks",Other
JNE3503-KR-XXXL,JNE3503,Kurta,3XL,7,Kurta,3,7,0.54,5.6,"4. 4-13 weeks",Other
JNE3504-KR-L,JNE3504,Kurta,L,4,Kurta,3,19,1.46,2.1,"3. 2-4 weeks",Other
JNE3504-KR-M,JNE3504,Kurta,M,3,Kurta,3,6,0.46,6.5,"4. 4-13 weeks",Other
JNE3504-KR-S,JNE3504,Kurta,S,2,Kurta,3,2,0.15,19.5,"5. Over 13 weeks",Other
JNE3504-KR-XL,JNE3504,Kurta,XL,5,Kurta,11,23,1.77,6.2,"4. 4-13 weeks",Other
JNE3504-KR-XS,JNE3504,Kurta,XS,1,Kurta,10,9,0.69,14.4,"5. Over 13 weeks",Other
JNE3504-KR-XXL,JNE3504,Kurta,XXL,6,Kurta,2,8,0.62,3.3,"3. 2-4 weeks",Other
JNE3504-KR-XXXL,JNE3504,Kurta,3XL,7,Kurta,3,2,0.15,19.5,"5. Over 13 weeks",Other
JNE3506-KR-L,JNE3506,Kurta,L,4,Kurta,27,19,1.46,18.5,"5. Over 13 weeks",Other
JNE3506-KR-M,JNE3506,Kurta,M,3,Kurta,19,10,0.77,24.7,"5. Over 13 weeks",Other
JNE3506-KR-S,JNE3506,Kurta,S,2,Kurta,24,7,0.54,44.6,"5. Over 13 weeks",Other
JNE3506-KR-XL,JNE3506,Kurta,XL,5,Kurta,18,25,1.92,9.4,"4. 4-13 weeks",Other
JNE3506-KR-XS,JNE3506,Kurta,XS,1,Kurta,13,7,0.54,24.1,"5. Over 13 weeks",Other
JNE3506-KR-XXL,JNE3506,Kurta,XXL,6,Kurta,3,13,1.0,3.0,"3. 2-4 weeks",Other
JNE3506-KR-XXXL,JNE3506,Kurta,3XL,7,Kurta,2,14,1.08,1.9,"2. Under 2 weeks",Other
JNE3507-KR-XXL,JNE3507,Kurta,XXL,6,Kurta,3,1,0.08,39.0,"5. Over 13 weeks",Other
JNE3510-KR-L,JNE3510,Kurta,L,4,Kurta,1,94,7.23,0.1,"2. Under 2 weeks","Best-seller (top 10%)"
JNE3510-KR-M,JNE3510,Kurta,M,3,Kurta,0,112,8.62,0.0,"1. Out of stock","Best-seller (top 10%)"
JNE3510-KR-S,JNE3510,Kurta,S,2,Kurta,2,130,10.0,0.2,"2. Under 2 weeks","Best-seller (top 10%)"
JNE3510-KR-XL,JNE3510,Kurta,XL,5,Kurta,4,96,7.38,0.5,"2. Under 2 weeks","Best-seller (top 10%)"
JNE3510-KR-XS,JNE3510,Kurta,XS,1,Kurta,66,7,0.54,122.6,"5. Over 13 weeks",Other
JNE3510-KR-XXL,JNE3510,Kurta,XXL,6,Kurta,6,72,5.54,1.1,"2. Under 2 weeks","Best-seller (top 10%)"
JNE3510-KR-XXXL,JNE3510,Kurta,3XL,7,Kurta,58,8,0.62,94.3,"5. Over 13 weeks",Other
JNE3515-KR-L,JNE3515,Kurta,L,4,Kurta,62,4,0.31,201.5,"5. Over 13 weeks",Other
JNE3515-KR-M,JNE3515,Kurta,M,3,Kurta,25,16,1.23,20.3,"5. Over 13 weeks",Other
JNE3515-KR-S,JNE3515,Kurta,S,2,Kurta,5,7,0.54,9.3,"4. 4-13 weeks",Other
JNE3515-KR-XL,JNE3515,Kurta,XL,5,Kurta,63,16,1.23,51.2,"5. Over 13 weeks",Other
JNE3515-KR-XS,JNE3515,Kurta,XS,1,Kurta,25,9,0.69,36.1,"5. Over 13 weeks",Other
JNE3515-KR-XXL,JNE3515,Kurta,XXL,6,Kurta,5,26,2.0,2.5,"3. 2-4 weeks",Other
JNE3515-KR-XXXL,JNE3515,Kurta,3XL,7,Kurta,55,12,0.92,59.6,"5. Over 13 weeks",Other
JNE3516-KR-E-L,JNE3516,Kurta,L,4,Kurta,,10,0.77,,"No stock record",Other
JNE3516-KR-E-M,JNE3516,Kurta,M,3,Kurta,,12,0.92,,"No stock record",Other
JNE3516-KR-E-S,JNE3516,Kurta,S,2,Kurta,,7,0.54,,"No stock record",Other
JNE3516-KR-E-XL,JNE3516,Kurta,XL,5,Kurta,,8,0.62,,"No stock record",Other
JNE3516-KR-E-XS,JNE3516,Kurta,XS,1,Kurta,,2,0.15,,"No stock record",Other
JNE3516-KR-E-XXL,JNE3516,Kurta,XXL,6,Kurta,,5,0.38,,"No stock record",Other
JNE3516-KR-E-XXXL,JNE3516,Kurta,3XL,7,Kurta,,1,0.08,,"No stock record",Other
JNE3517-KR-M,JNE3517,Kurta,M,3,Kurta,4,2,0.15,26.0,"5. Over 13 weeks",Other
JNE3517-KR-XXL,JNE3517,Kurta,XXL,6,Kurta,4,1,0.08,52.0,"5. Over 13 weeks",Other
JNE3518-KR-L,JNE3518,Kurta,L,4,Kurta,3,48,3.69,0.8,"2. Under 2 weeks",Other
JNE3518-KR-M,JNE3518,Kurta,M,3,Kurta,6,50,3.85,1.6,"2. Under 2 weeks",Other
JNE3518-KR-S,JNE3518,Kurta,S,2,Kurta,39,21,1.62,24.1,"5. Over 13 weeks",Other
JNE3518-KR-XL,JNE3518,Kurta,XL,5,Kurta,6,54,4.15,1.4,"2. Under 2 weeks","Best-seller (top 10%)"
JNE3518-KR-XS,JNE3518,Kurta,XS,1,Kurta,22,10,0.77,28.6,"5. Over 13 weeks",Other
JNE3518-KR-XXL,JNE3518,Kurta,XXL,6,Kurta,12,49,3.77,3.2,"3. 2-4 weeks",Other
JNE3518-KR-XXXL,JNE3518,Kurta,3XL,7,Kurta,4,12,0.92,4.3,"4. 4-13 weeks",Other
JNE3520-KR-M,JNE3520,Kurta,M,3,Kurta,64,1,0.08,832.0,"5. Over 13 weeks",Other
JNE3520-KR-XS,JNE3520,Kurta,XS,1,Kurta,15,1,0.08,195.0,"5. Over 13 weeks",Other
JNE3520-KR-XXL,JNE3520,Kurta,XXL,6,Kurta,71,1,0.08,923.0,"5. Over 13 weeks",Other
JNE3522-KR-L,JNE3522,Kurta,L,4,Kurta,18,37,2.85,6.3,"4. 4-13 weeks",Other
JNE3522-KR-M,JNE3522,Kurta,M,3,Kurta,29,31,2.38,12.2,"4. 4-13 weeks",Other
JNE3522-KR-S,JNE3522,Kurta,S,2,Kurta,83,12,0.92,89.9,"5. Over 13 weeks",Other
JNE3522-KR-XL,JNE3522,Kurta,XL,5,Kurta,11,30,2.31,4.8,"4. 4-13 weeks",Other
JNE3522-KR-XS,JNE3522,Kurta,XS,1,Kurta,17,12,0.92,18.4,"5. Over 13 weeks",Other
JNE3522-KR-XXL,JNE3522,Kurta,XXL,6,Kurta,16,25,1.92,8.3,"4. 4-13 weeks",Other
JNE3522-KR-XXXL,JNE3522,Kurta,3XL,7,Kurta,1,18,1.38,0.7,"2. Under 2 weeks",Other
JNE3523-KR-S,JNE3523,Kurta,S,2,Kurta,0,3,0.23,0.0,"1. Out of stock",Other
JNE3523-KR-XL,JNE3523,Kurta,XL,5,Kurta,0,2,0.15,0.0,"1. Out of stock",Other
JNE3523-KR-XS,JNE3523,Kurta,XS,1,Kurta,19,1,0.08,247.0,"5. Over 13 weeks",Other
JNE3523-KR-XXL,JNE3523,Kurta,XXL,6,Kurta,0,1,0.08,0.0,"1. Out of stock",Other
JNE3524-KR-L,JNE3524,Kurta,L,4,Kurta,27,2,0.15,175.5,"5. Over 13 weeks",Other
JNE3524-KR-M,JNE3524,Kurta,M,3,Kurta,26,4,0.31,84.5,"5. Over 13 weeks",Other
JNE3524-KR-S,JNE3524,Kurta,S,2,Kurta,11,1,0.08,143.0,"5. Over 13 weeks",Other
JNE3524-KR-XXL,JNE3524,Kurta,XXL,6,Kurta,22,3,0.23,95.3,"5. Over 13 weeks",Other
JNE3524-KR-XXXL,JNE3524,Kurta,3XL,7,Kurta,13,1,0.08,169.0,"5. Over 13 weeks",Other
JNE3526-KR-XL,JNE3526,Kurta,XL,5,Kurta,2,1,0.08,26.0,"5. Over 13 weeks",Other
JNE3526-KR-XS,JNE3526,Kurta,XS,1,Kurta,3,4,0.31,9.8,"4. 4-13 weeks",Other
JNE3526-KR-XXL,JNE3526,Kurta,XXL,6,Kurta,3,1,0.08,39.0,"5. Over 13 weeks",Other
JNE3528-KR-L,JNE3528,Kurta,L,4,Kurta,2,3,0.23,8.7,"4. 4-13 weeks",Other
JNE3528-KR-M,JNE3528,Kurta,M,3,Kurta,0,1,0.08,0.0,"1. Out of stock",Other
JNE3528-KR-XL,JNE3528,Kurta,XL,5,Kurta,0,3,0.23,0.0,"1. Out of stock",Other
JNE3528-KR-XS,JNE3528,Kurta,XS,1,Kurta,1,2,0.15,6.5,"4. 4-13 weeks",Other
JNE3528-KR-XXL,JNE3528,Kurta,XXL,6,Kurta,3,2,0.15,19.5,"5. Over 13 weeks",Other
JNE3528-KR-XXXL,JNE3528,Kurta,3XL,7,Kurta,3,2,0.15,19.5,"5. Over 13 weeks",Other
JNE3530-KR-S,JNE3530,Kurta,S,2,Kurta,4,2,0.15,26.0,"5. Over 13 weeks",Other
JNE3530-KR-XS,JNE3530,Kurta,XS,1,Kurta,8,12,0.92,8.7,"4. 4-13 weeks",Other
JNE3530-KR-XXL,JNE3530,Kurta,XXL,6,Kurta,0,8,0.62,0.0,"1. Out of stock",Other
JNE3530-KR-XXXL,JNE3530,Kurta,3XL,7,Kurta,3,3,0.23,13.0,"5. Over 13 weeks",Other
JNE3531-KR-L,JNE3531,Kurta,L,4,Kurta,3,2,0.15,19.5,"5. Over 13 weeks",Other
JNE3531-KR-M,JNE3531,Kurta,M,3,Kurta,4,2,0.15,26.0,"5. Over 13 weeks",Other
JNE3531-KR-S,JNE3531,Kurta,S,2,Kurta,6,6,0.46,13.0,"5. Over 13 weeks",Other
JNE3531-KR-XL,JNE3531,Kurta,XL,5,Kurta,2,2,0.15,13.0,"5. Over 13 weeks",Other
JNE3531-KR-XS,JNE3531,Kurta,XS,1,Kurta,11,2,0.15,71.5,"5. Over 13 weeks",Other
JNE3531-KR-XXL,JNE3531,Kurta,XXL,6,Kurta,6,2,0.15,39.0,"5. Over 13 weeks",Other
JNE3531-KR-XXXL,JNE3531,Kurta,3XL,7,Kurta,3,5,0.38,7.8,"4. 4-13 weeks",Other
JNE3532-KR-S,JNE3532,Kurta,S,2,Kurta,0,,,,"No paid units",Other
JNE3532-KR-XXL,JNE3532,Kurta,XXL,6,Kurta,,1,0.08,,"No stock record",Other
JNE3534-KR-L,JNE3534,Kurta,L,4,Kurta,2,2,0.15,13.0,"5. Over 13 weeks",Other
JNE3534-KR-M,JNE3534,Kurta,M,3,Kurta,6,2,0.15,39.0,"5. Over 13 weeks",Other
JNE3534-KR-S,JNE3534,Kurta,S,2,Kurta,7,1,0.08,91.0,"5. Over 13 weeks",Other
JNE3534-KR-XL,JNE3534,Kurta,XL,5,Kurta,5,2,0.15,32.5,"5. Over 13 weeks",Other
JNE3534-KR-XS,JNE3534,Kurta,XS,1,Kurta,14,3,0.23,60.7,"5. Over 13 weeks",Other
JNE3534-KR-XXXL,JNE3534,Kurta,3XL,7,Kurta,3,7,0.54,5.6,"4. 4-13 weeks",Other
JNE3535-KR-L,JNE3535,Kurta,L,4,Kurta,2,1,0.08,26.0,"5. Over 13 weeks",Other
JNE3535-KR-XL,JNE3535,Kurta,XL,5,Kurta,2,5,0.38,5.2,"4. 4-13 weeks",Other
JNE3535-KR-XS,JNE3535,Kurta,XS,1,Kurta,10,1,0.08,130.0,"5. Over 13 weeks",Other
JNE3535-KR-XXXL,JNE3535,Kurta,3XL,7,Kurta,1,1,0.08,13.0,"5. Over 13 weeks",Other
JNE3537-KR-M,JNE3537,Kurta,M,3,Kurta,3,3,0.23,13.0,"5. Over 13 weeks",Other
JNE3537-KR-S,JNE3537,Kurta,S,2,Kurta,2,4,0.31,6.5,"4. 4-13 weeks",Other
JNE3537-KR-XS,JNE3537,Kurta,XS,1,Kurta,6,6,0.46,13.0,"5. Over 13 weeks",Other
JNE3538-KR-XS,JNE3538,Kurta,XS,1,Kurta,2,2,0.15,13.0,"5. Over 13 weeks",Other
JNE3539-KR-M,JNE3539,Kurta,M,3,Kurta,2,4,0.31,6.5,"4. 4-13 weeks",Other
JNE3539-KR-S,JNE3539,Kurta,S,2,Kurta,7,3,0.23,30.3,"5. Over 13 weeks",Other
JNE3539-KR-XL,JNE3539,Kurta,XL,5,Kurta,3,3,0.23,13.0,"5. Over 13 weeks",Other
JNE3539-KR-XS,JNE3539,Kurta,XS,1,Kurta,7,6,0.46,15.2,"5. Over 13 weeks",Other
JNE3539-KR-XXL,JNE3539,Kurta,XXL,6,Kurta,2,2,0.15,13.0,"5. Over 13 weeks",Other
JNE3539-KR-XXXL,JNE3539,Kurta,3XL,7,Kurta,2,3,0.23,8.7,"4. 4-13 weeks",Other
JNE3541-KR-S,JNE3541,Kurta,S,2,Kurta,1,1,0.08,13.0,"5. Over 13 weeks",Other
JNE3542-KR-L,JNE3542,Kurta,L,4,Kurta,3,3,0.23,13.0,"5. Over 13 weeks",Other
JNE3542-KR-M,JNE3542,Kurta,M,3,Kurta,2,5,0.38,5.2,"4. 4-13 weeks",Other
JNE3542-KR-S,JNE3542,Kurta,S,2,Kurta,6,3,0.23,26.0,"5. Over 13 weeks",Other
JNE3542-KR-XL,JNE3542,Kurta,XL,5,Kurta,2,7,0.54,3.7,"3. 2-4 weeks",Other
JNE3542-KR-XS,JNE3542,Kurta,XS,1,Kurta,6,3,0.23,26.0,"5. Over 13 weeks",Other
JNE3543-KR-L,JNE3543,Kurta,L,4,Kurta,2,18,1.38,1.4,"2. Under 2 weeks",Other
JNE3543-KR-M,JNE3543,Kurta,M,3,Kurta,4,29,2.23,1.8,"2. Under 2 weeks",Other
JNE3543-KR-S,JNE3543,Kurta,S,2,Kurta,5,36,2.77,1.8,"2. Under 2 weeks",Other
JNE3543-KR-XL,JNE3543,Kurta,XL,5,Kurta,3,33,2.54,1.2,"2. Under 2 weeks",Other
JNE3543-KR-XS,JNE3543,Kurta,XS,1,Kurta,7,34,2.62,2.7,"3. 2-4 weeks",Other
JNE3543-KR-XXL,JNE3543,Kurta,XXL,6,Kurta,3,21,1.62,1.9,"2. Under 2 weeks",Other
JNE3543-KR-XXXL,JNE3543,Kurta,3XL,7,Kurta,2,8,0.62,3.3,"3. 2-4 weeks",Other
JNE3544-KR-M,JNE3544,Kurta,M,3,Kurta,2,2,0.15,13.0,"5. Over 13 weeks",Other
JNE3544-KR-S,JNE3544,Kurta,S,2,Kurta,2,4,0.31,6.5,"4. 4-13 weeks",Other
JNE3544-KR-XS,JNE3544,Kurta,XS,1,Kurta,3,1,0.08,39.0,"5. Over 13 weeks",Other
JNE3545-KR-M,JNE3545,Kurta,M,3,Kurta,1,2,0.15,6.5,"4. 4-13 weeks",Other
JNE3545-KR-S,JNE3545,Kurta,S,2,Kurta,0,8,0.62,0.0,"1. Out of stock",Other
JNE3546-KR-L,JNE3546,Kurta,L,4,Kurta,10,89,6.85,1.5,"2. Under 2 weeks","Best-seller (top 10%)"
JNE3546-KR-M,JNE3546,Kurta,M,3,Kurta,29,79,6.08,4.8,"4. 4-13 weeks","Best-seller (top 10%)"
JNE3546-KR-S,JNE3546,Kurta,S,2,Kurta,7,50,3.85,1.8,"2. Under 2 weeks",Other
JNE3546-KR-XL,JNE3546,Kurta,XL,5,Kurta,6,81,6.23,1.0,"2. Under 2 weeks","Best-seller (top 10%)"
JNE3546-KR-XS,JNE3546,Kurta,XS,1,Kurta,17,13,1.0,17.0,"5. Over 13 weeks",Other
JNE3546-KR-XXL,JNE3546,Kurta,XXL,6,Kurta,4,18,1.38,2.9,"3. 2-4 weeks",Other
JNE3546-KR-XXXL,JNE3546,Kurta,3XL,7,Kurta,2,25,1.92,1.0,"2. Under 2 weeks",Other
JNE3547-KR-L,JNE3547,Kurta,L,4,Kurta,26,1,0.08,338.0,"5. Over 13 weeks",Other
JNE3547-KR-M,JNE3547,Kurta,M,3,Kurta,26,1,0.08,338.0,"5. Over 13 weeks",Other
JNE3547-KR-XL,JNE3547,Kurta,XL,5,Kurta,66,1,0.08,858.0,"5. Over 13 weeks",Other
JNE3547-KR-XXL,JNE3547,Kurta,XXL,6,Kurta,19,1,0.08,247.0,"5. Over 13 weeks",Other
JNE3547-KR-XXXL,JNE3547,Kurta,3XL,7,Kurta,46,3,0.23,199.3,"5. Over 13 weeks",Other
JNE3548-KR-L,JNE3548,Kurta,L,4,Kurta,146,11,0.85,172.5,"5. Over 13 weeks",Other
JNE3548-KR-M,JNE3548,Kurta,M,3,Kurta,112,7,0.54,208.0,"5. Over 13 weeks",Other
JNE3548-KR-S,JNE3548,Kurta,S,2,Kurta,87,1,0.08,1131.0,"5. Over 13 weeks",Other
JNE3548-KR-XL,JNE3548,Kurta,XL,5,Kurta,154,10,0.77,200.2,"5. Over 13 weeks",Other
JNE3548-KR-XS,JNE3548,Kurta,XS,1,Kurta,38,1,0.08,494.0,"5. Over 13 weeks",Other
JNE3548-KR-XXL,JNE3548,Kurta,XXL,6,Kurta,112,13,1.0,112.0,"5. Over 13 weeks",Other
JNE3548-KR-XXXL,JNE3548,Kurta,3XL,7,Kurta,84,12,0.92,91.0,"5. Over 13 weeks",Other
JNE3549-KR-L,JNE3549,Kurta,L,4,Kurta,25,7,0.54,46.4,"5. Over 13 weeks",Other
JNE3549-KR-M,JNE3549,Kurta,M,3,Kurta,13,3,0.23,56.3,"5. Over 13 weeks",Other
JNE3549-KR-S,JNE3549,Kurta,S,2,Kurta,54,4,0.31,175.5,"5. Over 13 weeks",Other
JNE3549-KR-XL,JNE3549,Kurta,XL,5,Kurta,7,9,0.69,10.1,"4. 4-13 weeks",Other
JNE3549-KR-XXL,JNE3549,Kurta,XXL,6,Kurta,8,11,0.85,9.5,"4. 4-13 weeks",Other
JNE3549-KR-XXXL,JNE3549,Kurta,3XL,7,Kurta,3,10,0.77,3.9,"3. 2-4 weeks",Other
JNE3550-KR-S,JNE3550,Kurta,S,2,Kurta,2,2,0.15,13.0,"5. Over 13 weeks",Other
JNE3550-KR-XS,JNE3550,Kurta,XS,1,Kurta,4,3,0.23,17.3,"5. Over 13 weeks",Other
JNE3553-KR-L,JNE3553,Kurta,L,4,Kurta,2,2,0.15,13.0,"5. Over 13 weeks",Other
JNE3553-KR-XL,JNE3553,Kurta,XL,5,Kurta,0,6,0.46,0.0,"1. Out of stock",Other
JNE3553-KR-XXL,JNE3553,Kurta,XXL,6,Kurta,25,1,0.08,325.0,"5. Over 13 weeks",Other
JNE3553-KR-XXXL,JNE3553,Kurta,3XL,7,Kurta,20,2,0.15,130.0,"5. Over 13 weeks",Other
JNE3554-KR-L,JNE3554,Kurta,L,4,Kurta,7,10,0.77,9.1,"4. 4-13 weeks",Other
JNE3554-KR-M,JNE3554,Kurta,M,3,Kurta,1,13,1.0,1.0,"2. Under 2 weeks",Other
JNE3554-KR-S,JNE3554,Kurta,S,2,Kurta,33,9,0.69,47.7,"5. Over 13 weeks",Other
JNE3554-KR-XL,JNE3554,Kurta,XL,5,Kurta,3,5,0.38,7.8,"4. 4-13 weeks",Other
JNE3554-KR-XXL,JNE3554,Kurta,XXL,6,Kurta,40,12,0.92,43.3,"5. Over 13 weeks",Other
JNE3555-KR-L,JNE3555,Kurta,L,4,Kurta,20,3,0.23,86.7,"5. Over 13 weeks",Other
JNE3555-KR-M,JNE3555,Kurta,M,3,Kurta,25,3,0.23,108.3,"5. Over 13 weeks",Other
JNE3555-KR-S,JNE3555,Kurta,S,2,Kurta,28,1,0.08,364.0,"5. Over 13 weeks",Other
JNE3555-KR-XL,JNE3555,Kurta,XL,5,Kurta,19,2,0.15,123.5,"5. Over 13 weeks",Other
JNE3555-KR-XXXL,JNE3555,Kurta,3XL,7,Kurta,2,1,0.08,26.0,"5. Over 13 weeks",Other
JNE3556-KR-L,JNE3556,Kurta,L,4,Kurta,20,3,0.23,86.7,"5. Over 13 weeks",Other
JNE3556-KR-M,JNE3556,Kurta,M,3,Kurta,13,3,0.23,56.3,"5. Over 13 weeks",Other
JNE3556-KR-S,JNE3556,Kurta,S,2,Kurta,14,1,0.08,182.0,"5. Over 13 weeks",Other
JNE3556-KR-XL,JNE3556,Kurta,XL,5,Kurta,18,2,0.15,117.0,"5. Over 13 weeks",Other
JNE3556-KR-XXL,JNE3556,Kurta,XXL,6,Kurta,23,2,0.15,149.5,"5. Over 13 weeks",Other
JNE3557-KR-M,JNE3557,Kurta,M,3,Kurta,44,1,0.08,572.0,"5. Over 13 weeks",Other
JNE3557-KR-S,JNE3557,Kurta,S,2,Kurta,20,1,0.08,260.0,"5. Over 13 weeks",Other
JNE3557-KR-XL,JNE3557,Kurta,XL,5,Kurta,36,,,,"No paid units",Other
JNE3557-KR-XXL,JNE3557,Kurta,XXL,6,Kurta,14,1,0.08,182.0,"5. Over 13 weeks",Other
JNE3558-KR-S,JNE3558,Kurta,S,2,Kurta,2,1,0.08,26.0,"5. Over 13 weeks",Other
JNE3559-KR-L,JNE3559,Kurta,L,4,Kurta,11,5,0.38,28.6,"5. Over 13 weeks",Other
JNE3559-KR-M,JNE3559,Kurta,M,3,Kurta,2,1,0.08,26.0,"5. Over 13 weeks",Other
JNE3559-KR-XL,JNE3559,Kurta,XL,5,Kurta,21,5,0.38,54.6,"5. Over 13 weeks",Other
JNE3559-KR-XS,JNE3559,Kurta,XS,1,Kurta,13,1,0.08,169.0,"5. Over 13 weeks",Other
JNE3559-KR-XXL,JNE3559,Kurta,XXL,6,Kurta,5,4,0.31,16.3,"5. Over 13 weeks",Other
JNE3559-KR-XXXL,JNE3559,Kurta,3XL,7,Kurta,3,5,0.38,7.8,"4. 4-13 weeks",Other
JNE3560-KR-L,JNE3560,Kurta,L,4,Kurta,138,61,4.69,29.4,"5. Over 13 weeks","Best-seller (top 10%)"
JNE3560-KR-M,JNE3560,Kurta,M,3,Kurta,106,58,4.46,23.8,"5. Over 13 weeks","Best-seller (top 10%)"
JNE3560-KR-S,JNE3560,Kurta,S,2,Kurta,199,38,2.92,68.1,"5. Over 13 weeks",Other
JNE3560-KR-XL,JNE3560,Kurta,XL,5,Kurta,223,49,3.77,59.2,"5. Over 13 weeks","Best-seller (top 10%)"
JNE3560-KR-XS,JNE3560,Kurta,XS,1,Kurta,48,11,0.85,56.7,"5. Over 13 weeks",Other
JNE3560-KR-XXL,JNE3560,Kurta,XXL,6,Kurta,168,32,2.46,68.3,"5. Over 13 weeks",Other
JNE3560-KR-XXXL,JNE3560,Kurta,3XL,7,Kurta,87,27,2.08,41.9,"5. Over 13 weeks",Other
JNE3561-KR-XXXL,JNE3561,Kurta,3XL,7,Kurta,3,1,0.08,39.0,"5. Over 13 weeks",Other
JNE3562-KR-L,JNE3562,Kurta,L,4,Kurta,2,5,0.38,5.2,"4. 4-13 weeks",Other
JNE3562-KR-M,JNE3562,Kurta,M,3,Kurta,4,10,0.77,5.2,"4. 4-13 weeks",Other
JNE3562-KR-S,JNE3562,Kurta,S,2,Kurta,17,6,0.46,36.8,"5. Over 13 weeks",Other
JNE3562-KR-XL,JNE3562,Kurta,XL,5,Kurta,1,13,1.0,1.0,"2. Under 2 weeks",Other
JNE3562-KR-XXL,JNE3562,Kurta,XXL,6,Kurta,5,14,1.08,4.6,"4. 4-13 weeks",Other
JNE3563-KR-L,JNE3563,Kurta,L,4,Kurta,1,3,0.23,4.3,"4. 4-13 weeks",Other
JNE3563-KR-M,JNE3563,Kurta,M,3,Kurta,2,3,0.23,8.7,"4. 4-13 weeks",Other
JNE3563-KR-S,JNE3563,Kurta,S,2,Kurta,4,5,0.38,10.4,"4. 4-13 weeks",Other
JNE3563-KR-XL,JNE3563,Kurta,XL,5,Kurta,2,4,0.31,6.5,"4. 4-13 weeks",Other
JNE3563-KR-XS,JNE3563,Kurta,XS,1,Kurta,4,5,0.38,10.4,"4. 4-13 weeks",Other
JNE3563-KR-XXL,JNE3563,Kurta,XXL,6,Kurta,1,3,0.23,4.3,"4. 4-13 weeks",Other
JNE3563-KR-XXXL,JNE3563,Kurta,3XL,7,Kurta,1,1,0.08,13.0,"5. Over 13 weeks",Other
JNE3564-KR-L,JNE3564,Kurta,L,4,Kurta,90,12,0.92,97.5,"5. Over 13 weeks",Other
JNE3564-KR-M,JNE3564,Kurta,M,3,Kurta,107,6,0.46,231.8,"5. Over 13 weeks",Other
JNE3564-KR-S,JNE3564,Kurta,S,2,Kurta,105,6,0.46,227.5,"5. Over 13 weeks",Other
JNE3564-KR-XL,JNE3564,Kurta,XL,5,Kurta,105,10,0.77,136.5,"5. Over 13 weeks",Other
JNE3564-KR-XS,JNE3564,Kurta,XS,1,Kurta,64,1,0.08,832.0,"5. Over 13 weeks",Other
JNE3564-KR-XXL,JNE3564,Kurta,XXL,6,Kurta,51,10,0.77,66.3,"5. Over 13 weeks",Other
JNE3564-KR-XXXL,JNE3564,Kurta,3XL,7,Kurta,12,4,0.31,39.0,"5. Over 13 weeks",Other
JNE3565-KR-L,JNE3565,Kurta,L,4,Kurta,4,3,0.23,17.3,"5. Over 13 weeks",Other
JNE3565-KR-M,JNE3565,Kurta,M,3,Kurta,5,2,0.15,32.5,"5. Over 13 weeks",Other
JNE3565-KR-S,JNE3565,Kurta,S,2,Kurta,6,8,0.62,9.8,"4. 4-13 weeks",Other
JNE3565-KR-XL,JNE3565,Kurta,XL,5,Kurta,2,1,0.08,26.0,"5. Over 13 weeks",Other
JNE3565-KR-XS,JNE3565,Kurta,XS,1,Kurta,16,6,0.46,34.7,"5. Over 13 weeks",Other
JNE3565-KR-XXL,JNE3565,Kurta,XXL,6,Kurta,3,2,0.15,19.5,"5. Over 13 weeks",Other
JNE3566-KR-L,JNE3566,Kurta,L,4,Kurta,11,12,0.92,11.9,"4. 4-13 weeks",Other
JNE3566-KR-M,JNE3566,Kurta,M,3,Kurta,20,6,0.46,43.3,"5. Over 13 weeks",Other
JNE3566-KR-S,JNE3566,Kurta,S,2,Kurta,44,8,0.62,71.5,"5. Over 13 weeks",Other
JNE3566-KR-XL,JNE3566,Kurta,XL,5,Kurta,25,16,1.23,20.3,"5. Over 13 weeks",Other
JNE3566-KR-XXL,JNE3566,Kurta,XXL,6,Kurta,11,9,0.69,15.9,"5. Over 13 weeks",Other
JNE3567-KR-L,JNE3567,Kurta,L,4,Kurta,377,156,12.0,31.4,"5. Over 13 weeks","Best-seller (top 10%)"
JNE3567-KR-M,JNE3567,Kurta,M,3,Kurta,186,267,20.54,9.1,"4. 4-13 weeks","Best-seller (top 10%)"
JNE3567-KR-S,JNE3567,Kurta,S,2,Kurta,210,70,5.38,39.0,"5. Over 13 weeks","Best-seller (top 10%)"
JNE3567-KR-XL,JNE3567,Kurta,XL,5,Kurta,336,157,12.08,27.8,"5. Over 13 weeks","Best-seller (top 10%)"
JNE3567-KR-XS,JNE3567,Kurta,XS,1,Kurta,181,27,2.08,87.1,"5. Over 13 weeks",Other
JNE3567-KR-XXL,JNE3567,Kurta,XXL,6,Kurta,295,67,5.15,57.2,"5. Over 13 weeks","Best-seller (top 10%)"
JNE3567-KR-XXXL,JNE3567,Kurta,3XL,7,Kurta,235,27,2.08,113.1,"5. Over 13 weeks",Other
JNE3568-KR-L,JNE3568,Kurta,L,4,Kurta,147,64,4.92,29.9,"5. Over 13 weeks","Best-seller (top 10%)"
JNE3568-KR-M,JNE3568,Kurta,M,3,Kurta,197,67,5.15,38.2,"5. Over 13 weeks","Best-seller (top 10%)"
JNE3568-KR-S,JNE3568,Kurta,S,2,Kurta,155,25,1.92,80.6,"5. Over 13 weeks",Other
JNE3568-KR-XL,JNE3568,Kurta,XL,5,Kurta,94,97,7.46,12.6,"4. 4-13 weeks","Best-seller (top 10%)"
JNE3568-KR-XS,JNE3568,Kurta,XS,1,Kurta,118,6,0.46,255.7,"5. Over 13 weeks",Other
JNE3568-KR-XXL,JNE3568,Kurta,XXL,6,Kurta,29,32,2.46,11.8,"4. 4-13 weeks",Other
JNE3568-KR-XXXL,JNE3568,Kurta,3XL,7,Kurta,28,4,0.31,91.0,"5. Over 13 weeks",Other
JNE3570-KR-XS,JNE3570,Kurta,XS,1,Kurta,3,1,0.08,39.0,"5. Over 13 weeks",Other
JNE3571-KR-L,JNE3571,Kurta,L,4,Kurta,123,6,0.46,266.5,"5. Over 13 weeks",Other
JNE3571-KR-M,JNE3571,Kurta,M,3,Kurta,113,5,0.38,293.8,"5. Over 13 weeks",Other
JNE3571-KR-S,JNE3571,Kurta,S,2,Kurta,30,6,0.46,65.0,"5. Over 13 weeks",Other
JNE3571-KR-XL,JNE3571,Kurta,XL,5,Kurta,63,8,0.62,102.4,"5. Over 13 weeks",Other
JNE3571-KR-XS,JNE3571,Kurta,XS,1,Kurta,13,2,0.15,84.5,"5. Over 13 weeks",Other
JNE3571-KR-XXL,JNE3571,Kurta,XXL,6,Kurta,19,10,0.77,24.7,"5. Over 13 weeks",Other
JNE3571-KR-XXXL,JNE3571,Kurta,3XL,7,Kurta,6,1,0.08,78.0,"5. Over 13 weeks",Other
JNE3573-KR-S,JNE3573,Kurta,S,2,Kurta,5,17,1.31,3.8,"3. 2-4 weeks",Other
JNE3573-KR-XS,JNE3573,Kurta,XS,1,Kurta,2,10,0.77,2.6,"3. 2-4 weeks",Other
JNE3573-KR-XXL,JNE3573,Kurta,XXL,6,Kurta,4,4,0.31,13.0,"5. Over 13 weeks",Other
JNE3573-KR-XXXL,JNE3573,Kurta,3XL,7,Kurta,3,2,0.15,19.5,"5. Over 13 weeks",Other
JNE3574-KR-L,JNE3574,Kurta,L,4,Kurta,2,12,0.92,2.2,"3. 2-4 weeks",Other
JNE3574-KR-S,JNE3574,Kurta,S,2,Kurta,4,4,0.31,13.0,"5. Over 13 weeks",Other
JNE3574-KR-XL,JNE3574,Kurta,XL,5,Kurta,1,3,0.23,4.3,"4. 4-13 weeks",Other
JNE3574-KR-XS,JNE3574,Kurta,XS,1,Kurta,1,4,0.31,3.3,"3. 2-4 weeks",Other
JNE3574-KR-XXL,JNE3574,Kurta,XXL,6,Kurta,1,1,0.08,13.0,"5. Over 13 weeks",Other
JNE3574-KR-XXXL,JNE3574,Kurta,3XL,7,Kurta,2,1,0.08,26.0,"5. Over 13 weeks",Other
JNE3575-KR-L,JNE3575,Kurta,L,4,Kurta,1,5,0.38,2.6,"3. 2-4 weeks",Other
JNE3575-KR-M,JNE3575,Kurta,M,3,Kurta,4,4,0.31,13.0,"5. Over 13 weeks",Other
JNE3575-KR-S,JNE3575,Kurta,S,2,Kurta,28,2,0.15,182.0,"5. Over 13 weeks",Other
JNE3575-KR-XL,JNE3575,Kurta,XL,5,Kurta,3,3,0.23,13.0,"5. Over 13 weeks",Other
JNE3575-KR-XS,JNE3575,Kurta,XS,1,Kurta,21,1,0.08,273.0,"5. Over 13 weeks",Other
JNE3575-KR-XXL,JNE3575,Kurta,XXL,6,Kurta,13,3,0.23,56.3,"5. Over 13 weeks",Other
JNE3575-KR-XXXL,JNE3575,Kurta,3XL,7,Kurta,9,4,0.31,29.3,"5. Over 13 weeks",Other
JNE3576-KR-L,JNE3576,Kurta,L,4,Kurta,56,1,0.08,728.0,"5. Over 13 weeks",Other
JNE3576-KR-M,JNE3576,Kurta,M,3,Kurta,39,2,0.15,253.5,"5. Over 13 weeks",Other
JNE3576-KR-XL,JNE3576,Kurta,XL,5,Kurta,5,1,0.08,65.0,"5. Over 13 weeks",Other
JNE3576-KR-XS,JNE3576,Kurta,XS,1,Kurta,8,4,0.31,26.0,"5. Over 13 weeks",Other
JNE3576-KR-XXL,JNE3576,Kurta,XXL,6,Kurta,6,3,0.23,26.0,"5. Over 13 weeks",Other
JNE3576-KR-XXXL,JNE3576,Kurta,3XL,7,Kurta,3,6,0.46,6.5,"4. 4-13 weeks",Other
JNE3577-KR-L,JNE3577,Kurta,L,4,Kurta,17,2,0.15,110.5,"5. Over 13 weeks",Other
JNE3577-KR-M,JNE3577,Kurta,M,3,Kurta,17,6,0.46,36.8,"5. Over 13 weeks",Other
JNE3577-KR-S,JNE3577,Kurta,S,2,Kurta,14,3,0.23,60.7,"5. Over 13 weeks",Other
JNE3577-KR-XL,JNE3577,Kurta,XL,5,Kurta,17,5,0.38,44.2,"5. Over 13 weeks",Other
JNE3577-KR-XS,JNE3577,Kurta,XS,1,Kurta,26,1,0.08,338.0,"5. Over 13 weeks",Other
JNE3577-KR-XXL,JNE3577,Kurta,XXL,6,Kurta,36,5,0.38,93.6,"5. Over 13 weeks",Other
JNE3577-KR-XXXL,JNE3577,Kurta,3XL,7,Kurta,26,4,0.31,84.5,"5. Over 13 weeks",Other
JNE3578-KR-L,JNE3578,Kurta,L,4,Kurta,5,6,0.46,10.8,"4. 4-13 weeks",Other
JNE3578-KR-M,JNE3578,Kurta,M,3,Kurta,1,7,0.54,1.9,"2. Under 2 weeks",Other
JNE3578-KR-S,JNE3578,Kurta,S,2,Kurta,3,6,0.46,6.5,"4. 4-13 weeks",Other
JNE3578-KR-XL,JNE3578,Kurta,XL,5,Kurta,8,6,0.46,17.3,"5. Over 13 weeks",Other
JNE3578-KR-XS,JNE3578,Kurta,XS,1,Kurta,6,1,0.08,78.0,"5. Over 13 weeks",Other
JNE3578-KR-XXL,JNE3578,Kurta,XXL,6,Kurta,25,2,0.15,162.5,"5. Over 13 weeks",Other
JNE3579-KR-L,JNE3579,Kurta,L,4,Kurta,2,2,0.15,13.0,"5. Over 13 weeks",Other
JNE3579-KR-M,JNE3579,Kurta,M,3,Kurta,6,18,1.38,4.3,"4. 4-13 weeks",Other
JNE3579-KR-S,JNE3579,Kurta,S,2,Kurta,8,12,0.92,8.7,"4. 4-13 weeks",Other
JNE3579-KR-XL,JNE3579,Kurta,XL,5,Kurta,3,8,0.62,4.9,"4. 4-13 weeks",Other
JNE3579-KR-XS,JNE3579,Kurta,XS,1,Kurta,2,3,0.23,8.7,"4. 4-13 weeks",Other
JNE3579-KR-XXL,JNE3579,Kurta,XXL,6,Kurta,3,1,0.08,39.0,"5. Over 13 weeks",Other
JNE3579-KR-XXXL,JNE3579,Kurta,3XL,7,Kurta,4,31,2.38,1.7,"2. Under 2 weeks",Other
JNE3581-KR-L,JNE3581,Kurta,L,4,Kurta,0,4,0.31,0.0,"1. Out of stock",Other
JNE3581-KR-M,JNE3581,Kurta,M,3,Kurta,13,7,0.54,24.1,"5. Over 13 weeks",Other
JNE3581-KR-S,JNE3581,Kurta,S,2,Kurta,48,2,0.15,312.0,"5. Over 13 weeks",Other
JNE3581-KR-XL,JNE3581,Kurta,XL,5,Kurta,23,4,0.31,74.8,"5. Over 13 weeks",Other
JNE3581-KR-XXL,JNE3581,Kurta,XXL,6,Kurta,35,3,0.23,151.7,"5. Over 13 weeks",Other
JNE3601-KR-L,JNE3601,Kurta,L,4,Kurta,70,20,1.54,45.5,"5. Over 13 weeks",Other
JNE3601-KR-M,JNE3601,Kurta,M,3,Kurta,83,19,1.46,56.8,"5. Over 13 weeks",Other
JNE3601-KR-S,JNE3601,Kurta,S,2,Kurta,56,4,0.31,182.0,"5. Over 13 weeks",Other
JNE3601-KR-XL,JNE3601,Kurta,XL,5,Kurta,75,14,1.08,69.6,"5. Over 13 weeks",Other
JNE3601-KR-XS,JNE3601,Kurta,XS,1,Kurta,1,10,0.77,1.3,"2. Under 2 weeks",Other
JNE3601-KR-XXL,JNE3601,Kurta,XXL,6,Kurta,15,11,0.85,17.7,"5. Over 13 weeks",Other
JNE3602-KR-L,JNE3602,Kurta,L,4,Kurta,128,6,0.46,277.3,"5. Over 13 weeks",Other
JNE3602-KR-M,JNE3602,Kurta,M,3,Kurta,93,4,0.31,302.3,"5. Over 13 weeks",Other
JNE3602-KR-S,JNE3602,Kurta,S,2,Kurta,42,3,0.23,182.0,"5. Over 13 weeks",Other
JNE3602-KR-XL,JNE3602,Kurta,XL,5,Kurta,154,6,0.46,333.7,"5. Over 13 weeks",Other
JNE3602-KR-XS,JNE3602,Kurta,XS,1,Kurta,22,1,0.08,286.0,"5. Over 13 weeks",Other
JNE3602-KR-XXL,JNE3602,Kurta,XXL,6,Kurta,76,3,0.23,329.3,"5. Over 13 weeks",Other
JNE3602-KR-XXXL,JNE3602,Kurta,3XL,7,Kurta,78,6,0.46,169.0,"5. Over 13 weeks",Other
JNE3603-KR-L,JNE3603,Kurta,L,4,Kurta,8,21,1.62,5.0,"4. 4-13 weeks",Other
JNE3603-KR-M,JNE3603,Kurta,M,3,Kurta,9,11,0.85,10.6,"4. 4-13 weeks",Other
JNE3603-KR-S,JNE3603,Kurta,S,2,Kurta,20,5,0.38,52.0,"5. Over 13 weeks",Other
JNE3603-KR-XL,JNE3603,Kurta,XL,5,Kurta,5,11,0.85,5.9,"4. 4-13 weeks",Other
JNE3603-KR-XXL,JNE3603,Kurta,XXL,6,Kurta,6,14,1.08,5.6,"4. 4-13 weeks",Other
JNE3605-KR-L,JNE3605,Kurta,L,4,Kurta,3,10,0.77,3.9,"3. 2-4 weeks",Other
JNE3605-KR-M,JNE3605,Kurta,M,3,Kurta,3,8,0.62,4.9,"4. 4-13 weeks",Other
JNE3605-KR-S,JNE3605,Kurta,S,2,Kurta,12,5,0.38,31.2,"5. Over 13 weeks",Other
JNE3605-KR-XL,JNE3605,Kurta,XL,5,Kurta,7,9,0.69,10.1,"4. 4-13 weeks",Other
JNE3605-KR-XS,JNE3605,Kurta,XS,1,Kurta,9,2,0.15,58.5,"5. Over 13 weeks",Other
JNE3605-KR-XXL,JNE3605,Kurta,XXL,6,Kurta,2,12,0.92,2.2,"3. 2-4 weeks",Other
JNE3605-KR-XXXL,JNE3605,Kurta,3XL,7,Kurta,15,12,0.92,16.3,"5. Over 13 weeks",Other
JNE3606-KR-L,JNE3606,Kurta,L,4,Kurta,5,13,1.0,5.0,"4. 4-13 weeks",Other
JNE3606-KR-M,JNE3606,Kurta,M,3,Kurta,2,3,0.23,8.7,"4. 4-13 weeks",Other
JNE3606-KR-S,JNE3606,Kurta,S,2,Kurta,12,11,0.85,14.2,"5. Over 13 weeks",Other
JNE3606-KR-XL,JNE3606,Kurta,XL,5,Kurta,4,5,0.38,10.4,"4. 4-13 weeks",Other
JNE3606-KR-XS,JNE3606,Kurta,XS,1,Kurta,7,2,0.15,45.5,"5. Over 13 weeks",Other
JNE3606-KR-XXL,JNE3606,Kurta,XXL,6,Kurta,15,9,0.69,21.7,"5. Over 13 weeks",Other
JNE3606-KR-XXXL,JNE3606,Kurta,3XL,7,Kurta,4,9,0.69,5.8,"4. 4-13 weeks",Other
JNE3607-KR-L,JNE3607,Kurta,L,4,Kurta,350,13,1.0,350.0,"5. Over 13 weeks",Other
JNE3607-KR-M,JNE3607,Kurta,M,3,Kurta,257,19,1.46,175.8,"5. Over 13 weeks",Other
JNE3607-KR-S,JNE3607,Kurta,S,2,Kurta,72,4,0.31,234.0,"5. Over 13 weeks",Other
JNE3607-KR-XL,JNE3607,Kurta,XL,5,Kurta,317,18,1.38,228.9,"5. Over 13 weeks",Other
JNE3607-KR-XS,JNE3607,Kurta,XS,1,Kurta,244,8,0.62,396.5,"5. Over 13 weeks",Other
JNE3607-KR-XXL,JNE3607,Kurta,XXL,6,Kurta,281,13,1.0,281.0,"5. Over 13 weeks",Other
JNE3607-KR-XXXL,JNE3607,Kurta,3XL,7,Kurta,181,16,1.23,147.1,"5. Over 13 weeks",Other
JNE3608-KR-L,JNE3608,Kurta,L,4,Kurta,9,13,1.0,9.0,"4. 4-13 weeks",Other
JNE3608-KR-M,JNE3608,Kurta,M,3,Kurta,30,11,0.85,35.5,"5. Over 13 weeks",Other
JNE3608-KR-S,JNE3608,Kurta,S,2,Kurta,30,4,0.31,97.5,"5. Over 13 weeks",Other
JNE3608-KR-XL,JNE3608,Kurta,XL,5,Kurta,13,7,0.54,24.1,"5. Over 13 weeks",Other
JNE3608-KR-XS,JNE3608,Kurta,XS,1,Kurta,9,6,0.46,19.5,"5. Over 13 weeks",Other
JNE3608-KR-XXL,JNE3608,Kurta,XXL,6,Kurta,24,8,0.62,39.0,"5. Over 13 weeks",Other
JNE3608-KR-XXXL,JNE3608,Kurta,3XL,7,Kurta,2,1,0.08,26.0,"5. Over 13 weeks",Other
JNE3609-KR-L,JNE3609,Kurta,L,4,Kurta,13,12,0.92,14.1,"5. Over 13 weeks",Other
JNE3609-KR-M,JNE3609,Kurta,M,3,Kurta,34,26,2.0,17.0,"5. Over 13 weeks",Other
JNE3609-KR-S,JNE3609,Kurta,S,2,Kurta,7,8,0.62,11.4,"4. 4-13 weeks",Other
JNE3609-KR-XL,JNE3609,Kurta,XL,5,Kurta,7,14,1.08,6.5,"4. 4-13 weeks",Other
JNE3609-KR-XS,JNE3609,Kurta,XS,1,Kurta,28,9,0.69,40.4,"5. Over 13 weeks",Other
JNE3609-KR-XXL,JNE3609,Kurta,XXL,6,Kurta,10,26,2.0,5.0,"4. 4-13 weeks",Other
JNE3609-KR-XXXL,JNE3609,Kurta,3XL,7,Kurta,10,27,2.08,4.8,"4. 4-13 weeks",Other
JNE3610-KR-L,JNE3610,Kurta,L,4,Kurta,32,2,0.15,208.0,"5. Over 13 weeks",Other
JNE3610-KR-M,JNE3610,Kurta,M,3,Kurta,41,5,0.38,106.6,"5. Over 13 weeks",Other
JNE3610-KR-S,JNE3610,Kurta,S,2,Kurta,50,3,0.23,216.7,"5. Over 13 weeks",Other
JNE3610-KR-XL,JNE3610,Kurta,XL,5,Kurta,40,5,0.38,104.0,"5. Over 13 weeks",Other
JNE3610-KR-XS,JNE3610,Kurta,XS,1,Kurta,20,5,0.38,52.0,"5. Over 13 weeks",Other
JNE3610-KR-XXL,JNE3610,Kurta,XXL,6,Kurta,17,2,0.15,110.5,"5. Over 13 weeks",Other
JNE3610-KR-XXXL,JNE3610,Kurta,3XL,7,Kurta,3,4,0.31,9.8,"4. 4-13 weeks",Other
JNE3611-KR-L,JNE3611,Kurta,L,4,Kurta,267,40,3.08,86.8,"5. Over 13 weeks",Other
JNE3611-KR-M,JNE3611,Kurta,M,3,Kurta,217,29,2.23,97.3,"5. Over 13 weeks",Other
JNE3611-KR-S,JNE3611,Kurta,S,2,Kurta,304,20,1.54,197.6,"5. Over 13 weeks",Other
JNE3611-KR-XL,JNE3611,Kurta,XL,5,Kurta,140,29,2.23,62.8,"5. Over 13 weeks",Other
JNE3611-KR-XS,JNE3611,Kurta,XS,1,Kurta,260,9,0.69,375.6,"5. Over 13 weeks",Other
JNE3611-KR-XXL,JNE3611,Kurta,XXL,6,Kurta,98,41,3.15,31.1,"5. Over 13 weeks",Other
JNE3611-KR-XXXL,JNE3611,Kurta,3XL,7,Kurta,207,46,3.54,58.5,"5. Over 13 weeks",Other
JNE3612-KR-L,JNE3612,Kurta,L,4,Kurta,14,13,1.0,14.0,"5. Over 13 weeks",Other
JNE3612-KR-M,JNE3612,Kurta,M,3,Kurta,45,8,0.62,73.1,"5. Over 13 weeks",Other
JNE3612-KR-S,JNE3612,Kurta,S,2,Kurta,15,8,0.62,24.4,"5. Over 13 weeks",Other
JNE3612-KR-XL,JNE3612,Kurta,XL,5,Kurta,7,14,1.08,6.5,"4. 4-13 weeks",Other
JNE3612-KR-XS,JNE3612,Kurta,XS,1,Kurta,8,1,0.08,104.0,"5. Over 13 weeks",Other
JNE3612-KR-XXL,JNE3612,Kurta,XXL,6,Kurta,19,7,0.54,35.3,"5. Over 13 weeks",Other
JNE3612-KR-XXXL,JNE3612,Kurta,3XL,7,Kurta,2,2,0.15,13.0,"5. Over 13 weeks",Other
JNE3613-KR-L,JNE3613,Kurta,L,4,Kurta,779,97,7.46,104.4,"5. Over 13 weeks","Best-seller (top 10%)"
JNE3613-KR-M,JNE3613,Kurta,M,3,Kurta,485,74,5.69,85.2,"5. Over 13 weeks","Best-seller (top 10%)"
JNE3613-KR-S,JNE3613,Kurta,S,2,Kurta,259,40,3.08,84.2,"5. Over 13 weeks",Other
JNE3613-KR-XL,JNE3613,Kurta,XL,5,Kurta,593,105,8.08,73.4,"5. Over 13 weeks","Best-seller (top 10%)"
JNE3613-KR-XS,JNE3613,Kurta,XS,1,Kurta,192,16,1.23,156.0,"5. Over 13 weeks",Other
JNE3613-KR-XXL,JNE3613,Kurta,XXL,6,Kurta,504,42,3.23,156.0,"5. Over 13 weeks",Other
JNE3613-KR-XXXL,JNE3613,Kurta,3XL,7,Kurta,609,45,3.46,175.9,"5. Over 13 weeks",Other
JNE3614-KR-L,JNE3614,Kurta,L,4,Kurta,57,38,2.92,19.5,"5. Over 13 weeks",Other
JNE3614-KR-M,JNE3614,Kurta,M,3,Kurta,76,33,2.54,29.9,"5. Over 13 weeks",Other
JNE3614-KR-S,JNE3614,Kurta,S,2,Kurta,81,8,0.62,131.6,"5. Over 13 weeks",Other
JNE3614-KR-XL,JNE3614,Kurta,XL,5,Kurta,54,43,3.31,16.3,"5. Over 13 weeks",Other
JNE3614-KR-XS,JNE3614,Kurta,XS,1,Kurta,17,15,1.15,14.7,"5. Over 13 weeks",Other
JNE3614-KR-XXL,JNE3614,Kurta,XXL,6,Kurta,39,27,2.08,18.8,"5. Over 13 weeks",Other
JNE3614-KR-XXXL,JNE3614,Kurta,3XL,7,Kurta,27,39,3.0,9.0,"4. 4-13 weeks",Other
JNE3615-KR-L,JNE3615,Kurta,L,4,Kurta,91,4,0.31,295.8,"5. Over 13 weeks",Other
JNE3615-KR-M,JNE3615,Kurta,M,3,Kurta,57,3,0.23,247.0,"5. Over 13 weeks",Other
JNE3615-KR-S,JNE3615,Kurta,S,2,Kurta,68,5,0.38,176.8,"5. Over 13 weeks",Other
JNE3615-KR-XL,JNE3615,Kurta,XL,5,Kurta,22,6,0.46,47.7,"5. Over 13 weeks",Other
JNE3615-KR-XS,JNE3615,Kurta,XS,1,Kurta,8,4,0.31,26.0,"5. Over 13 weeks",Other
JNE3615-KR-XXL,JNE3615,Kurta,XXL,6,Kurta,13,3,0.23,56.3,"5. Over 13 weeks",Other
JNE3615-KR-XXXL,JNE3615,Kurta,3XL,7,Kurta,0,3,0.23,0.0,"1. Out of stock",Other
JNE3616-KR-L,JNE3616,Kurta,L,4,Kurta,5,3,0.23,21.7,"5. Over 13 weeks",Other
JNE3616-KR-M,JNE3616,Kurta,M,3,Kurta,7,9,0.69,10.1,"4. 4-13 weeks",Other
JNE3616-KR-XL,JNE3616,Kurta,XL,5,Kurta,4,10,0.77,5.2,"4. 4-13 weeks",Other
JNE3616-KR-XS,JNE3616,Kurta,XS,1,Kurta,5,4,0.31,16.3,"5. Over 13 weeks",Other
JNE3616-KR-XXL,JNE3616,Kurta,XXL,6,Kurta,3,3,0.23,13.0,"5. Over 13 weeks",Other
JNE3616-KR-XXXL,JNE3616,Kurta,3XL,7,Kurta,6,4,0.31,19.5,"5. Over 13 weeks",Other
JNE3617-KR-L,JNE3617,Kurta,L,4,Kurta,44,3,0.23,190.7,"5. Over 13 weeks",Other
JNE3617-KR-M,JNE3617,Kurta,M,3,Kurta,47,1,0.08,611.0,"5. Over 13 weeks",Other
JNE3617-KR-S,JNE3617,Kurta,S,2,Kurta,120,6,0.46,260.0,"5. Over 13 weeks",Other
JNE3617-KR-XL,JNE3617,Kurta,XL,5,Kurta,45,6,0.46,97.5,"5. Over 13 weeks",Other
JNE3617-KR-XS,JNE3617,Kurta,XS,1,Kurta,13,3,0.23,56.3,"5. Over 13 weeks",Other
JNE3617-KR-XXL,JNE3617,Kurta,XXL,6,Kurta,91,7,0.54,169.0,"5. Over 13 weeks",Other
JNE3617-KR-XXXL,JNE3617,Kurta,3XL,7,Kurta,3,5,0.38,7.8,"4. 4-13 weeks",Other
JNE3618-KR-L,JNE3618,Kurta,L,4,Kurta,1,93,7.15,0.1,"2. Under 2 weeks","Best-seller (top 10%)"
JNE3618-KR-M,JNE3618,Kurta,M,3,Kurta,9,80,6.15,1.5,"2. Under 2 weeks","Best-seller (top 10%)"
JNE3618-KR-S,JNE3618,Kurta,S,2,Kurta,7,41,3.15,2.2,"3. 2-4 weeks",Other
JNE3618-KR-XL,JNE3618,Kurta,XL,5,Kurta,5,16,1.23,4.1,"4. 4-13 weeks",Other
JNE3618-KR-XS,JNE3618,Kurta,XS,1,Kurta,8,23,1.77,4.5,"4. 4-13 weeks",Other
JNE3618-KR-XXL,JNE3618,Kurta,XXL,6,Kurta,2,88,6.77,0.3,"2. Under 2 weeks","Best-seller (top 10%)"
JNE3618-KR-XXXL,JNE3618,Kurta,3XL,7,Kurta,13,18,1.38,9.4,"4. 4-13 weeks",Other
JNE3619-KR-L,JNE3619,Kurta,L,4,Kurta,10,48,3.69,2.7,"3. 2-4 weeks",Other
JNE3619-KR-M,JNE3619,Kurta,M,3,Kurta,9,57,4.38,2.1,"3. 2-4 weeks",Other
JNE3619-KR-S,JNE3619,Kurta,S,2,Kurta,24,26,2.0,12.0,"4. 4-13 weeks",Other
JNE3619-KR-XL,JNE3619,Kurta,XL,5,Kurta,10,40,3.08,3.3,"3. 2-4 weeks",Other
JNE3619-KR-XS,JNE3619,Kurta,XS,1,Kurta,3,13,1.0,3.0,"3. 2-4 weeks",Other
JNE3619-KR-XXL,JNE3619,Kurta,XXL,6,Kurta,4,50,3.85,1.0,"2. Under 2 weeks",Other
JNE3620-KR-L,JNE3620,Kurta,L,4,Kurta,14,32,2.46,5.7,"4. 4-13 weeks",Other
JNE3620-KR-M,JNE3620,Kurta,M,3,Kurta,23,47,3.62,6.4,"4. 4-13 weeks",Other
JNE3620-KR-S,JNE3620,Kurta,S,2,Kurta,21,14,1.08,19.5,"5. Over 13 weeks",Other
JNE3620-KR-XL,JNE3620,Kurta,XL,5,Kurta,20,29,2.23,9.0,"4. 4-13 weeks",Other
JNE3620-KR-XS,JNE3620,Kurta,XS,1,Kurta,1,13,1.0,1.0,"2. Under 2 weeks",Other
JNE3620-KR-XXL,JNE3620,Kurta,XXL,6,Kurta,2,12,0.92,2.2,"3. 2-4 weeks",Other
JNE3620-KR-XXXL,JNE3620,Kurta,3XL,7,Kurta,2,5,0.38,5.2,"4. 4-13 weeks",Other
JNE3621-KR-A-S,JNE3621,Kurta,S,2,Kurta,,1,0.08,,"No stock record",Other
JNE3621-KR-A-XL,JNE3621,Kurta,XL,5,Kurta,,,,,"No stock record",Other
JNE3621-KR-A-XXL,JNE3621,Kurta,XXL,6,Kurta,,1,0.08,,"No stock record",Other
JNE3621-KR-A-XXXL,JNE3621,Kurta,3XL,7,Kurta,,2,0.15,,"No stock record",Other
JNE3621-KR-L,JNE3621,Kurta,L,4,Kurta,9,6,0.46,19.5,"5. Over 13 weeks",Other
JNE3621-KR-M,JNE3621,Kurta,M,3,Kurta,4,5,0.38,10.4,"4. 4-13 weeks",Other
JNE3621-KR-S,JNE3621,Kurta,S,2,Kurta,8,2,0.15,52.0,"5. Over 13 weeks",Other
JNE3621-KR-XL,JNE3621,Kurta,XL,5,Kurta,5,7,0.54,9.3,"4. 4-13 weeks",Other
JNE3621-KR-XXL,JNE3621,Kurta,XXL,6,Kurta,5,8,0.62,8.1,"4. 4-13 weeks",Other
JNE3622-KR-L,JNE3622,Kurta,L,4,Kurta,5,8,0.62,8.1,"4. 4-13 weeks",Other
JNE3622-KR-M,JNE3622,Kurta,M,3,Kurta,2,2,0.15,13.0,"5. Over 13 weeks",Other
JNE3622-KR-S,JNE3622,Kurta,S,2,Kurta,38,4,0.31,123.5,"5. Over 13 weeks",Other
JNE3622-KR-XL,JNE3622,Kurta,XL,5,Kurta,1,3,0.23,4.3,"4. 4-13 weeks",Other
JNE3622-KR-XS,JNE3622,Kurta,XS,1,Kurta,25,1,0.08,325.0,"5. Over 13 weeks",Other
JNE3622-KR-XXL,JNE3622,Kurta,XXL,6,Kurta,6,7,0.54,11.1,"4. 4-13 weeks",Other
JNE3622-KR-XXXL,JNE3622,Kurta,3XL,7,Kurta,2,1,0.08,26.0,"5. Over 13 weeks",Other
JNE3623-KR-L,JNE3623,Kurta,L,4,Kurta,0,3,0.23,0.0,"1. Out of stock",Other
JNE3623-KR-M,JNE3623,Kurta,M,3,Kurta,2,4,0.31,6.5,"4. 4-13 weeks",Other
JNE3623-KR-S,JNE3623,Kurta,S,2,Kurta,2,1,0.08,26.0,"5. Over 13 weeks",Other
JNE3623-KR-XS,JNE3623,Kurta,XS,1,Kurta,6,4,0.31,19.5,"5. Over 13 weeks",Other
JNE3623-KR-XXXL,JNE3623,Kurta,3XL,7,Kurta,8,5,0.38,20.8,"5. Over 13 weeks",Other
JNE3624-KR-L,JNE3624,Kurta,L,4,Kurta,0,3,0.23,0.0,"1. Out of stock",Other
JNE3624-KR-S,JNE3624,Kurta,S,2,Kurta,3,3,0.23,13.0,"5. Over 13 weeks",Other
JNE3624-KR-XL,JNE3624,Kurta,XL,5,Kurta,1,1,0.08,13.0,"5. Over 13 weeks",Other
JNE3625-DR-L,JNE3625,"Western Dress",L,4,"Western Dress",5,3,0.23,21.7,"5. Over 13 weeks",Other
JNE3625-DR-M,JNE3625,"Western Dress",M,3,"Western Dress",9,3,0.23,39.0,"5. Over 13 weeks",Other
JNE3625-DR-S,JNE3625,"Western Dress",S,2,"Western Dress",32,,,,"No paid units",Other
JNE3625-DR-XL,JNE3625,"Western Dress",XL,5,"Western Dress",8,1,0.08,104.0,"5. Over 13 weeks",Other
JNE3625-DR-XXL,JNE3625,"Western Dress",XXL,6,"Western Dress",21,2,0.15,136.5,"5. Over 13 weeks",Other
JNE3625-DR-XXXL,JNE3625,"Western Dress",3XL,7,"Western Dress",31,5,0.38,80.6,"5. Over 13 weeks",Other
JNE3627-KR-L,JNE3627,Kurta,L,4,Kurta,2,16,1.23,1.6,"2. Under 2 weeks",Other
JNE3627-KR-M,JNE3627,Kurta,M,3,Kurta,4,7,0.54,7.4,"4. 4-13 weeks",Other
JNE3627-KR-S,JNE3627,Kurta,S,2,Kurta,3,3,0.23,13.0,"5. Over 13 weeks",Other
JNE3627-KR-XL,JNE3627,Kurta,XL,5,Kurta,4,11,0.85,4.7,"4. 4-13 weeks",Other
JNE3627-KR-XS,JNE3627,Kurta,XS,1,Kurta,7,3,0.23,30.3,"5. Over 13 weeks",Other
JNE3627-KR-XXXL,JNE3627,Kurta,3XL,7,Kurta,2,1,0.08,26.0,"5. Over 13 weeks",Other
JNE3628-KR-L,JNE3628,Kurta,L,4,Kurta,3,3,0.23,13.0,"5. Over 13 weeks",Other
JNE3628-KR-XL,JNE3628,Kurta,XL,5,Kurta,2,2,0.15,13.0,"5. Over 13 weeks",Other
JNE3628-KR-XS,JNE3628,Kurta,XS,1,Kurta,56,1,0.08,728.0,"5. Over 13 weeks",Other
JNE3628-KR-XXL,JNE3628,Kurta,XXL,6,Kurta,6,1,0.08,78.0,"5. Over 13 weeks",Other
JNE3628-KR-XXXL,JNE3628,Kurta,3XL,7,Kurta,34,9,0.69,49.1,"5. Over 13 weeks",Other
JNE3629-KR-M,JNE3629,Kurta,M,3,Kurta,1,3,0.23,4.3,"4. 4-13 weeks",Other
JNE3629-KR-S,JNE3629,Kurta,S,2,Kurta,10,2,0.15,65.0,"5. Over 13 weeks",Other
JNE3629-KR-XL,JNE3629,Kurta,XL,5,Kurta,2,6,0.46,4.3,"4. 4-13 weeks",Other
JNE3629-KR-XS,JNE3629,Kurta,XS,1,Kurta,21,2,0.15,136.5,"5. Over 13 weeks",Other
JNE3629-KR-XXL,JNE3629,Kurta,XXL,6,Kurta,1,3,0.23,4.3,"4. 4-13 weeks",Other
JNE3629-KR-XXXL,JNE3629,Kurta,3XL,7,Kurta,7,2,0.15,45.5,"5. Over 13 weeks",Other
JNE3630-KR-L,JNE3630,Kurta,L,4,Kurta,11,6,0.46,23.8,"5. Over 13 weeks",Other
JNE3630-KR-M,JNE3630,Kurta,M,3,Kurta,9,3,0.23,39.0,"5. Over 13 weeks",Other
JNE3630-KR-S,JNE3630,Kurta,S,2,Kurta,16,1,0.08,208.0,"5. Over 13 weeks",Other
JNE3630-KR-XL,JNE3630,Kurta,XL,5,Kurta,8,7,0.54,14.9,"5. Over 13 weeks",Other
JNE3630-KR-XS,JNE3630,Kurta,XS,1,Kurta,17,2,0.15,110.5,"5. Over 13 weeks",Other
JNE3630-KR-XXL,JNE3630,Kurta,XXL,6,Kurta,4,6,0.46,8.7,"4. 4-13 weeks",Other
JNE3630-KR-XXXL,JNE3630,Kurta,3XL,7,Kurta,4,6,0.46,8.7,"4. 4-13 weeks",Other
JNE3631-DR-M,JNE3631,"Western Dress",M,3,"Western Dress",2,1,0.08,26.0,"5. Over 13 weeks",Other
JNE3631-DR-XL,JNE3631,"Western Dress",XL,5,"Western Dress",2,1,0.08,26.0,"5. Over 13 weeks",Other
JNE3631-DR-XS,JNE3631,"Western Dress",XS,1,"Western Dress",4,4,0.31,13.0,"5. Over 13 weeks",Other
JNE3633-KR-L,JNE3633,Kurta,L,4,Kurta,52,21,1.62,32.2,"5. Over 13 weeks",Other
JNE3633-KR-M,JNE3633,Kurta,M,3,Kurta,55,21,1.62,34.0,"5. Over 13 weeks",Other
JNE3633-KR-S,JNE3633,Kurta,S,2,Kurta,30,16,1.23,24.4,"5. Over 13 weeks",Other
JNE3633-KR-XL,JNE3633,Kurta,XL,5,Kurta,27,35,2.69,10.0,"4. 4-13 weeks",Other
JNE3633-KR-XS,JNE3633,Kurta,XS,1,Kurta,8,6,0.46,17.3,"5. Over 13 weeks",Other
JNE3633-KR-XXL,JNE3633,Kurta,XXL,6,Kurta,11,14,1.08,10.2,"4. 4-13 weeks",Other
JNE3633-KR-XXXL,JNE3633,Kurta,3XL,7,Kurta,13,18,1.38,9.4,"4. 4-13 weeks",Other
JNE3634-KR-L,JNE3634,Kurta,L,4,Kurta,19,65,5.0,3.8,"3. 2-4 weeks","Best-seller (top 10%)"
JNE3634-KR-M,JNE3634,Kurta,M,3,Kurta,21,59,4.54,4.6,"4. 4-13 weeks","Best-seller (top 10%)"
JNE3634-KR-S,JNE3634,Kurta,S,2,Kurta,54,29,2.23,24.2,"5. Over 13 weeks",Other
JNE3634-KR-XL,JNE3634,Kurta,XL,5,Kurta,9,58,4.46,2.0,"3. 2-4 weeks","Best-seller (top 10%)"
JNE3634-KR-XS,JNE3634,Kurta,XS,1,Kurta,29,24,1.85,15.7,"5. Over 13 weeks",Other
JNE3634-KR-XXL,JNE3634,Kurta,XXL,6,Kurta,103,49,3.77,27.3,"5. Over 13 weeks","Best-seller (top 10%)"
JNE3634-KR-XXXL,JNE3634,Kurta,3XL,7,Kurta,3,62,4.77,0.6,"2. Under 2 weeks","Best-seller (top 10%)"
JNE3635-KR-L,JNE3635,Kurta,L,4,Kurta,105,7,0.54,195.0,"5. Over 13 weeks",Other
JNE3635-KR-M,JNE3635,Kurta,M,3,Kurta,102,6,0.46,221.0,"5. Over 13 weeks",Other
JNE3635-KR-S,JNE3635,Kurta,S,2,Kurta,101,4,0.31,328.3,"5. Over 13 weeks",Other
JNE3635-KR-XL,JNE3635,Kurta,XL,5,Kurta,88,5,0.38,228.8,"5. Over 13 weeks",Other
JNE3635-KR-XS,JNE3635,Kurta,XS,1,Kurta,23,4,0.31,74.8,"5. Over 13 weeks",Other
JNE3635-KR-XXL,JNE3635,Kurta,XXL,6,Kurta,87,10,0.77,113.1,"5. Over 13 weeks",Other
JNE3635-KR-XXXL,JNE3635,Kurta,3XL,7,Kurta,7,6,0.46,15.2,"5. Over 13 weeks",Other
JNE3636-KR-L,JNE3636,Kurta,L,4,Kurta,51,16,1.23,41.4,"5. Over 13 weeks",Other
JNE3636-KR-M,JNE3636,Kurta,M,3,Kurta,62,16,1.23,50.4,"5. Over 13 weeks",Other
JNE3636-KR-S,JNE3636,Kurta,S,2,Kurta,14,10,0.77,18.2,"5. Over 13 weeks",Other
JNE3636-KR-XL,JNE3636,Kurta,XL,5,Kurta,61,24,1.85,33.0,"5. Over 13 weeks",Other
JNE3636-KR-XS,JNE3636,Kurta,XS,1,Kurta,7,5,0.38,18.2,"5. Over 13 weeks",Other
JNE3636-KR-XXL,JNE3636,Kurta,XXL,6,Kurta,74,14,1.08,68.7,"5. Over 13 weeks",Other
JNE3636-KR-XXXL,JNE3636,Kurta,3XL,7,Kurta,8,14,1.08,7.4,"4. 4-13 weeks",Other
JNE3637-KR-L,JNE3637,Kurta,L,4,Kurta,2,11,0.85,2.4,"3. 2-4 weeks",Other
JNE3637-KR-M,JNE3637,Kurta,M,3,Kurta,11,9,0.69,15.9,"5. Over 13 weeks",Other
JNE3637-KR-S,JNE3637,Kurta,S,2,Kurta,53,3,0.23,229.7,"5. Over 13 weeks",Other
JNE3637-KR-XL,JNE3637,Kurta,XL,5,Kurta,1,3,0.23,4.3,"4. 4-13 weeks",Other
JNE3637-KR-XS,JNE3637,Kurta,XS,1,Kurta,27,2,0.15,175.5,"5. Over 13 weeks",Other
JNE3637-KR-XXL,JNE3637,Kurta,XXL,6,Kurta,2,6,0.46,4.3,"4. 4-13 weeks",Other
JNE3637-KR-XXXL,JNE3637,Kurta,3XL,7,Kurta,12,6,0.46,26.0,"5. Over 13 weeks",Other
JNE3638-KR-L,JNE3638,Kurta,L,4,Kurta,58,13,1.0,58.0,"5. Over 13 weeks",Other
JNE3638-KR-M,JNE3638,Kurta,M,3,Kurta,72,13,1.0,72.0,"5. Over 13 weeks",Other
JNE3638-KR-S,JNE3638,Kurta,S,2,Kurta,28,8,0.62,45.5,"5. Over 13 weeks",Other
JNE3638-KR-XL,JNE3638,Kurta,XL,5,Kurta,73,21,1.62,45.2,"5. Over 13 weeks",Other
JNE3638-KR-XS,JNE3638,Kurta,XS,1,Kurta,37,4,0.31,120.3,"5. Over 13 weeks",Other
JNE3638-KR-XXL,JNE3638,Kurta,XXL,6,Kurta,21,18,1.38,15.2,"5. Over 13 weeks",Other
JNE3638-KR-XXXL,JNE3638,Kurta,3XL,7,Kurta,29,13,1.0,29.0,"5. Over 13 weeks",Other
JNE3639-TP-N-L,JNE3639,Top,L,4,Top,,33,2.54,,"No stock record",Other
JNE3639-TP-N-M,JNE3639,Top,M,3,Top,,43,3.31,,"No stock record",Other
JNE3639-TP-N-S,JNE3639,Top,S,2,Top,,12,0.92,,"No stock record",Other
JNE3639-TP-N-XL,JNE3639,Top,XL,5,Top,,20,1.54,,"No stock record",Other
JNE3639-TP-N-XS,JNE3639,Top,XS,1,Top,,14,1.08,,"No stock record",Other
JNE3639-TP-N-XXL,JNE3639,Top,XXL,6,Top,,21,1.62,,"No stock record",Other
JNE3640-TP-N-L,JNE3640,Top,L,4,Top,,34,2.62,,"No stock record",Other
JNE3640-TP-N-M,JNE3640,Top,M,3,Top,,19,1.46,,"No stock record",Other
JNE3640-TP-N-S,JNE3640,Top,S,2,Top,,13,1.0,,"No stock record",Other
JNE3640-TP-N-XL,JNE3640,Top,XL,5,Top,,42,3.23,,"No stock record",Other
JNE3640-TP-N-XS,JNE3640,Top,XS,1,Top,,11,0.85,,"No stock record",Other
JNE3640-TP-N-XXL,JNE3640,Top,XXL,6,Top,,19,1.46,,"No stock record",Other
JNE3641-TP-N-S,JNE3641,Top,S,2,Top,,13,1.0,,"No stock record",Other
JNE3641-TP-N-XS,JNE3641,Top,XS,1,Top,,11,0.85,,"No stock record",Other
JNE3641-TP-N-XXL,JNE3641,Top,XXL,6,Top,,3,0.23,,"No stock record",Other
JNE3642-TP-L,JNE3642,Top,L,4,Top,2,4,0.31,6.5,"4. 4-13 weeks",Other
JNE3642-TP-S,JNE3642,Top,S,2,Top,0,5,0.38,0.0,"1. Out of stock",Other
JNE3642-TP-XL,JNE3642,Top,XL,5,Top,3,4,0.31,9.8,"4. 4-13 weeks",Other
JNE3642-TP-XS,JNE3642,Top,XS,1,Top,3,9,0.69,4.3,"4. 4-13 weeks",Other
JNE3642-TP-XXL,JNE3642,Top,XXL,6,Top,3,11,0.85,3.5,"3. 2-4 weeks",Other
JNE3643-TP-N-L,JNE3643,Top,L,4,Top,,8,0.62,,"No stock record",Other
JNE3643-TP-N-S,JNE3643,Top,S,2,Top,,3,0.23,,"No stock record",Other
JNE3643-TP-N-XL,JNE3643,Top,XL,5,Top,,9,0.69,,"No stock record",Other
JNE3643-TP-N-XS,JNE3643,Top,XS,1,Top,,5,0.38,,"No stock record",Other
JNE3643-TP-N-XXL,JNE3643,Top,XXL,6,Top,,3,0.23,,"No stock record",Other
JNE3644-TP-N-L,JNE3644,Top,L,4,Top,,1,0.08,,"No stock record",Other
JNE3644-TP-N-S,JNE3644,Top,S,2,Top,,6,0.46,,"No stock record",Other
JNE3644-TP-N-XL,JNE3644,Top,XL,5,Top,,7,0.54,,"No stock record",Other
JNE3644-TP-N-XS,JNE3644,Top,XS,1,Top,,2,0.15,,"No stock record",Other
JNE3644-TP-N-XXL,JNE3644,Top,XXL,6,Top,,11,0.85,,"No stock record",Other
JNE3645-TP-N-L,JNE3645,Top,L,4,Top,,65,5.0,,"No stock record","Best-seller (top 10%)"
JNE3645-TP-N-M,JNE3645,Top,M,3,Top,,61,4.69,,"No stock record","Best-seller (top 10%)"
JNE3645-TP-N-S,JNE3645,Top,S,2,Top,,48,3.69,,"No stock record",Other
JNE3645-TP-N-XL,JNE3645,Top,XL,5,Top,,58,4.46,,"No stock record","Best-seller (top 10%)"
JNE3645-TP-N-XS,JNE3645,Top,XS,1,Top,,44,3.38,,"No stock record",Other
JNE3645-TP-N-XXL,JNE3645,Top,XXL,6,Top,,47,3.62,,"No stock record",Other
JNE3647-TP-N-XS,JNE3647,Top,XS,1,Top,,7,0.54,,"No stock record",Other
JNE3647-TP-N-XXL,JNE3647,Top,XXL,6,Top,,1,0.08,,"No stock record",Other
JNE3648-TP-N-L,JNE3648,Top,L,4,Top,,21,1.62,,"No stock record",Other
JNE3648-TP-N-M,JNE3648,Top,M,3,Top,,27,2.08,,"No stock record",Other
JNE3648-TP-N-S,JNE3648,Top,S,2,Top,,21,1.62,,"No stock record",Other
JNE3648-TP-N-XL,JNE3648,Top,XL,5,Top,,11,0.85,,"No stock record",Other
JNE3648-TP-N-XS,JNE3648,Top,XS,1,Top,,13,1.0,,"No stock record",Other
JNE3648-TP-N-XXL,JNE3648,Top,XXL,6,Top,,19,1.46,,"No stock record",Other
JNE3649-TP-N-XS,JNE3649,Top,XS,1,Top,,2,0.15,,"No stock record",Other
JNE3649-TP-N-XXL,JNE3649,Top,XXL,6,Top,,1,0.08,,"No stock record",Other
JNE3651-TP-N-L,JNE3651,Top,L,4,Top,,13,1.0,,"No stock record",Other
JNE3651-TP-N-M,JNE3651,Top,M,3,Top,,23,1.77,,"No stock record",Other
JNE3651-TP-N-S,JNE3651,Top,S,2,Top,,6,0.46,,"No stock record",Other
JNE3651-TP-N-XL,JNE3651,Top,XL,5,Top,,14,1.08,,"No stock record",Other
JNE3651-TP-N-XS,JNE3651,Top,XS,1,Top,,3,0.23,,"No stock record",Other
JNE3651-TP-N-XXL,JNE3651,Top,XXL,6,Top,,6,0.46,,"No stock record",Other
JNE3652-TP-N-L,JNE3652,Top,L,4,Top,,21,1.62,,"No stock record",Other
JNE3652-TP-N-M,JNE3652,Top,M,3,Top,,19,1.46,,"No stock record",Other
JNE3652-TP-N-S,JNE3652,Top,S,2,Top,,12,0.92,,"No stock record",Other
JNE3652-TP-N-XL,JNE3652,Top,XL,5,Top,,15,1.15,,"No stock record",Other
JNE3652-TP-N-XS,JNE3652,Top,XS,1,Top,,7,0.54,,"No stock record",Other
JNE3652-TP-N-XXL,JNE3652,Top,XXL,6,Top,,17,1.31,,"No stock record",Other
JNE3653-TP-N-XL,JNE3653,Top,XL,5,Top,,6,0.46,,"No stock record",Other
JNE3653-TP-N-XXL,JNE3653,Top,XXL,6,Top,,4,0.31,,"No stock record",Other
JNE3654-TP-L,JNE3654,Top,L,4,Top,7,65,5.0,1.4,"2. Under 2 weeks","Best-seller (top 10%)"
JNE3654-TP-M,JNE3654,Top,M,3,Top,4,80,6.15,0.6,"2. Under 2 weeks","Best-seller (top 10%)"
JNE3654-TP-S,JNE3654,Top,S,2,Top,2,5,0.38,5.2,"4. 4-13 weeks",Other
JNE3654-TP-XL,JNE3654,Top,XL,5,Top,11,51,3.92,2.8,"3. 2-4 weeks",Other
JNE3654-TP-XS,JNE3654,Top,XS,1,Top,3,7,0.54,5.6,"4. 4-13 weeks",Other
JNE3654-TP-XXL,JNE3654,Top,XXL,6,Top,4,19,1.46,2.7,"3. 2-4 weeks",Other
JNE3655-TP-L,JNE3655,Top,L,4,Top,27,5,0.38,70.2,"5. Over 13 weeks",Other
JNE3655-TP-M,JNE3655,Top,M,3,Top,1,9,0.69,1.4,"2. Under 2 weeks",Other
JNE3655-TP-S,JNE3655,Top,S,2,Top,12,1,0.08,156.0,"5. Over 13 weeks",Other
JNE3655-TP-XL,JNE3655,Top,XL,5,Top,33,7,0.54,61.3,"5. Over 13 weeks",Other
JNE3655-TP-XS,JNE3655,Top,XS,1,Top,8,1,0.08,104.0,"5. Over 13 weeks",Other
JNE3655-TP-XXL,JNE3655,Top,XXL,6,Top,35,4,0.31,113.8,"5. Over 13 weeks",Other
JNE3656-TP-N-L,JNE3656,Top,L,4,Top,,5,0.38,,"No stock record",Other
JNE3656-TP-N-M,JNE3656,Top,M,3,Top,,9,0.69,,"No stock record",Other
JNE3656-TP-N-S,JNE3656,Top,S,2,Top,,3,0.23,,"No stock record",Other
JNE3656-TP-N-XL,JNE3656,Top,XL,5,Top,,4,0.31,,"No stock record",Other
JNE3656-TP-N-XXL,JNE3656,Top,XXL,6,Top,,,,,"No stock record",Other
JNE3657-TP-XS,JNE3657,Top,XS,1,Top,3,3,0.23,13.0,"5. Over 13 weeks",Other
JNE3657-TP-XXL,JNE3657,Top,XXL,6,Top,2,2,0.15,13.0,"5. Over 13 weeks",Other
JNE3658-TP-L,JNE3658,Top,L,4,Top,6,6,0.46,13.0,"5. Over 13 weeks",Other
JNE3658-TP-M,JNE3658,Top,M,3,Top,3,9,0.69,4.3,"4. 4-13 weeks",Other
JNE3658-TP-S,JNE3658,Top,S,2,Top,5,6,0.46,10.8,"4. 4-13 weeks",Other
JNE3658-TP-XL,JNE3658,Top,XL,5,Top,21,5,0.38,54.6,"5. Over 13 weeks",Other
JNE3658-TP-XS,JNE3658,Top,XS,1,Top,2,5,0.38,5.2,"4. 4-13 weeks",Other
JNE3658-TP-XXL,JNE3658,Top,XXL,6,Top,4,6,0.46,8.7,"4. 4-13 weeks",Other
JNE3659-TP-N-L,JNE3659,Top,L,4,Top,,48,3.69,,"No stock record","Best-seller (top 10%)"
JNE3659-TP-N-M,JNE3659,Top,M,3,Top,,37,2.85,,"No stock record",Other
JNE3659-TP-N-S,JNE3659,Top,S,2,Top,,4,0.31,,"No stock record",Other
JNE3659-TP-N-XL,JNE3659,Top,XL,5,Top,,48,3.69,,"No stock record",Other
JNE3659-TP-N-XS,JNE3659,Top,XS,1,Top,,16,1.23,,"No stock record",Other
JNE3659-TP-N-XXL,JNE3659,Top,XXL,6,Top,,45,3.46,,"No stock record",Other
JNE3660-TP-N-L,JNE3660,Top,L,4,Top,,19,1.46,,"No stock record",Other
JNE3660-TP-N-M,JNE3660,Top,M,3,Top,,7,0.54,,"No stock record",Other
JNE3660-TP-N-S,JNE3660,Top,S,2,Top,,13,1.0,,"No stock record",Other
JNE3660-TP-N-XS,JNE3660,Top,XS,1,Top,,7,0.54,,"No stock record",Other
JNE3660-TP-N-XXL,JNE3660,Top,XXL,6,Top,,13,1.0,,"No stock record",Other
JNE3661-TP-XL,JNE3661,Top,XL,5,Top,5,6,0.46,10.8,"4. 4-13 weeks",Other
JNE3661-TP-XS,JNE3661,Top,XS,1,Top,2,2,0.15,13.0,"5. Over 13 weeks",Other
JNE3661-TP-XXL,JNE3661,Top,XXL,6,Top,5,4,0.31,16.3,"5. Over 13 weeks",Other
JNE3662-TP-M,JNE3662,Top,M,3,Top,2,,,,"No paid units",Other
JNE3662-TP-S,JNE3662,Top,S,2,Top,4,9,0.69,5.8,"4. 4-13 weeks",Other
JNE3662-TP-XS,JNE3662,Top,XS,1,Top,6,8,0.62,9.8,"4. 4-13 weeks",Other
JNE3662-TP-XXL,JNE3662,Top,XXL,6,Top,4,3,0.23,17.3,"5. Over 13 weeks",Other
JNE3663-TP-L,JNE3663,Top,L,4,Top,2,1,0.08,26.0,"5. Over 13 weeks",Other
JNE3663-TP-M,JNE3663,Top,M,3,Top,3,,,,"No paid units",Other
JNE3663-TP-S,JNE3663,Top,S,2,Top,1,1,0.08,13.0,"5. Over 13 weeks",Other
JNE3665-TP-L,JNE3665,Top,L,4,Top,43,10,0.77,55.9,"5. Over 13 weeks",Other
JNE3665-TP-M,JNE3665,Top,M,3,Top,39,13,1.0,39.0,"5. Over 13 weeks",Other
JNE3665-TP-S,JNE3665,Top,S,2,Top,1,7,0.54,1.9,"2. Under 2 weeks",Other
JNE3665-TP-XL,JNE3665,Top,XL,5,Top,5,14,1.08,4.6,"4. 4-13 weeks",Other
JNE3665-TP-XS,JNE3665,Top,XS,1,Top,8,9,0.69,11.6,"4. 4-13 weeks",Other
JNE3665-TP-XXL,JNE3665,Top,XXL,6,Top,5,3,0.23,21.7,"5. Over 13 weeks",Other
JNE3666-TP-L,JNE3666,Top,L,4,Top,2,3,0.23,8.7,"4. 4-13 weeks",Other
JNE3666-TP-M,JNE3666,Top,M,3,Top,2,3,0.23,8.7,"4. 4-13 weeks",Other
JNE3666-TP-S,JNE3666,Top,S,2,Top,3,2,0.15,19.5,"5. Over 13 weeks",Other
JNE3666-TP-XL,JNE3666,Top,XL,5,Top,5,4,0.31,16.3,"5. Over 13 weeks",Other
JNE3666-TP-XS,JNE3666,Top,XS,1,Top,0,3,0.23,0.0,"1. Out of stock",Other
JNE3666-TP-XXL,JNE3666,Top,XXL,6,Top,17,3,0.23,73.7,"5. Over 13 weeks",Other
JNE3667-TP-L,JNE3667,Top,L,4,Top,3,2,0.15,19.5,"5. Over 13 weeks",Other
JNE3667-TP-M,JNE3667,Top,M,3,Top,4,4,0.31,13.0,"5. Over 13 weeks",Other
JNE3667-TP-S,JNE3667,Top,S,2,Top,6,1,0.08,78.0,"5. Over 13 weeks",Other
JNE3667-TP-XL,JNE3667,Top,XL,5,Top,7,2,0.15,45.5,"5. Over 13 weeks",Other
JNE3667-TP-XS,JNE3667,Top,XS,1,Top,5,1,0.08,65.0,"5. Over 13 weeks",Other
JNE3667-TP-XXL,JNE3667,Top,XXL,6,Top,4,3,0.23,17.3,"5. Over 13 weeks",Other
JNE3668-TP-N-L,JNE3668,Top,L,4,Top,,2,0.15,,"No stock record",Other
JNE3668-TP-N-M,JNE3668,Top,M,3,Top,,3,0.23,,"No stock record",Other
JNE3668-TP-N-S,JNE3668,Top,S,2,Top,,5,0.38,,"No stock record",Other
JNE3668-TP-N-XL,JNE3668,Top,XL,5,Top,,4,0.31,,"No stock record",Other
JNE3668-TP-N-XXL,JNE3668,Top,XXL,6,Top,,2,0.15,,"No stock record",Other
JNE3669-TU-S,JNE3669,Top,S,2,Top,3,7,0.54,5.6,"4. 4-13 weeks",Other
JNE3669-TU-XL,JNE3669,Top,XL,5,Top,3,1,0.08,39.0,"5. Over 13 weeks",Other
JNE3669-TU-XXL,JNE3669,Top,XXL,6,Top,3,12,0.92,3.3,"3. 2-4 weeks",Other
JNE3669-TU-XXXL,JNE3669,Top,3XL,7,Top,3,3,0.23,13.0,"5. Over 13 weeks",Other
JNE3670-TU-L,JNE3670,Top,L,4,Top,3,7,0.54,5.6,"4. 4-13 weeks",Other
JNE3670-TU-M,JNE3670,Top,M,3,Top,2,4,0.31,6.5,"4. 4-13 weeks",Other
JNE3670-TU-S,JNE3670,Top,S,2,Top,3,7,0.54,5.6,"4. 4-13 weeks",Other
JNE3670-TU-XL,JNE3670,Top,XL,5,Top,4,4,0.31,13.0,"5. Over 13 weeks",Other
JNE3670-TU-XS,JNE3670,Top,XS,1,Top,5,15,1.15,4.3,"4. 4-13 weeks",Other
JNE3670-TU-XXL,JNE3670,Top,XXL,6,Top,2,7,0.54,3.7,"3. 2-4 weeks",Other
JNE3670-TU-XXXL,JNE3670,Top,3XL,7,Top,2,6,0.46,4.3,"4. 4-13 weeks",Other
JNE3671-TU-L,JNE3671,Top,L,4,Top,3,12,0.92,3.3,"3. 2-4 weeks",Other
JNE3671-TU-M,JNE3671,Top,M,3,Top,7,5,0.38,18.2,"5. Over 13 weeks",Other
JNE3671-TU-S,JNE3671,Top,S,2,Top,8,14,1.08,7.4,"4. 4-13 weeks",Other
JNE3671-TU-XL,JNE3671,Top,XL,5,Top,14,7,0.54,26.0,"5. Over 13 weeks",Other
JNE3671-TU-XS,JNE3671,Top,XS,1,Top,4,11,0.85,4.7,"4. 4-13 weeks",Other
JNE3671-TU-XXL,JNE3671,Top,XXL,6,Top,3,15,1.15,2.6,"3. 2-4 weeks",Other
JNE3671-TU-XXXL,JNE3671,Top,3XL,7,Top,6,15,1.15,5.2,"4. 4-13 weeks",Other
JNE3672-TU-L,JNE3672,Top,L,4,Top,2,4,0.31,6.5,"4. 4-13 weeks",Other
JNE3672-TU-M,JNE3672,Top,M,3,Top,1,6,0.46,2.2,"3. 2-4 weeks",Other
JNE3672-TU-S,JNE3672,Top,S,2,Top,3,2,0.15,19.5,"5. Over 13 weeks",Other
JNE3672-TU-XL,JNE3672,Top,XL,5,Top,0,4,0.31,0.0,"1. Out of stock",Other
JNE3672-TU-XS,JNE3672,Top,XS,1,Top,10,1,0.08,130.0,"5. Over 13 weeks",Other
JNE3672-TU-XXL,JNE3672,Top,XXL,6,Top,3,2,0.15,19.5,"5. Over 13 weeks",Other
JNE3672-TU-XXXL,JNE3672,Top,3XL,7,Top,3,8,0.62,4.9,"4. 4-13 weeks",Other
JNE3673-TU-L,JNE3673,Top,L,4,Top,1,5,0.38,2.6,"3. 2-4 weeks",Other
JNE3673-TU-M,JNE3673,Top,M,3,Top,6,5,0.38,15.6,"5. Over 13 weeks",Other
JNE3673-TU-S,JNE3673,Top,S,2,Top,3,3,0.23,13.0,"5. Over 13 weeks",Other
JNE3673-TU-XL,JNE3673,Top,XL,5,Top,3,3,0.23,13.0,"5. Over 13 weeks",Other
JNE3673-TU-XS,JNE3673,Top,XS,1,Top,11,3,0.23,47.7,"5. Over 13 weeks",Other
JNE3673-TU-XXXL,JNE3673,Top,3XL,7,Top,2,2,0.15,13.0,"5. Over 13 weeks",Other
JNE3674-TU-L,JNE3674,Top,L,4,Top,29,20,1.54,18.8,"5. Over 13 weeks",Other
JNE3674-TU-M,JNE3674,Top,M,3,Top,130,9,0.69,187.8,"5. Over 13 weeks",Other
JNE3674-TU-S,JNE3674,Top,S,2,Top,12,6,0.46,26.0,"5. Over 13 weeks",Other
JNE3674-TU-XL,JNE3674,Top,XL,5,Top,63,10,0.77,81.9,"5. Over 13 weeks",Other
JNE3674-TU-XS,JNE3674,Top,XS,1,Top,9,3,0.23,39.0,"5. Over 13 weeks",Other
JNE3674-TU-XXL,JNE3674,Top,XXL,6,Top,38,16,1.23,30.9,"5. Over 13 weeks",Other
JNE3674-TU-XXXL,JNE3674,Top,3XL,7,Top,32,11,0.85,37.8,"5. Over 13 weeks",Other
JNE3675-TU-L,JNE3675,Top,L,4,Top,37,21,1.62,22.9,"5. Over 13 weeks",Other
JNE3675-TU-M,JNE3675,Top,M,3,Top,16,15,1.15,13.9,"5. Over 13 weeks",Other
JNE3675-TU-S,JNE3675,Top,S,2,Top,30,10,0.77,39.0,"5. Over 13 weeks",Other
JNE3675-TU-XL,JNE3675,Top,XL,5,Top,23,8,0.62,37.4,"5. Over 13 weeks",Other
JNE3675-TU-XS,JNE3675,Top,XS,1,Top,20,4,0.31,65.0,"5. Over 13 weeks",Other
JNE3675-TU-XXL,JNE3675,Top,XXL,6,Top,17,15,1.15,14.7,"5. Over 13 weeks",Other
JNE3675-TU-XXXL,JNE3675,Top,3XL,7,Top,35,11,0.85,41.4,"5. Over 13 weeks",Other
JNE3676-TU-L,JNE3676,Top,L,4,Top,79,6,0.46,171.2,"5. Over 13 weeks",Other
JNE3676-TU-M,JNE3676,Top,M,3,Top,4,2,0.15,26.0,"5. Over 13 weeks",Other
JNE3676-TU-S,JNE3676,Top,S,2,Top,42,3,0.23,182.0,"5. Over 13 weeks",Other
JNE3676-TU-XL,JNE3676,Top,XL,5,Top,43,3,0.23,186.3,"5. Over 13 weeks",Other
JNE3676-TU-XS,JNE3676,Top,XS,1,Top,10,3,0.23,43.3,"5. Over 13 weeks",Other
JNE3676-TU-XXL,JNE3676,Top,XXL,6,Top,4,3,0.23,17.3,"5. Over 13 weeks",Other
JNE3676-TU-XXXL,JNE3676,Top,3XL,7,Top,1,2,0.15,6.5,"4. 4-13 weeks",Other
JNE3678-TU-M,JNE3678,Top,M,3,Top,2,2,0.15,13.0,"5. Over 13 weeks",Other
JNE3678-TU-S,JNE3678,Top,S,2,Top,7,1,0.08,91.0,"5. Over 13 weeks",Other
JNE3678-TU-XL,JNE3678,Top,XL,5,Top,4,5,0.38,10.4,"4. 4-13 weeks",Other
JNE3678-TU-XS,JNE3678,Top,XS,1,Top,7,1,0.08,91.0,"5. Over 13 weeks",Other
JNE3678-TU-XXL,JNE3678,Top,XXL,6,Top,3,1,0.08,39.0,"5. Over 13 weeks",Other
JNE3678-TU-XXXL,JNE3678,Top,3XL,7,Top,3,3,0.23,13.0,"5. Over 13 weeks",Other
JNE3679-TU-L,JNE3679,Top,L,4,Top,3,8,0.62,4.9,"4. 4-13 weeks",Other
JNE3679-TU-M,JNE3679,Top,M,3,Top,1,1,0.08,13.0,"5. Over 13 weeks",Other
JNE3679-TU-S,JNE3679,Top,S,2,Top,2,2,0.15,13.0,"5. Over 13 weeks",Other
JNE3680-TU-A-L,JNE3680,Top,L,4,Top,,5,0.38,,"No stock record",Other
JNE3680-TU-M,JNE3680,Top,M,3,Top,106,13,1.0,106.0,"5. Over 13 weeks",Other
JNE3680-TU-S,JNE3680,Top,S,2,Top,73,6,0.46,158.2,"5. Over 13 weeks",Other
JNE3680-TU-XL,JNE3680,Top,XL,5,Top,145,7,0.54,269.3,"5. Over 13 weeks",Other
JNE3680-TU-XS,JNE3680,Top,XS,1,Top,51,4,0.31,165.8,"5. Over 13 weeks",Other
JNE3680-TU-XXL,JNE3680,Top,XXL,6,Top,78,17,1.31,59.6,"5. Over 13 weeks",Other
JNE3680-TU-XXXL,JNE3680,Top,3XL,7,Top,9,11,0.85,10.6,"4. 4-13 weeks",Other
JNE3683-TU-S,JNE3683,Top,S,2,Top,1,2,0.15,6.5,"4. 4-13 weeks",Other
JNE3683-TU-XL,JNE3683,Top,XL,5,Top,1,1,0.08,13.0,"5. Over 13 weeks",Other
JNE3683-TU-XS,JNE3683,Top,XS,1,Top,7,3,0.23,30.3,"5. Over 13 weeks",Other
JNE3684-TU-L,JNE3684,Top,L,4,Top,2,5,0.38,5.2,"4. 4-13 weeks",Other
JNE3684-TU-M,JNE3684,Top,M,3,Top,3,2,0.15,19.5,"5. Over 13 weeks",Other
JNE3684-TU-S,JNE3684,Top,S,2,Top,5,4,0.31,16.3,"5. Over 13 weeks",Other
JNE3684-TU-XL,JNE3684,Top,XL,5,Top,2,2,0.15,13.0,"5. Over 13 weeks",Other
JNE3684-TU-XS,JNE3684,Top,XS,1,Top,9,7,0.54,16.7,"5. Over 13 weeks",Other
JNE3684-TU-XXXL,JNE3684,Top,3XL,7,Top,1,3,0.23,4.3,"4. 4-13 weeks",Other
JNE3686-TU-L,JNE3686,Top,L,4,Top,3,4,0.31,9.8,"4. 4-13 weeks",Other
JNE3686-TU-M,JNE3686,Top,M,3,Top,2,4,0.31,6.5,"4. 4-13 weeks",Other
JNE3686-TU-S,JNE3686,Top,S,2,Top,3,1,0.08,39.0,"5. Over 13 weeks",Other
JNE3686-TU-XL,JNE3686,Top,XL,5,Top,2,9,0.69,2.9,"3. 2-4 weeks",Other
JNE3686-TU-XS,JNE3686,Top,XS,1,Top,1,7,0.54,1.9,"2. Under 2 weeks",Other
JNE3686-TU-XXL,JNE3686,Top,XXL,6,Top,5,6,0.46,10.8,"4. 4-13 weeks",Other
JNE3686-TU-XXXL,JNE3686,Top,3XL,7,Top,2,4,0.31,6.5,"4. 4-13 weeks",Other
JNE3687-TU-L,JNE3687,Top,L,4,Top,37,8,0.62,60.1,"5. Over 13 weeks",Other
JNE3687-TU-M,JNE3687,Top,M,3,Top,41,4,0.31,133.3,"5. Over 13 weeks",Other
JNE3687-TU-S,JNE3687,Top,S,2,Top,35,2,0.15,227.5,"5. Over 13 weeks",Other
JNE3687-TU-XL,JNE3687,Top,XL,5,Top,9,7,0.54,16.7,"5. Over 13 weeks",Other
JNE3687-TU-XS,JNE3687,Top,XS,1,Top,19,2,0.15,123.5,"5. Over 13 weeks",Other
JNE3687-TU-XXL,JNE3687,Top,XXL,6,Top,11,4,0.31,35.8,"5. Over 13 weeks",Other
JNE3687-TU-XXXL,JNE3687,Top,3XL,7,Top,22,1,0.08,286.0,"5. Over 13 weeks",Other
JNE3688-TU-L,JNE3688,Top,L,4,Top,38,5,0.38,98.8,"5. Over 13 weeks",Other
JNE3688-TU-M,JNE3688,Top,M,3,Top,49,3,0.23,212.3,"5. Over 13 weeks",Other
JNE3688-TU-S,JNE3688,Top,S,2,Top,57,1,0.08,741.0,"5. Over 13 weeks",Other
JNE3688-TU-XL,JNE3688,Top,XL,5,Top,39,8,0.62,63.4,"5. Over 13 weeks",Other
JNE3688-TU-XS,JNE3688,Top,XS,1,Top,2,7,0.54,3.7,"3. 2-4 weeks",Other
JNE3688-TU-XXL,JNE3688,Top,XXL,6,Top,22,6,0.46,47.7,"5. Over 13 weeks",Other
JNE3688-TU-XXXL,JNE3688,Top,3XL,7,Top,22,2,0.15,143.0,"5. Over 13 weeks",Other
JNE3689-TU-L,JNE3689,Top,L,4,Top,0,16,1.23,0.0,"1. Out of stock",Other
JNE3689-TU-M,JNE3689,Top,M,3,Top,3,17,1.31,2.3,"3. 2-4 weeks",Other
JNE3689-TU-S,JNE3689,Top,S,2,Top,3,11,0.85,3.5,"3. 2-4 weeks",Other
JNE3689-TU-XL,JNE3689,Top,XL,5,Top,17,12,0.92,18.4,"5. Over 13 weeks",Other
JNE3689-TU-XS,JNE3689,Top,XS,1,Top,3,7,0.54,5.6,"4. 4-13 weeks",Other
JNE3689-TU-XXL,JNE3689,Top,XXL,6,Top,12,13,1.0,12.0,"4. 4-13 weeks",Other
JNE3689-TU-XXXL,JNE3689,Top,3XL,7,Top,15,10,0.77,19.5,"5. Over 13 weeks",Other
JNE3690-TU-L,JNE3690,Top,L,4,Top,38,28,2.15,17.6,"5. Over 13 weeks",Other
JNE3690-TU-M,JNE3690,Top,M,3,Top,51,39,3.0,17.0,"5. Over 13 weeks",Other
JNE3690-TU-S,JNE3690,Top,S,2,Top,144,29,2.23,64.6,"5. Over 13 weeks",Other
JNE3690-TU-XL,JNE3690,Top,XL,5,Top,38,39,3.0,12.7,"4. 4-13 weeks",Other
JNE3690-TU-XS,JNE3690,Top,XS,1,Top,105,17,1.31,80.3,"5. Over 13 weeks",Other
JNE3690-TU-XXL,JNE3690,Top,XXL,6,Top,11,21,1.62,6.8,"4. 4-13 weeks",Other
JNE3690-TU-XXXL,JNE3690,Top,3XL,7,Top,6,23,1.77,3.4,"3. 2-4 weeks",Other
JNE3691-TU-L,JNE3691,Top,L,4,Top,9,30,2.31,3.9,"3. 2-4 weeks",Other
JNE3691-TU-M,JNE3691,Top,M,3,Top,7,29,2.23,3.1,"3. 2-4 weeks",Other
JNE3691-TU-S,JNE3691,Top,S,2,Top,6,22,1.69,3.5,"3. 2-4 weeks",Other
JNE3691-TU-XL,JNE3691,Top,XL,5,Top,3,32,2.46,1.2,"2. Under 2 weeks",Other
JNE3691-TU-XS,JNE3691,Top,XS,1,Top,11,9,0.69,15.9,"5. Over 13 weeks",Other
JNE3691-TU-XXL,JNE3691,Top,XXL,6,Top,6,14,1.08,5.6,"4. 4-13 weeks",Other
JNE3691-TU-XXXL,JNE3691,Top,3XL,7,Top,12,11,0.85,14.2,"5. Over 13 weeks",Other
JNE3693-KR-M,JNE3693,Kurta,M,3,Kurta,2,5,0.38,5.2,"4. 4-13 weeks",Other
JNE3693-KR-S,JNE3693,Kurta,S,2,Kurta,2,3,0.23,8.7,"4. 4-13 weeks",Other
JNE3693-KR-XXL,JNE3693,Kurta,XXL,6,Kurta,2,4,0.31,6.5,"4. 4-13 weeks",Other
JNE3694-KR-L,JNE3694,Kurta,L,4,Kurta,1,1,0.08,13.0,"5. Over 13 weeks",Other
JNE3694-KR-M,JNE3694,Kurta,M,3,Kurta,7,3,0.23,30.3,"5. Over 13 weeks",Other
JNE3694-KR-S,JNE3694,Kurta,S,2,Kurta,6,1,0.08,78.0,"5. Over 13 weeks",Other
JNE3694-KR-XL,JNE3694,Kurta,XL,5,Kurta,4,2,0.15,26.0,"5. Over 13 weeks",Other
JNE3694-KR-XXL,JNE3694,Kurta,XXL,6,Kurta,6,2,0.15,39.0,"5. Over 13 weeks",Other
JNE3695-KR-M,JNE3695,Kurta,M,3,Kurta,5,6,0.46,10.8,"4. 4-13 weeks",Other
JNE3695-KR-S,JNE3695,Kurta,S,2,Kurta,6,2,0.15,39.0,"5. Over 13 weeks",Other
JNE3695-KR-XL,JNE3695,Kurta,XL,5,Kurta,3,2,0.15,19.5,"5. Over 13 weeks",Other
JNE3697-KR-L,JNE3697,Kurta,L,4,Kurta,40,69,5.31,7.5,"4. 4-13 weeks","Best-seller (top 10%)"
JNE3697-KR-M,JNE3697,Kurta,M,3,Kurta,81,42,3.23,25.1,"5. Over 13 weeks",Other
JNE3697-KR-S,JNE3697,Kurta,S,2,Kurta,18,41,3.15,5.7,"4. 4-13 weeks",Other
JNE3697-KR-XL,JNE3697,Kurta,XL,5,Kurta,69,67,5.15,13.4,"5. Over 13 weeks","Best-seller (top 10%)"
JNE3697-KR-XXL,JNE3697,Kurta,XXL,6,Kurta,81,64,4.92,16.5,"5. Over 13 weeks","Best-seller (top 10%)"
JNE3698-KR-L,JNE3698,Kurta,L,4,Kurta,2,6,0.46,4.3,"4. 4-13 weeks",Other
JNE3698-KR-M,JNE3698,Kurta,M,3,Kurta,3,4,0.31,9.8,"4. 4-13 weeks",Other
JNE3698-KR-S,JNE3698,Kurta,S,2,Kurta,38,8,0.62,61.8,"5. Over 13 weeks",Other
JNE3698-KR-XL,JNE3698,Kurta,XL,5,Kurta,6,8,0.62,9.8,"4. 4-13 weeks",Other
JNE3698-KR-XXL,JNE3698,Kurta,XXL,6,Kurta,16,29,2.23,7.2,"4. 4-13 weeks",Other
JNE3700-KR-L,JNE3700,Kurta,L,4,Kurta,12,1,0.08,156.0,"5. Over 13 weeks",Other
JNE3700-KR-M,JNE3700,Kurta,M,3,Kurta,26,1,0.08,338.0,"5. Over 13 weeks",Other
JNE3700-KR-S,JNE3700,Kurta,S,2,Kurta,20,3,0.23,86.7,"5. Over 13 weeks",Other
JNE3700-KR-XS,JNE3700,Kurta,XS,1,Kurta,0,1,0.08,0.0,"1. Out of stock",Other
JNE3700-KR-XXL,JNE3700,Kurta,XXL,6,Kurta,32,2,0.15,208.0,"5. Over 13 weeks",Other
JNE3700-KR-XXXL,JNE3700,Kurta,3XL,7,Kurta,0,1,0.08,0.0,"1. Out of stock",Other
JNE3701-KR-L,JNE3701,Kurta,L,4,Kurta,111,10,0.77,144.3,"5. Over 13 weeks",Other
JNE3701-KR-M,JNE3701,Kurta,M,3,Kurta,129,6,0.46,279.5,"5. Over 13 weeks",Other
JNE3701-KR-S,JNE3701,Kurta,S,2,Kurta,123,3,0.23,533.0,"5. Over 13 weeks",Other
JNE3701-KR-XL,JNE3701,Kurta,XL,5,Kurta,80,13,1.0,80.0,"5. Over 13 weeks",Other
JNE3701-KR-XS,JNE3701,Kurta,XS,1,Kurta,43,4,0.31,139.8,"5. Over 13 weeks",Other
JNE3701-KR-XXL,JNE3701,Kurta,XXL,6,Kurta,88,4,0.31,286.0,"5. Over 13 weeks",Other
JNE3701-KR-XXXL,JNE3701,Kurta,3XL,7,Kurta,9,9,0.69,13.0,"5. Over 13 weeks",Other
JNE3702-KR-L,JNE3702,Kurta,L,4,Kurta,29,15,1.15,25.1,"5. Over 13 weeks",Other
JNE3702-KR-M,JNE3702,Kurta,M,3,Kurta,36,7,0.54,66.9,"5. Over 13 weeks",Other
JNE3702-KR-S,JNE3702,Kurta,S,2,Kurta,57,8,0.62,92.6,"5. Over 13 weeks",Other
JNE3702-KR-XL,JNE3702,Kurta,XL,5,Kurta,29,12,0.92,31.4,"5. Over 13 weeks",Other
JNE3702-KR-XS,JNE3702,Kurta,XS,1,Kurta,66,7,0.54,122.6,"5. Over 13 weeks",Other
JNE3702-KR-XXL,JNE3702,Kurta,XXL,6,Kurta,51,12,0.92,55.3,"5. Over 13 weeks",Other
JNE3702-KR-XXXL,JNE3702,Kurta,3XL,7,Kurta,9,15,1.15,7.8,"4. 4-13 weeks",Other
JNE3703-KR-L,JNE3703,Kurta,L,4,Kurta,3,63,4.85,0.6,"2. Under 2 weeks",Other
JNE3703-KR-M,JNE3703,Kurta,M,3,Kurta,5,68,5.23,1.0,"2. Under 2 weeks",Other
JNE3703-KR-S,JNE3703,Kurta,S,2,Kurta,14,71,5.46,2.6,"3. 2-4 weeks",Other
JNE3703-KR-XL,JNE3703,Kurta,XL,5,Kurta,6,42,3.23,1.9,"2. Under 2 weeks",Other
JNE3703-KR-XS,JNE3703,Kurta,XS,1,Kurta,4,11,0.85,4.7,"4. 4-13 weeks",Other
JNE3703-KR-XXL,JNE3703,Kurta,XXL,6,Kurta,5,39,3.0,1.7,"2. Under 2 weeks",Other
JNE3703-KR-XXXL,JNE3703,Kurta,3XL,7,Kurta,3,1,0.08,39.0,"5. Over 13 weeks",Other
JNE3704-KR-L,JNE3704,Kurta,L,4,Kurta,19,10,0.77,24.7,"5. Over 13 weeks",Other
JNE3704-KR-M,JNE3704,Kurta,M,3,Kurta,19,8,0.62,30.9,"5. Over 13 weeks",Other
JNE3704-KR-S,JNE3704,Kurta,S,2,Kurta,4,6,0.46,8.7,"4. 4-13 weeks",Other
JNE3704-KR-XL,JNE3704,Kurta,XL,5,Kurta,17,5,0.38,44.2,"5. Over 13 weeks",Other
JNE3704-KR-XS,JNE3704,Kurta,XS,1,Kurta,19,6,0.46,41.2,"5. Over 13 weeks",Other
JNE3704-KR-XXL,JNE3704,Kurta,XXL,6,Kurta,10,3,0.23,43.3,"5. Over 13 weeks",Other
JNE3704-KR-XXXL,JNE3704,Kurta,3XL,7,Kurta,2,8,0.62,3.3,"3. 2-4 weeks",Other
JNE3706-DR-L,JNE3706,"Western Dress",L,4,"Western Dress",3,33,2.54,1.2,"2. Under 2 weeks",Other
JNE3706-DR-M,JNE3706,"Western Dress",M,3,"Western Dress",3,17,1.31,2.3,"3. 2-4 weeks",Other
JNE3706-DR-S,JNE3706,"Western Dress",S,2,"Western Dress",24,8,0.62,39.0,"5. Over 13 weeks",Other
JNE3706-DR-XL,JNE3706,"Western Dress",XL,5,"Western Dress",5,14,1.08,4.6,"4. 4-13 weeks",Other
JNE3706-DR-XS,JNE3706,"Western Dress",XS,1,"Western Dress",38,9,0.69,54.9,"5. Over 13 weeks",Other
JNE3706-DR-XXL,JNE3706,"Western Dress",XXL,6,"Western Dress",3,16,1.23,2.4,"3. 2-4 weeks",Other
JNE3706-DR-XXXL,JNE3706,"Western Dress",3XL,7,"Western Dress",2,14,1.08,1.9,"2. Under 2 weeks",Other
JNE3707-DR-L,JNE3707,"Western Dress",L,4,"Western Dress",9,16,1.23,7.3,"4. 4-13 weeks",Other
JNE3707-DR-M,JNE3707,"Western Dress",M,3,"Western Dress",5,12,0.92,5.4,"4. 4-13 weeks",Other
JNE3707-DR-S,JNE3707,"Western Dress",S,2,"Western Dress",27,7,0.54,50.1,"5. Over 13 weeks",Other
JNE3707-DR-XL,JNE3707,"Western Dress",XL,5,"Western Dress",19,11,0.85,22.5,"5. Over 13 weeks",Other
JNE3707-DR-XS,JNE3707,"Western Dress",XS,1,"Western Dress",40,4,0.31,130.0,"5. Over 13 weeks",Other
JNE3707-DR-XXL,JNE3707,"Western Dress",XXL,6,"Western Dress",19,14,1.08,17.6,"5. Over 13 weeks",Other
JNE3707-DR-XXXL,JNE3707,"Western Dress",3XL,7,"Western Dress",5,10,0.77,6.5,"4. 4-13 weeks",Other
JNE3708-TU-L,JNE3708,Top,L,4,Top,72,4,0.31,234.0,"5. Over 13 weeks",Other
JNE3708-TU-M,JNE3708,Top,M,3,Top,96,3,0.23,416.0,"5. Over 13 weeks",Other
JNE3708-TU-S,JNE3708,Top,S,2,Top,27,7,0.54,50.1,"5. Over 13 weeks",Other
JNE3708-TU-XL,JNE3708,Top,XL,5,Top,45,10,0.77,58.5,"5. Over 13 weeks",Other
JNE3708-TU-XS,JNE3708,Top,XS,1,Top,24,10,0.77,31.2,"5. Over 13 weeks",Other
JNE3708-TU-XXL,JNE3708,Top,XXL,6,Top,11,12,0.92,11.9,"4. 4-13 weeks",Other
JNE3708-TU-XXXL,JNE3708,Top,3XL,7,Top,27,8,0.62,43.9,"5. Over 13 weeks",Other
JNE3709-DR-L,JNE3709,"Western Dress",L,4,"Western Dress",2,7,0.54,3.7,"3. 2-4 weeks",Other
JNE3709-DR-M,JNE3709,"Western Dress",M,3,"Western Dress",1,8,0.62,1.6,"2. Under 2 weeks",Other
JNE3709-DR-S,JNE3709,"Western Dress",S,2,"Western Dress",3,23,1.77,1.7,"2. Under 2 weeks",Other
JNE3709-DR-XL,JNE3709,"Western Dress",XL,5,"Western Dress",3,7,0.54,5.6,"4. 4-13 weeks",Other
JNE3709-DR-XS,JNE3709,"Western Dress",XS,1,"Western Dress",2,8,0.62,3.3,"3. 2-4 weeks",Other
JNE3709-DR-XXL,JNE3709,"Western Dress",XXL,6,"Western Dress",2,10,0.77,2.6,"3. 2-4 weeks",Other
JNE3709-DR-XXXL,JNE3709,"Western Dress",3XL,7,"Western Dress",3,9,0.69,4.3,"4. 4-13 weeks",Other
JNE3710-DR-L,JNE3710,"Western Dress",L,4,"Western Dress",2,51,3.92,0.5,"2. Under 2 weeks","Best-seller (top 10%)"
JNE3710-DR-M,JNE3710,"Western Dress",M,3,"Western Dress",4,30,2.31,1.7,"2. Under 2 weeks",Other
JNE3710-DR-S,JNE3710,"Western Dress",S,2,"Western Dress",5,32,2.46,2.0,"3. 2-4 weeks",Other
JNE3710-DR-XL,JNE3710,"Western Dress",XL,5,"Western Dress",2,35,2.69,0.7,"2. Under 2 weeks","Best-seller (top 10%)"
JNE3710-DR-XS,JNE3710,"Western Dress",XS,1,"Western Dress",4,21,1.62,2.5,"3. 2-4 weeks",Other
JNE3710-DR-XXL,JNE3710,"Western Dress",XXL,6,"Western Dress",5,30,2.31,2.2,"3. 2-4 weeks",Other
JNE3710-DR-XXXL,JNE3710,"Western Dress",3XL,7,"Western Dress",2,47,3.62,0.6,"2. Under 2 weeks","Best-seller (top 10%)"
JNE3712-TP-N-L,JNE3712,Top,L,4,Top,,7,0.54,,"No stock record",Other
JNE3712-TP-N-M,JNE3712,Top,M,3,Top,,16,1.23,,"No stock record",Other
JNE3712-TP-N-S,JNE3712,Top,S,2,Top,,11,0.85,,"No stock record",Other
JNE3712-TP-N-XL,JNE3712,Top,XL,5,Top,,13,1.0,,"No stock record",Other
JNE3712-TP-N-XS,JNE3712,Top,XS,1,Top,,3,0.23,,"No stock record",Other
JNE3712-TP-N-XXL,JNE3712,Top,XXL,6,Top,,8,0.62,,"No stock record",Other
JNE3713-TP-N-S,JNE3713,Top,S,2,Top,,2,0.15,,"No stock record",Other
JNE3713-TP-N-XL,JNE3713,Top,XL,5,Top,,7,0.54,,"No stock record",Other
JNE3713-TP-N-XS,JNE3713,Top,XS,1,Top,,18,1.38,,"No stock record",Other
JNE3713-TP-N-XXL,JNE3713,Top,XXL,6,Top,,14,1.08,,"No stock record",Other
JNE3714-KR-L,JNE3714,Kurta,L,4,Kurta,14,23,1.77,7.9,"4. 4-13 weeks",Other
JNE3714-KR-M,JNE3714,Kurta,M,3,Kurta,53,19,1.46,36.3,"5. Over 13 weeks",Other
JNE3714-KR-S,JNE3714,Kurta,S,2,Kurta,10,10,0.77,13.0,"5. Over 13 weeks",Other
JNE3714-KR-XL,JNE3714,Kurta,XL,5,Kurta,14,17,1.31,10.7,"4. 4-13 weeks",Other
JNE3714-KR-XS,JNE3714,Kurta,XS,1,Kurta,26,9,0.69,37.6,"5. Over 13 weeks",Other
JNE3714-KR-XXL,JNE3714,Kurta,XXL,6,Kurta,6,12,0.92,6.5,"4. 4-13 weeks",Other
JNE3714-KR-XXXL,JNE3714,Kurta,3XL,7,Kurta,9,27,2.08,4.3,"4. 4-13 weeks",Other
JNE3715-KR-L,JNE3715,Kurta,L,4,Kurta,16,5,0.38,41.6,"5. Over 13 weeks",Other
JNE3715-KR-M,JNE3715,Kurta,M,3,Kurta,63,3,0.23,273.0,"5. Over 13 weeks",Other
JNE3715-KR-S,JNE3715,Kurta,S,2,Kurta,99,5,0.38,257.4,"5. Over 13 weeks",Other
JNE3715-KR-XL,JNE3715,Kurta,XL,5,Kurta,24,8,0.62,39.0,"5. Over 13 weeks",Other
JNE3715-KR-XS,JNE3715,Kurta,XS,1,Kurta,16,1,0.08,208.0,"5. Over 13 weeks",Other
JNE3715-KR-XXL,JNE3715,Kurta,XXL,6,Kurta,25,13,1.0,25.0,"5. Over 13 weeks",Other
JNE3715-KR-XXXL,JNE3715,Kurta,3XL,7,Kurta,2,3,0.23,8.7,"4. 4-13 weeks",Other
JNE3716-KR-L,JNE3716,Kurta,L,4,Kurta,104,29,2.23,46.6,"5. Over 13 weeks",Other
JNE3716-KR-M,JNE3716,Kurta,M,3,Kurta,109,19,1.46,74.6,"5. Over 13 weeks",Other
JNE3716-KR-S,JNE3716,Kurta,S,2,Kurta,99,12,0.92,107.3,"5. Over 13 weeks",Other
JNE3716-KR-XL,JNE3716,Kurta,XL,5,Kurta,144,20,1.54,93.6,"5. Over 13 weeks",Other
JNE3716-KR-XS,JNE3716,Kurta,XS,1,Kurta,17,4,0.31,55.3,"5. Over 13 weeks",Other
JNE3716-KR-XXL,JNE3716,Kurta,XXL,6,Kurta,138,30,2.31,59.8,"5. Over 13 weeks",Other
JNE3716-KR-XXXL,JNE3716,Kurta,3XL,7,Kurta,129,19,1.46,88.3,"5. Over 13 weeks",Other
JNE3717-KR-L,JNE3717,Kurta,L,4,Kurta,41,2,0.15,266.5,"5. Over 13 weeks",Other
JNE3717-KR-M,JNE3717,Kurta,M,3,Kurta,74,3,0.23,320.7,"5. Over 13 weeks",Other
JNE3717-KR-S,JNE3717,Kurta,S,2,Kurta,69,1,0.08,897.0,"5. Over 13 weeks",Other
JNE3717-KR-XL,JNE3717,Kurta,XL,5,Kurta,7,2,0.15,45.5,"5. Over 13 weeks",Other
JNE3717-KR-XXL,JNE3717,Kurta,XXL,6,Kurta,25,3,0.23,108.3,"5. Over 13 weeks",Other
JNE3718-KR-L,JNE3718,Kurta,L,4,Kurta,104,54,4.15,25.0,"5. Over 13 weeks",Other
JNE3718-KR-M,JNE3718,Kurta,M,3,Kurta,216,42,3.23,66.9,"5. Over 13 weeks",Other
JNE3718-KR-S,JNE3718,Kurta,S,2,Kurta,205,35,2.69,76.1,"5. Over 13 weeks",Other
JNE3718-KR-XL,JNE3718,Kurta,XL,5,Kurta,197,44,3.38,58.2,"5. Over 13 weeks",Other
JNE3718-KR-XS,JNE3718,Kurta,XS,1,Kurta,101,19,1.46,69.1,"5. Over 13 weeks",Other
JNE3718-KR-XXL,JNE3718,Kurta,XXL,6,Kurta,132,36,2.77,47.7,"5. Over 13 weeks",Other
JNE3718-KR-XXXL,JNE3718,Kurta,3XL,7,Kurta,154,75,5.77,26.7,"5. Over 13 weeks","Best-seller (top 10%)"
JNE3719-KR-L,JNE3719,Kurta,L,4,Kurta,56,4,0.31,182.0,"5. Over 13 weeks",Other
JNE3719-KR-M,JNE3719,Kurta,M,3,Kurta,5,2,0.15,32.5,"5. Over 13 weeks",Other
JNE3719-KR-S,JNE3719,Kurta,S,2,Kurta,24,1,0.08,312.0,"5. Over 13 weeks",Other
JNE3719-KR-XL,JNE3719,Kurta,XL,5,Kurta,89,1,0.08,1157.0,"5. Over 13 weeks",Other
JNE3719-KR-XS,JNE3719,Kurta,XS,1,Kurta,4,1,0.08,52.0,"5. Over 13 weeks",Other
JNE3719-KR-XXL,JNE3719,Kurta,XXL,6,Kurta,38,4,0.31,123.5,"5. Over 13 weeks",Other
JNE3720-KR-L,JNE3720,Kurta,L,4,Kurta,312,9,0.69,450.7,"5. Over 13 weeks",Other
JNE3720-KR-M,JNE3720,Kurta,M,3,Kurta,326,8,0.62,529.8,"5. Over 13 weeks",Other
JNE3720-KR-S,JNE3720,Kurta,S,2,Kurta,197,6,0.46,426.8,"5. Over 13 weeks",Other
JNE3720-KR-XL,JNE3720,Kurta,XL,5,Kurta,255,20,1.54,165.8,"5. Over 13 weeks",Other
JNE3720-KR-XS,JNE3720,Kurta,XS,1,Kurta,182,10,0.77,236.6,"5. Over 13 weeks",Other
JNE3720-KR-XXL,JNE3720,Kurta,XXL,6,Kurta,133,7,0.54,247.0,"5. Over 13 weeks",Other
JNE3720-KR-XXXL,JNE3720,Kurta,3XL,7,Kurta,78,16,1.23,63.4,"5. Over 13 weeks",Other
JNE3721-KR-L,JNE3721,Kurta,L,4,Kurta,4,117,9.0,0.4,"2. Under 2 weeks","Best-seller (top 10%)"
JNE3721-KR-M,JNE3721,Kurta,M,3,Kurta,6,114,8.77,0.7,"2. Under 2 weeks","Best-seller (top 10%)"
JNE3721-KR-S,JNE3721,Kurta,S,2,Kurta,4,62,4.77,0.8,"2. Under 2 weeks",Other
JNE3721-KR-XL,JNE3721,Kurta,XL,5,Kurta,2,124,9.54,0.2,"2. Under 2 weeks","Best-seller (top 10%)"
JNE3721-KR-XS,JNE3721,Kurta,XS,1,Kurta,3,52,4.0,0.8,"2. Under 2 weeks",Other
JNE3721-KR-XXL,JNE3721,Kurta,XXL,6,Kurta,7,83,6.38,1.1,"2. Under 2 weeks","Best-seller (top 10%)"
JNE3721-KR-XXXL,JNE3721,Kurta,3XL,7,Kurta,3,4,0.31,9.8,"4. 4-13 weeks",Other
JNE3722-KR-L,JNE3722,Kurta,L,4,Kurta,4,20,1.54,2.6,"3. 2-4 weeks",Other
JNE3722-KR-M,JNE3722,Kurta,M,3,Kurta,5,10,0.77,6.5,"4. 4-13 weeks",Other
JNE3722-KR-S,JNE3722,Kurta,S,2,Kurta,4,14,1.08,3.7,"3. 2-4 weeks",Other
JNE3722-KR-XL,JNE3722,Kurta,XL,5,Kurta,2,26,2.0,1.0,"2. Under 2 weeks",Other
JNE3722-KR-XS,JNE3722,Kurta,XS,1,Kurta,0,1,0.08,0.0,"1. Out of stock",Other
JNE3722-KR-XXL,JNE3722,Kurta,XXL,6,Kurta,6,19,1.46,4.1,"4. 4-13 weeks",Other
JNE3724-KR-L,JNE3724,Kurta,L,4,Kurta,8,24,1.85,4.3,"4. 4-13 weeks",Other
JNE3724-KR-M,JNE3724,Kurta,M,3,Kurta,4,16,1.23,3.3,"3. 2-4 weeks",Other
JNE3724-KR-S,JNE3724,Kurta,S,2,Kurta,0,9,0.69,0.0,"1. Out of stock",Other
JNE3724-KR-XL,JNE3724,Kurta,XL,5,Kurta,10,17,1.31,7.6,"4. 4-13 weeks",Other
JNE3724-KR-XS,JNE3724,Kurta,XS,1,Kurta,2,2,0.15,13.0,"5. Over 13 weeks",Other
JNE3724-KR-XXL,JNE3724,Kurta,XXL,6,Kurta,3,7,0.54,5.6,"4. 4-13 weeks",Other
JNE3725-KR-L,JNE3725,Kurta,L,4,Kurta,3,3,0.23,13.0,"5. Over 13 weeks",Other
JNE3725-KR-M,JNE3725,Kurta,M,3,Kurta,5,1,0.08,65.0,"5. Over 13 weeks",Other
JNE3725-KR-S,JNE3725,Kurta,S,2,Kurta,2,3,0.23,8.7,"4. 4-13 weeks",Other
JNE3725-KR-XL,JNE3725,Kurta,XL,5,Kurta,3,3,0.23,13.0,"5. Over 13 weeks",Other
JNE3725-KR-XXL,JNE3725,Kurta,XXL,6,Kurta,9,5,0.38,23.4,"5. Over 13 weeks",Other
JNE3726-KR-L,JNE3726,Kurta,L,4,Kurta,4,4,0.31,13.0,"5. Over 13 weeks",Other
JNE3726-KR-M,JNE3726,Kurta,M,3,Kurta,5,5,0.38,13.0,"5. Over 13 weeks",Other
JNE3726-KR-S,JNE3726,Kurta,S,2,Kurta,21,4,0.31,68.3,"5. Over 13 weeks",Other
JNE3726-KR-XL,JNE3726,Kurta,XL,5,Kurta,5,4,0.31,16.3,"5. Over 13 weeks",Other
JNE3726-KR-XS,JNE3726,Kurta,XS,1,Kurta,9,1,0.08,117.0,"5. Over 13 weeks",Other
JNE3726-KR-XXL,JNE3726,Kurta,XXL,6,Kurta,6,4,0.31,19.5,"5. Over 13 weeks",Other
JNE3726-KR-XXXL,JNE3726,Kurta,3XL,7,Kurta,2,8,0.62,3.3,"3. 2-4 weeks",Other
JNE3727-KR-L,JNE3727,Kurta,L,4,Kurta,12,8,0.62,19.5,"5. Over 13 weeks",Other
JNE3727-KR-M,JNE3727,Kurta,M,3,Kurta,22,5,0.38,57.2,"5. Over 13 weeks",Other
JNE3727-KR-S,JNE3727,Kurta,S,2,Kurta,31,2,0.15,201.5,"5. Over 13 weeks",Other
JNE3727-KR-XL,JNE3727,Kurta,XL,5,Kurta,29,1,0.08,377.0,"5. Over 13 weeks",Other
JNE3727-KR-XS,JNE3727,Kurta,XS,1,Kurta,57,2,0.15,370.5,"5. Over 13 weeks",Other
JNE3727-KR-XXL,JNE3727,Kurta,XXL,6,Kurta,32,5,0.38,83.2,"5. Over 13 weeks",Other
JNE3727-KR-XXXL,JNE3727,Kurta,3XL,7,Kurta,36,5,0.38,93.6,"5. Over 13 weeks",Other
JNE3728-KR-L,JNE3728,Kurta,L,4,Kurta,2,5,0.38,5.2,"4. 4-13 weeks",Other
JNE3728-KR-M,JNE3728,Kurta,M,3,Kurta,5,2,0.15,32.5,"5. Over 13 weeks",Other
JNE3728-KR-S,JNE3728,Kurta,S,2,Kurta,16,9,0.69,23.1,"5. Over 13 weeks",Other
JNE3728-KR-XL,JNE3728,Kurta,XL,5,Kurta,3,6,0.46,6.5,"4. 4-13 weeks",Other
JNE3728-KR-XXL,JNE3728,Kurta,XXL,6,Kurta,3,3,0.23,13.0,"5. Over 13 weeks",Other
JNE3729-KR-S,JNE3729,Kurta,S,2,Kurta,3,2,0.15,19.5,"5. Over 13 weeks",Other
JNE3729-KR-XL,JNE3729,Kurta,XL,5,Kurta,3,4,0.31,9.8,"4. 4-13 weeks",Other
JNE3729-KR-XS,JNE3729,Kurta,XS,1,Kurta,8,2,0.15,52.0,"5. Over 13 weeks",Other
JNE3729-KR-XXL,JNE3729,Kurta,XXL,6,Kurta,8,4,0.31,26.0,"5. Over 13 weeks",Other
JNE3729-KR-XXXL,JNE3729,Kurta,3XL,7,Kurta,3,2,0.15,19.5,"5. Over 13 weeks",Other
JNE3730-KR-L,JNE3730,Kurta,L,4,Kurta,11,7,0.54,20.4,"5. Over 13 weeks",Other
JNE3730-KR-M,JNE3730,Kurta,M,3,Kurta,15,11,0.85,17.7,"5. Over 13 weeks",Other
JNE3730-KR-S,JNE3730,Kurta,S,2,Kurta,73,12,0.92,79.1,"5. Over 13 weeks",Other
JNE3730-KR-XL,JNE3730,Kurta,XL,5,Kurta,9,19,1.46,6.2,"4. 4-13 weeks",Other
JNE3730-KR-XS,JNE3730,Kurta,XS,1,Kurta,11,4,0.31,35.8,"5. Over 13 weeks",Other
JNE3730-KR-XXL,JNE3730,Kurta,XXL,6,Kurta,10,11,0.85,11.8,"4. 4-13 weeks",Other
JNE3732-KR-L,JNE3732,Kurta,L,4,Kurta,13,8,0.62,21.1,"5. Over 13 weeks",Other
JNE3732-KR-M,JNE3732,Kurta,M,3,Kurta,15,4,0.31,48.8,"5. Over 13 weeks",Other
JNE3732-KR-S,JNE3732,Kurta,S,2,Kurta,35,1,0.08,455.0,"5. Over 13 weeks",Other
JNE3732-KR-XL,JNE3732,Kurta,XL,5,Kurta,14,7,0.54,26.0,"5. Over 13 weeks",Other
JNE3732-KR-XS,JNE3732,Kurta,XS,1,Kurta,65,3,0.23,281.7,"5. Over 13 weeks",Other
JNE3732-KR-XXL,JNE3732,Kurta,XXL,6,Kurta,26,10,0.77,33.8,"5. Over 13 weeks",Other
JNE3732-KR-XXXL,JNE3732,Kurta,3XL,7,Kurta,42,10,0.77,54.6,"5. Over 13 weeks",Other
JNE3733-KR-L,JNE3733,Kurta,L,4,Kurta,3,6,0.46,6.5,"4. 4-13 weeks",Other
JNE3733-KR-M,JNE3733,Kurta,M,3,Kurta,3,3,0.23,13.0,"5. Over 13 weeks",Other
JNE3733-KR-S,JNE3733,Kurta,S,2,Kurta,3,4,0.31,9.8,"4. 4-13 weeks",Other
JNE3733-KR-XL,JNE3733,Kurta,XL,5,Kurta,3,3,0.23,13.0,"5. Over 13 weeks",Other
JNE3733-KR-XS,JNE3733,Kurta,XS,1,Kurta,28,3,0.23,121.3,"5. Over 13 weeks",Other
JNE3733-KR-XXL,JNE3733,Kurta,XXL,6,Kurta,6,7,0.54,11.1,"4. 4-13 weeks",Other
JNE3733-KR-XXXL,JNE3733,Kurta,3XL,7,Kurta,2,5,0.38,5.2,"4. 4-13 weeks",Other
JNE3734-KR-L,JNE3734,Kurta,L,4,Kurta,11,9,0.69,15.9,"5. Over 13 weeks",Other
JNE3734-KR-M,JNE3734,Kurta,M,3,Kurta,17,2,0.15,110.5,"5. Over 13 weeks",Other
JNE3734-KR-S,JNE3734,Kurta,S,2,Kurta,52,5,0.38,135.2,"5. Over 13 weeks",Other
JNE3734-KR-XL,JNE3734,Kurta,XL,5,Kurta,7,5,0.38,18.2,"5. Over 13 weeks",Other
JNE3734-KR-XS,JNE3734,Kurta,XS,1,Kurta,62,2,0.15,403.0,"5. Over 13 weeks",Other
JNE3734-KR-XXL,JNE3734,Kurta,XXL,6,Kurta,11,7,0.54,20.4,"5. Over 13 weeks",Other
JNE3734-KR-XXXL,JNE3734,Kurta,3XL,7,Kurta,18,10,0.77,23.4,"5. Over 13 weeks",Other
JNE3735-KR-L,JNE3735,Kurta,L,4,Kurta,6,16,1.23,4.9,"4. 4-13 weeks",Other
JNE3735-KR-M,JNE3735,Kurta,M,3,Kurta,11,11,0.85,13.0,"5. Over 13 weeks",Other
JNE3735-KR-S,JNE3735,Kurta,S,2,Kurta,29,13,1.0,29.0,"5. Over 13 weeks",Other
JNE3735-KR-XL,JNE3735,Kurta,XL,5,Kurta,3,11,0.85,3.5,"3. 2-4 weeks",Other
JNE3735-KR-XS,JNE3735,Kurta,XS,1,Kurta,65,6,0.46,140.8,"5. Over 13 weeks",Other
JNE3735-KR-XXL,JNE3735,Kurta,XXL,6,Kurta,3,7,0.54,5.6,"4. 4-13 weeks",Other
JNE3735-KR-XXXL,JNE3735,Kurta,3XL,7,Kurta,8,24,1.85,4.3,"4. 4-13 weeks",Other
JNE3736-KR-L,JNE3736,Kurta,L,4,Kurta,11,2,0.15,71.5,"5. Over 13 weeks",Other
JNE3736-KR-M,JNE3736,Kurta,M,3,Kurta,11,4,0.31,35.8,"5. Over 13 weeks",Other
JNE3736-KR-XL,JNE3736,Kurta,XL,5,Kurta,21,3,0.23,91.0,"5. Over 13 weeks",Other
JNE3736-KR-XS,JNE3736,Kurta,XS,1,Kurta,10,1,0.08,130.0,"5. Over 13 weeks",Other
JNE3736-KR-XXL,JNE3736,Kurta,XXL,6,Kurta,4,3,0.23,17.3,"5. Over 13 weeks",Other
JNE3736-KR-XXXL,JNE3736,Kurta,3XL,7,Kurta,6,6,0.46,13.0,"5. Over 13 weeks",Other
JNE3738-KR-L,JNE3738,Kurta,L,4,Kurta,35,30,2.31,15.2,"5. Over 13 weeks",Other
JNE3738-KR-M,JNE3738,Kurta,M,3,Kurta,59,12,0.92,63.9,"5. Over 13 weeks",Other
JNE3738-KR-S,JNE3738,Kurta,S,2,Kurta,101,8,0.62,164.1,"5. Over 13 weeks",Other
JNE3738-KR-XL,JNE3738,Kurta,XL,5,Kurta,40,17,1.31,30.6,"5. Over 13 weeks",Other
JNE3738-KR-XS,JNE3738,Kurta,XS,1,Kurta,10,5,0.38,26.0,"5. Over 13 weeks",Other
JNE3738-KR-XXL,JNE3738,Kurta,XXL,6,Kurta,5,29,2.23,2.2,"3. 2-4 weeks",Other
JNE3738-KR-XXXL,JNE3738,Kurta,3XL,7,Kurta,4,9,0.69,5.8,"4. 4-13 weeks",Other
JNE3739-KR-L,JNE3739,Kurta,L,4,Kurta,15,83,6.38,2.3,"3. 2-4 weeks","Best-seller (top 10%)"
JNE3739-KR-M,JNE3739,Kurta,M,3,Kurta,95,19,1.46,65.0,"5. Over 13 weeks",Other
JNE3739-KR-S,JNE3739,Kurta,S,2,Kurta,71,17,1.31,54.3,"5. Over 13 weeks",Other
JNE3739-KR-XL,JNE3739,Kurta,XL,5,Kurta,21,69,5.31,4.0,"3. 2-4 weeks","Best-seller (top 10%)"
JNE3739-KR-XS,JNE3739,Kurta,XS,1,Kurta,60,12,0.92,65.0,"5. Over 13 weeks",Other
JNE3739-KR-XXL,JNE3739,Kurta,XXL,6,Kurta,9,49,3.77,2.4,"3. 2-4 weeks",Other
JNE3739-KR-XXXL,JNE3739,Kurta,3XL,7,Kurta,14,43,3.31,4.2,"4. 4-13 weeks",Other
JNE3740-KR-L,JNE3740,Kurta,L,4,Kurta,8,3,0.23,34.7,"5. Over 13 weeks",Other
JNE3740-KR-M,JNE3740,Kurta,M,3,Kurta,41,3,0.23,177.7,"5. Over 13 weeks",Other
JNE3740-KR-S,JNE3740,Kurta,S,2,Kurta,72,2,0.15,468.0,"5. Over 13 weeks",Other
JNE3740-KR-XS,JNE3740,Kurta,XS,1,Kurta,26,1,0.08,338.0,"5. Over 13 weeks",Other
JNE3740-KR-XXL,JNE3740,Kurta,XXL,6,Kurta,15,4,0.31,48.8,"5. Over 13 weeks",Other
JNE3740-KR-XXXL,JNE3740,Kurta,3XL,7,Kurta,3,7,0.54,5.6,"4. 4-13 weeks",Other
JNE3741-KR-L,JNE3741,Kurta,L,4,Kurta,1,17,1.31,0.8,"2. Under 2 weeks",Other
JNE3741-KR-M,JNE3741,Kurta,M,3,Kurta,69,13,1.0,69.0,"5. Over 13 weeks",Other
JNE3741-KR-S,JNE3741,Kurta,S,2,Kurta,143,6,0.46,309.8,"5. Over 13 weeks",Other
JNE3741-KR-XL,JNE3741,Kurta,XL,5,Kurta,37,14,1.08,34.4,"5. Over 13 weeks",Other
JNE3741-KR-XS,JNE3741,Kurta,XS,1,Kurta,26,6,0.46,56.3,"5. Over 13 weeks",Other
JNE3741-KR-XXL,JNE3741,Kurta,XXL,6,Kurta,62,15,1.15,53.7,"5. Over 13 weeks",Other
JNE3741-KR-XXXL,JNE3741,Kurta,3XL,7,Kurta,8,18,1.38,5.8,"4. 4-13 weeks",Other
JNE3742-KR-L,JNE3742,Kurta,L,4,Kurta,34,9,0.69,49.1,"5. Over 13 weeks",Other
JNE3742-KR-M,JNE3742,Kurta,M,3,Kurta,51,7,0.54,94.7,"5. Over 13 weeks",Other
JNE3742-KR-S,JNE3742,Kurta,S,2,Kurta,78,8,0.62,126.8,"5. Over 13 weeks",Other
JNE3742-KR-XL,JNE3742,Kurta,XL,5,Kurta,68,10,0.77,88.4,"5. Over 13 weeks",Other
JNE3742-KR-XS,JNE3742,Kurta,XS,1,Kurta,31,3,0.23,134.3,"5. Over 13 weeks",Other
JNE3742-KR-XXL,JNE3742,Kurta,XXL,6,Kurta,74,9,0.69,106.9,"5. Over 13 weeks",Other
JNE3742-KR-XXXL,JNE3742,Kurta,3XL,7,Kurta,6,10,0.77,7.8,"4. 4-13 weeks",Other
JNE3743-TP-L,JNE3743,Top,L,4,Top,9,4,0.31,29.3,"5. Over 13 weeks",Other
JNE3743-TP-M,JNE3743,Top,M,3,Top,21,1,0.08,273.0,"5. Over 13 weeks",Other
JNE3743-TP-S,JNE3743,Top,S,2,Top,7,1,0.08,91.0,"5. Over 13 weeks",Other
JNE3743-TP-XL,JNE3743,Top,XL,5,Top,48,2,0.15,312.0,"5. Over 13 weeks",Other
JNE3743-TP-XS,JNE3743,Top,XS,1,Top,11,2,0.15,71.5,"5. Over 13 weeks",Other
JNE3743-TP-XXL,JNE3743,Top,XXL,6,Top,21,3,0.23,91.0,"5. Over 13 weeks",Other
JNE3744-TU-L,JNE3744,Top,L,4,Top,61,5,0.38,158.6,"5. Over 13 weeks",Other
JNE3744-TU-M,JNE3744,Top,M,3,Top,70,6,0.46,151.7,"5. Over 13 weeks",Other
JNE3744-TU-S,JNE3744,Top,S,2,Top,39,9,0.69,56.3,"5. Over 13 weeks",Other
JNE3744-TU-XL,JNE3744,Top,XL,5,Top,96,13,1.0,96.0,"5. Over 13 weeks",Other
JNE3744-TU-XS,JNE3744,Top,XS,1,Top,19,7,0.54,35.3,"5. Over 13 weeks",Other
JNE3744-TU-XXL,JNE3744,Top,XXL,6,Top,11,6,0.46,23.8,"5. Over 13 weeks",Other
JNE3744-TU-XXXL,JNE3744,Top,3XL,7,Top,27,1,0.08,351.0,"5. Over 13 weeks",Other
JNE3745-KR-L,JNE3745,Kurta,L,4,Kurta,55,9,0.69,79.4,"5. Over 13 weeks",Other
JNE3745-KR-M,JNE3745,Kurta,M,3,Kurta,61,8,0.62,99.1,"5. Over 13 weeks",Other
JNE3745-KR-S,JNE3745,Kurta,S,2,Kurta,89,11,0.85,105.2,"5. Over 13 weeks",Other
JNE3745-KR-XL,JNE3745,Kurta,XL,5,Kurta,99,6,0.46,214.5,"5. Over 13 weeks",Other
JNE3745-KR-XS,JNE3745,Kurta,XS,1,Kurta,4,2,0.15,26.0,"5. Over 13 weeks",Other
JNE3745-KR-XXL,JNE3745,Kurta,XXL,6,Kurta,99,12,0.92,107.3,"5. Over 13 weeks",Other
JNE3745-KR-XXXL,JNE3745,Kurta,3XL,7,Kurta,3,6,0.46,6.5,"4. 4-13 weeks",Other
JNE3748-KR-L,JNE3748,Kurta,L,4,Kurta,4,8,0.62,6.5,"4. 4-13 weeks",Other
JNE3748-KR-M,JNE3748,Kurta,M,3,Kurta,17,2,0.15,110.5,"5. Over 13 weeks",Other
JNE3748-KR-S,JNE3748,Kurta,S,2,Kurta,51,1,0.08,663.0,"5. Over 13 weeks",Other
JNE3748-KR-XL,JNE3748,Kurta,XL,5,Kurta,7,7,0.54,13.0,"5. Over 13 weeks",Other
JNE3748-KR-XS,JNE3748,Kurta,XS,1,Kurta,79,2,0.15,513.5,"5. Over 13 weeks",Other
JNE3748-KR-XXL,JNE3748,Kurta,XXL,6,Kurta,33,7,0.54,61.3,"5. Over 13 weeks",Other
JNE3748-KR-XXXL,JNE3748,Kurta,3XL,7,Kurta,15,13,1.0,15.0,"5. Over 13 weeks",Other
JNE3749-KR-L,JNE3749,Kurta,L,4,Kurta,6,15,1.15,5.2,"4. 4-13 weeks",Other
JNE3749-KR-M,JNE3749,Kurta,M,3,Kurta,2,5,0.38,5.2,"4. 4-13 weeks",Other
JNE3749-KR-S,JNE3749,Kurta,S,2,Kurta,8,12,0.92,8.7,"4. 4-13 weeks",Other
JNE3749-KR-XL,JNE3749,Kurta,XL,5,Kurta,6,17,1.31,4.6,"4. 4-13 weeks",Other
JNE3749-KR-XS,JNE3749,Kurta,XS,1,Kurta,24,22,1.69,14.2,"5. Over 13 weeks",Other
JNE3749-KR-XXL,JNE3749,Kurta,XXL,6,Kurta,5,37,2.85,1.8,"2. Under 2 weeks",Other
JNE3749-KR-XXXL,JNE3749,Kurta,3XL,7,Kurta,12,23,1.77,6.8,"4. 4-13 weeks",Other
JNE3750-KR-L,JNE3750,Kurta,L,4,Kurta,30,4,0.31,97.5,"5. Over 13 weeks",Other
JNE3750-KR-S,JNE3750,Kurta,S,2,Kurta,29,1,0.08,377.0,"5. Over 13 weeks",Other
JNE3750-KR-XL,JNE3750,Kurta,XL,5,Kurta,9,1,0.08,117.0,"5. Over 13 weeks",Other
JNE3750-KR-XS,JNE3750,Kurta,XS,1,Kurta,19,3,0.23,82.3,"5. Over 13 weeks",Other
JNE3750-KR-XXXL,JNE3750,Kurta,3XL,7,Kurta,25,1,0.08,325.0,"5. Over 13 weeks",Other
JNE3751-KR-L,JNE3751,Kurta,L,4,Kurta,2,8,0.62,3.3,"3. 2-4 weeks",Other
JNE3751-KR-M,JNE3751,Kurta,M,3,Kurta,3,5,0.38,7.8,"4. 4-13 weeks",Other
JNE3751-KR-S,JNE3751,Kurta,S,2,Kurta,23,7,0.54,42.7,"5. Over 13 weeks",Other
JNE3751-KR-XL,JNE3751,Kurta,XL,5,Kurta,4,7,0.54,7.4,"4. 4-13 weeks",Other
JNE3751-KR-XS,JNE3751,Kurta,XS,1,Kurta,59,8,0.62,95.9,"5. Over 13 weeks",Other
JNE3751-KR-XXL,JNE3751,Kurta,XXL,6,Kurta,6,15,1.15,5.2,"4. 4-13 weeks",Other
JNE3751-KR-XXXL,JNE3751,Kurta,3XL,7,Kurta,11,23,1.77,6.2,"4. 4-13 weeks",Other
JNE3752-KR-L,JNE3752,Kurta,L,4,Kurta,5,7,0.54,9.3,"4. 4-13 weeks",Other
JNE3752-KR-M,JNE3752,Kurta,M,3,Kurta,4,6,0.46,8.7,"4. 4-13 weeks",Other
JNE3752-KR-S,JNE3752,Kurta,S,2,Kurta,7,2,0.15,45.5,"5. Over 13 weeks",Other
JNE3752-KR-XL,JNE3752,Kurta,XL,5,Kurta,1,4,0.31,3.3,"3. 2-4 weeks",Other
JNE3752-KR-XS,JNE3752,Kurta,XS,1,Kurta,10,2,0.15,65.0,"5. Over 13 weeks",Other
JNE3752-KR-XXL,JNE3752,Kurta,XXL,6,Kurta,1,3,0.23,4.3,"4. 4-13 weeks",Other
JNE3752-KR-XXXL,JNE3752,Kurta,3XL,7,Kurta,3,6,0.46,6.5,"4. 4-13 weeks",Other
JNE3753-KR-L,JNE3753,Kurta,L,4,Kurta,5,13,1.0,5.0,"4. 4-13 weeks",Other
JNE3753-KR-M,JNE3753,Kurta,M,3,Kurta,5,4,0.31,16.3,"5. Over 13 weeks",Other
JNE3753-KR-S,JNE3753,Kurta,S,2,Kurta,17,7,0.54,31.6,"5. Over 13 weeks",Other
JNE3753-KR-XL,JNE3753,Kurta,XL,5,Kurta,4,4,0.31,13.0,"5. Over 13 weeks",Other
JNE3753-KR-XS,JNE3753,Kurta,XS,1,Kurta,43,2,0.15,279.5,"5. Over 13 weeks",Other
JNE3753-KR-XXL,JNE3753,Kurta,XXL,6,Kurta,6,5,0.38,15.6,"5. Over 13 weeks",Other
JNE3753-KR-XXXL,JNE3753,Kurta,3XL,7,Kurta,5,14,1.08,4.6,"4. 4-13 weeks",Other
JNE3756-KR-L,JNE3756,Kurta,L,4,Kurta,70,12,0.92,75.8,"5. Over 13 weeks",Other
JNE3756-KR-M,JNE3756,Kurta,M,3,Kurta,78,8,0.62,126.8,"5. Over 13 weeks",Other
JNE3756-KR-S,JNE3756,Kurta,S,2,Kurta,48,3,0.23,208.0,"5. Over 13 weeks",Other
JNE3756-KR-XL,JNE3756,Kurta,XL,5,Kurta,68,10,0.77,88.4,"5. Over 13 weeks",Other
JNE3756-KR-XS,JNE3756,Kurta,XS,1,Kurta,26,4,0.31,84.5,"5. Over 13 weeks",Other
JNE3756-KR-XXL,JNE3756,Kurta,XXL,6,Kurta,43,11,0.85,50.8,"5. Over 13 weeks",Other
JNE3756-KR-XXXL,JNE3756,Kurta,3XL,7,Kurta,8,9,0.69,11.6,"4. 4-13 weeks",Other
JNE3757-KR-L,JNE3757,Kurta,L,4,Kurta,29,19,1.46,19.8,"5. Over 13 weeks",Other
JNE3757-KR-M,JNE3757,Kurta,M,3,Kurta,34,13,1.0,34.0,"5. Over 13 weeks",Other
JNE3757-KR-S,JNE3757,Kurta,S,2,Kurta,57,11,0.85,67.4,"5. Over 13 weeks",Other
JNE3757-KR-XL,JNE3757,Kurta,XL,5,Kurta,18,19,1.46,12.3,"4. 4-13 weeks",Other
JNE3757-KR-XS,JNE3757,Kurta,XS,1,Kurta,5,5,0.38,13.0,"5. Over 13 weeks",Other
JNE3757-KR-XXL,JNE3757,Kurta,XXL,6,Kurta,18,24,1.85,9.8,"4. 4-13 weeks",Other
JNE3757-KR-XXXL,JNE3757,Kurta,3XL,7,Kurta,37,4,0.31,120.3,"5. Over 13 weeks",Other
JNE3758-KR-L,JNE3758,Kurta,L,4,Kurta,36,16,1.23,29.3,"5. Over 13 weeks",Other
JNE3758-KR-M,JNE3758,Kurta,M,3,Kurta,49,13,1.0,49.0,"5. Over 13 weeks",Other
JNE3758-KR-S,JNE3758,Kurta,S,2,Kurta,44,11,0.85,52.0,"5. Over 13 weeks",Other
JNE3758-KR-XL,JNE3758,Kurta,XL,5,Kurta,82,13,1.0,82.0,"5. Over 13 weeks",Other
JNE3758-KR-XS,JNE3758,Kurta,XS,1,Kurta,3,3,0.23,13.0,"5. Over 13 weeks",Other
JNE3758-KR-XXL,JNE3758,Kurta,XXL,6,Kurta,50,14,1.08,46.4,"5. Over 13 weeks",Other
JNE3758-KR-XXXL,JNE3758,Kurta,3XL,7,Kurta,3,7,0.54,5.6,"4. 4-13 weeks",Other
JNE3759-KR-L,JNE3759,Kurta,L,4,Kurta,113,5,0.38,293.8,"5. Over 13 weeks",Other
JNE3759-KR-M,JNE3759,Kurta,M,3,Kurta,134,6,0.46,290.3,"5. Over 13 weeks",Other
JNE3759-KR-S,JNE3759,Kurta,S,2,Kurta,128,9,0.69,184.9,"5. Over 13 weeks",Other
JNE3759-KR-XL,JNE3759,Kurta,XL,5,Kurta,46,15,1.15,39.9,"5. Over 13 weeks",Other
JNE3759-KR-XXL,JNE3759,Kurta,XXL,6,Kurta,57,5,0.38,148.2,"5. Over 13 weeks",Other
JNE3760-KR-L,JNE3760,Kurta,L,4,Kurta,12,5,0.38,31.2,"5. Over 13 weeks",Other
JNE3760-KR-M,JNE3760,Kurta,M,3,Kurta,22,2,0.15,143.0,"5. Over 13 weeks",Other
JNE3760-KR-S,JNE3760,Kurta,S,2,Kurta,55,6,0.46,119.2,"5. Over 13 weeks",Other
JNE3760-KR-XL,JNE3760,Kurta,XL,5,Kurta,23,4,0.31,74.8,"5. Over 13 weeks",Other
JNE3760-KR-XS,JNE3760,Kurta,XS,1,Kurta,10,2,0.15,65.0,"5. Over 13 weeks",Other
JNE3760-KR-XXL,JNE3760,Kurta,XXL,6,Kurta,76,2,0.15,494.0,"5. Over 13 weeks",Other
JNE3760-KR-XXXL,JNE3760,Kurta,3XL,7,Kurta,7,3,0.23,30.3,"5. Over 13 weeks",Other
JNE3761-KR-L,JNE3761,Kurta,L,4,Kurta,104,23,1.77,58.8,"5. Over 13 weeks",Other
JNE3761-KR-M,JNE3761,Kurta,M,3,Kurta,138,25,1.92,71.8,"5. Over 13 weeks",Other
JNE3761-KR-S,JNE3761,Kurta,S,2,Kurta,226,15,1.15,195.9,"5. Over 13 weeks",Other
JNE3761-KR-XL,JNE3761,Kurta,XL,5,Kurta,69,38,2.92,23.6,"5. Over 13 weeks",Other
JNE3761-KR-XS,JNE3761,Kurta,XS,1,Kurta,30,5,0.38,78.0,"5. Over 13 weeks",Other
JNE3761-KR-XXL,JNE3761,Kurta,XXL,6,Kurta,36,42,3.23,11.1,"4. 4-13 weeks",Other
JNE3761-KR-XXXL,JNE3761,Kurta,3XL,7,Kurta,4,,,,"No paid units",Other
JNE3762-KR-L,JNE3762,Kurta,L,4,Kurta,51,6,0.46,110.5,"5. Over 13 weeks",Other
JNE3762-KR-M,JNE3762,Kurta,M,3,Kurta,72,1,0.08,936.0,"5. Over 13 weeks",Other
JNE3762-KR-S,JNE3762,Kurta,S,2,Kurta,80,2,0.15,520.0,"5. Over 13 weeks",Other
JNE3762-KR-XL,JNE3762,Kurta,XL,5,Kurta,52,2,0.15,338.0,"5. Over 13 weeks",Other
JNE3762-KR-XS,JNE3762,Kurta,XS,1,Kurta,14,1,0.08,182.0,"5. Over 13 weeks",Other
JNE3762-KR-XXL,JNE3762,Kurta,XXL,6,Kurta,52,1,0.08,676.0,"5. Over 13 weeks",Other
JNE3762-KR-XXXL,JNE3762,Kurta,3XL,7,Kurta,3,3,0.23,13.0,"5. Over 13 weeks",Other
JNE3763-KR-L,JNE3763,Kurta,L,4,Kurta,13,8,0.62,21.1,"5. Over 13 weeks",Other
JNE3763-KR-M,JNE3763,Kurta,M,3,Kurta,16,6,0.46,34.7,"5. Over 13 weeks",Other
JNE3763-KR-S,JNE3763,Kurta,S,2,Kurta,90,2,0.15,585.0,"5. Over 13 weeks",Other
JNE3763-KR-XL,JNE3763,Kurta,XL,5,Kurta,69,11,0.85,81.5,"5. Over 13 weeks",Other
JNE3763-KR-XS,JNE3763,Kurta,XS,1,Kurta,68,5,0.38,176.8,"5. Over 13 weeks",Other
JNE3763-KR-XXL,JNE3763,Kurta,XXL,6,Kurta,113,4,0.31,367.3,"5. Over 13 weeks",Other
JNE3763-KR-XXXL,JNE3763,Kurta,3XL,7,Kurta,24,8,0.62,39.0,"5. Over 13 weeks",Other
JNE3764-KR-L,JNE3764,Kurta,L,4,Kurta,75,32,2.46,30.5,"5. Over 13 weeks",Other
JNE3764-KR-M,JNE3764,Kurta,M,3,Kurta,38,28,2.15,17.6,"5. Over 13 weeks",Other
JNE3764-KR-S,JNE3764,Kurta,S,2,Kurta,18,22,1.69,10.6,"4. 4-13 weeks",Other
JNE3764-KR-XL,JNE3764,Kurta,XL,5,Kurta,33,38,2.92,11.3,"4. 4-13 weeks",Other
JNE3764-KR-XS,JNE3764,Kurta,XS,1,Kurta,3,7,0.54,5.6,"4. 4-13 weeks",Other
JNE3764-KR-XXL,JNE3764,Kurta,XXL,6,Kurta,5,36,2.77,1.8,"2. Under 2 weeks",Other
JNE3764-KR-XXXL,JNE3764,Kurta,3XL,7,Kurta,2,27,2.08,1.0,"2. Under 2 weeks",Other
JNE3765-KR-L,JNE3765,Kurta,L,4,Kurta,141,3,0.23,611.0,"5. Over 13 weeks",Other
JNE3765-KR-M,JNE3765,Kurta,M,3,Kurta,103,3,0.23,446.3,"5. Over 13 weeks",Other
JNE3765-KR-S,JNE3765,Kurta,S,2,Kurta,112,1,0.08,1456.0,"5. Over 13 weeks",Other
JNE3765-KR-XL,JNE3765,Kurta,XL,5,Kurta,131,2,0.15,851.5,"5. Over 13 weeks",Other
JNE3765-KR-XS,JNE3765,Kurta,XS,1,Kurta,78,4,0.31,253.5,"5. Over 13 weeks",Other
JNE3765-KR-XXL,JNE3765,Kurta,XXL,6,Kurta,100,2,0.15,650.0,"5. Over 13 weeks",Other
JNE3765-KR-XXXL,JNE3765,Kurta,3XL,7,Kurta,74,3,0.23,320.7,"5. Over 13 weeks",Other
JNE3766-KR-L,JNE3766,Kurta,L,4,Kurta,17,6,0.46,36.8,"5. Over 13 weeks",Other
JNE3766-KR-M,JNE3766,Kurta,M,3,Kurta,21,10,0.77,27.3,"5. Over 13 weeks",Other
JNE3766-KR-S,JNE3766,Kurta,S,2,Kurta,24,4,0.31,78.0,"5. Over 13 weeks",Other
JNE3766-KR-XL,JNE3766,Kurta,XL,5,Kurta,19,5,0.38,49.4,"5. Over 13 weeks",Other
JNE3766-KR-XS,JNE3766,Kurta,XS,1,Kurta,25,2,0.15,162.5,"5. Over 13 weeks",Other
JNE3766-KR-XXL,JNE3766,Kurta,XXL,6,Kurta,26,7,0.54,48.3,"5. Over 13 weeks",Other
JNE3766-KR-XXXL,JNE3766,Kurta,3XL,7,Kurta,13,6,0.46,28.2,"5. Over 13 weeks",Other
JNE3767-KR-L,JNE3767,Kurta,L,4,Kurta,164,2,0.15,1066.0,"5. Over 13 weeks",Other
JNE3767-KR-M,JNE3767,Kurta,M,3,Kurta,99,3,0.23,429.0,"5. Over 13 weeks",Other
JNE3767-KR-XL,JNE3767,Kurta,XL,5,Kurta,150,2,0.15,975.0,"5. Over 13 weeks",Other
JNE3767-KR-XS,JNE3767,Kurta,XS,1,Kurta,21,1,0.08,273.0,"5. Over 13 weeks",Other
JNE3767-KR-XXL,JNE3767,Kurta,XXL,6,Kurta,77,2,0.15,500.5,"5. Over 13 weeks",Other
JNE3767-KR-XXXL,JNE3767,Kurta,3XL,7,Kurta,17,2,0.15,110.5,"5. Over 13 weeks",Other
JNE3768-KR-L,JNE3768,Kurta,L,4,Kurta,70,4,0.31,227.5,"5. Over 13 weeks",Other
JNE3768-KR-M,JNE3768,Kurta,M,3,Kurta,47,8,0.62,76.4,"5. Over 13 weeks",Other
JNE3768-KR-S,JNE3768,Kurta,S,2,Kurta,30,6,0.46,65.0,"5. Over 13 weeks",Other
JNE3768-KR-XL,JNE3768,Kurta,XL,5,Kurta,52,3,0.23,225.3,"5. Over 13 weeks",Other
JNE3768-KR-XS,JNE3768,Kurta,XS,1,Kurta,22,6,0.46,47.7,"5. Over 13 weeks",Other
JNE3768-KR-XXL,JNE3768,Kurta,XXL,6,Kurta,15,9,0.69,21.7,"5. Over 13 weeks",Other
JNE3768-KR-XXXL,JNE3768,Kurta,3XL,7,Kurta,19,2,0.15,123.5,"5. Over 13 weeks",Other
JNE3769-KR-L,JNE3769,Kurta,L,4,Kurta,3,4,0.31,9.8,"4. 4-13 weeks",Other
JNE3769-KR-M,JNE3769,Kurta,M,3,Kurta,13,6,0.46,28.2,"5. Over 13 weeks",Other
JNE3769-KR-S,JNE3769,Kurta,S,2,Kurta,33,2,0.15,214.5,"5. Over 13 weeks",Other
JNE3769-KR-XL,JNE3769,Kurta,XL,5,Kurta,9,6,0.46,19.5,"5. Over 13 weeks",Other
JNE3769-KR-XS,JNE3769,Kurta,XS,1,Kurta,8,4,0.31,26.0,"5. Over 13 weeks",Other
JNE3769-KR-XXL,JNE3769,Kurta,XXL,6,Kurta,19,4,0.31,61.8,"5. Over 13 weeks",Other
JNE3769-KR-XXXL,JNE3769,Kurta,3XL,7,Kurta,9,6,0.46,19.5,"5. Over 13 weeks",Other
JNE3770-KR-L,JNE3770,Kurta,L,4,Kurta,135,3,0.23,585.0,"5. Over 13 weeks",Other
JNE3770-KR-M,JNE3770,Kurta,M,3,Kurta,72,2,0.15,468.0,"5. Over 13 weeks",Other
JNE3770-KR-S,JNE3770,Kurta,S,2,Kurta,15,4,0.31,48.8,"5. Over 13 weeks",Other
JNE3770-KR-XL,JNE3770,Kurta,XL,5,Kurta,41,4,0.31,133.3,"5. Over 13 weeks",Other
JNE3770-KR-XS,JNE3770,Kurta,XS,1,Kurta,82,3,0.23,355.3,"5. Over 13 weeks",Other
JNE3770-KR-XXL,JNE3770,Kurta,XXL,6,Kurta,81,2,0.15,526.5,"5. Over 13 weeks",Other
JNE3770-KR-XXXL,JNE3770,Kurta,3XL,7,Kurta,62,4,0.31,201.5,"5. Over 13 weeks",Other
JNE3771-KR-L,JNE3771,Kurta,L,4,Kurta,37,9,0.69,53.4,"5. Over 13 weeks",Other
JNE3771-KR-M,JNE3771,Kurta,M,3,Kurta,32,8,0.62,52.0,"5. Over 13 weeks",Other
JNE3771-KR-S,JNE3771,Kurta,S,2,Kurta,10,2,0.15,65.0,"5. Over 13 weeks",Other
JNE3771-KR-XL,JNE3771,Kurta,XL,5,Kurta,51,4,0.31,165.8,"5. Over 13 weeks",Other
JNE3771-KR-XS,JNE3771,Kurta,XS,1,Kurta,14,6,0.46,30.3,"5. Over 13 weeks",Other
JNE3771-KR-XXL,JNE3771,Kurta,XXL,6,Kurta,47,8,0.62,76.4,"5. Over 13 weeks",Other
JNE3771-KR-XXXL,JNE3771,Kurta,3XL,7,Kurta,11,7,0.54,20.4,"5. Over 13 weeks",Other
JNE3773-KR-L,JNE3773,Kurta,L,4,Kurta,3,7,0.54,5.6,"4. 4-13 weeks",Other
JNE3773-KR-M,JNE3773,Kurta,M,3,Kurta,3,9,0.69,4.3,"4. 4-13 weeks",Other
JNE3773-KR-S,JNE3773,Kurta,S,2,Kurta,4,4,0.31,13.0,"5. Over 13 weeks",Other
JNE3773-KR-XL,JNE3773,Kurta,XL,5,Kurta,3,5,0.38,7.8,"4. 4-13 weeks",Other
JNE3773-KR-XS,JNE3773,Kurta,XS,1,Kurta,6,2,0.15,39.0,"5. Over 13 weeks",Other
JNE3773-KR-XXL,JNE3773,Kurta,XXL,6,Kurta,5,4,0.31,16.3,"5. Over 13 weeks",Other
JNE3773-KR-XXXL,JNE3773,Kurta,3XL,7,Kurta,2,2,0.15,13.0,"5. Over 13 weeks",Other
JNE3774-KR-M,JNE3774,Kurta,M,3,Kurta,7,4,0.31,22.8,"5. Over 13 weeks",Other
JNE3774-KR-S,JNE3774,Kurta,S,2,Kurta,10,6,0.46,21.7,"5. Over 13 weeks",Other
JNE3774-KR-XL,JNE3774,Kurta,XL,5,Kurta,4,2,0.15,26.0,"5. Over 13 weeks",Other
JNE3774-KR-XS,JNE3774,Kurta,XS,1,Kurta,14,3,0.23,60.7,"5. Over 13 weeks",Other
JNE3774-KR-XXL,JNE3774,Kurta,XXL,6,Kurta,10,3,0.23,43.3,"5. Over 13 weeks",Other
JNE3774-KR-XXXL,JNE3774,Kurta,3XL,7,Kurta,9,5,0.38,23.4,"5. Over 13 weeks",Other
JNE3775-KR-L,JNE3775,Kurta,L,4,Kurta,72,7,0.54,133.7,"5. Over 13 weeks",Other
JNE3775-KR-M,JNE3775,Kurta,M,3,Kurta,70,13,1.0,70.0,"5. Over 13 weeks",Other
JNE3775-KR-S,JNE3775,Kurta,S,2,Kurta,99,7,0.54,183.9,"5. Over 13 weeks",Other
JNE3775-KR-XL,JNE3775,Kurta,XL,5,Kurta,59,15,1.15,51.1,"5. Over 13 weeks",Other
JNE3775-KR-XS,JNE3775,Kurta,XS,1,Kurta,56,6,0.46,121.3,"5. Over 13 weeks",Other
JNE3775-KR-XXL,JNE3775,Kurta,XXL,6,Kurta,72,11,0.85,85.1,"5. Over 13 weeks",Other
JNE3775-KR-XXXL,JNE3775,Kurta,3XL,7,Kurta,6,18,1.38,4.3,"4. 4-13 weeks",Other
JNE3776-KR-L,JNE3776,Kurta,L,4,Kurta,3,12,0.92,3.3,"3. 2-4 weeks",Other
JNE3776-KR-M,JNE3776,Kurta,M,3,Kurta,6,5,0.38,15.6,"5. Over 13 weeks",Other
JNE3776-KR-S,JNE3776,Kurta,S,2,Kurta,6,7,0.54,11.1,"4. 4-13 weeks",Other
JNE3776-KR-XL,JNE3776,Kurta,XL,5,Kurta,4,12,0.92,4.3,"4. 4-13 weeks",Other
JNE3776-KR-XS,JNE3776,Kurta,XS,1,Kurta,3,5,0.38,7.8,"4. 4-13 weeks",Other
JNE3776-KR-XXL,JNE3776,Kurta,XXL,6,Kurta,8,4,0.31,26.0,"5. Over 13 weeks",Other
JNE3776-KR-XXXL,JNE3776,Kurta,3XL,7,Kurta,2,3,0.23,8.7,"4. 4-13 weeks",Other
JNE3777-KR-L,JNE3777,Kurta,L,4,Kurta,7,5,0.38,18.2,"5. Over 13 weeks",Other
JNE3777-KR-M,JNE3777,Kurta,M,3,Kurta,9,3,0.23,39.0,"5. Over 13 weeks",Other
JNE3777-KR-S,JNE3777,Kurta,S,2,Kurta,44,,,,"No paid units",Other
JNE3777-KR-XL,JNE3777,Kurta,XL,5,Kurta,15,7,0.54,27.9,"5. Over 13 weeks",Other
JNE3777-KR-XS,JNE3777,Kurta,XS,1,Kurta,45,1,0.08,585.0,"5. Over 13 weeks",Other
JNE3777-KR-XXL,JNE3777,Kurta,XXL,6,Kurta,56,5,0.38,145.6,"5. Over 13 weeks",Other
JNE3777-KR-XXXL,JNE3777,Kurta,3XL,7,Kurta,8,5,0.38,20.8,"5. Over 13 weeks",Other
JNE3778-KR-L,JNE3778,Kurta,L,4,Kurta,38,10,0.77,49.4,"5. Over 13 weeks",Other
JNE3778-KR-M,JNE3778,Kurta,M,3,Kurta,47,11,0.85,55.5,"5. Over 13 weeks",Other
JNE3778-KR-S,JNE3778,Kurta,S,2,Kurta,57,8,0.62,92.6,"5. Over 13 weeks",Other
JNE3778-KR-XL,JNE3778,Kurta,XL,5,Kurta,26,10,0.77,33.8,"5. Over 13 weeks",Other
JNE3778-KR-XS,JNE3778,Kurta,XS,1,Kurta,81,5,0.38,210.6,"5. Over 13 weeks",Other
JNE3778-KR-XXL,JNE3778,Kurta,XXL,6,Kurta,40,11,0.85,47.3,"5. Over 13 weeks",Other
JNE3778-KR-XXXL,JNE3778,Kurta,3XL,7,Kurta,22,15,1.15,19.1,"5. Over 13 weeks",Other
JNE3779-KR-L,JNE3779,Kurta,L,4,Kurta,15,8,0.62,24.4,"5. Over 13 weeks",Other
JNE3779-KR-M,JNE3779,Kurta,M,3,Kurta,15,3,0.23,65.0,"5. Over 13 weeks",Other
JNE3779-KR-S,JNE3779,Kurta,S,2,Kurta,34,3,0.23,147.3,"5. Over 13 weeks",Other
JNE3779-KR-XL,JNE3779,Kurta,XL,5,Kurta,18,7,0.54,33.4,"5. Over 13 weeks",Other
JNE3779-KR-XXL,JNE3779,Kurta,XXL,6,Kurta,27,4,0.31,87.8,"5. Over 13 weeks",Other
JNE3779-KR-XXXL,JNE3779,Kurta,3XL,7,Kurta,33,4,0.31,107.3,"5. Over 13 weeks",Other
JNE3780-KR-L,JNE3780,Kurta,L,4,Kurta,110,5,0.38,286.0,"5. Over 13 weeks",Other
JNE3780-KR-M,JNE3780,Kurta,M,3,Kurta,112,1,0.08,1456.0,"5. Over 13 weeks",Other
JNE3780-KR-S,JNE3780,Kurta,S,2,Kurta,121,1,0.08,1573.0,"5. Over 13 weeks",Other
JNE3780-KR-XL,JNE3780,Kurta,XL,5,Kurta,99,4,0.31,321.8,"5. Over 13 weeks",Other
JNE3780-KR-XS,JNE3780,Kurta,XS,1,Kurta,54,,,,"No paid units",Other
JNE3780-KR-XXL,JNE3780,Kurta,XXL,6,Kurta,112,3,0.23,485.3,"5. Over 13 weeks",Other
JNE3780-KR-XXXL,JNE3780,Kurta,3XL,7,Kurta,40,4,0.31,130.0,"5. Over 13 weeks",Other
JNE3781-KR-L,JNE3781,Kurta,L,4,Kurta,86,76,5.85,14.7,"5. Over 13 weeks","Best-seller (top 10%)"
JNE3781-KR-M,JNE3781,Kurta,M,3,Kurta,52,67,5.15,10.1,"4. 4-13 weeks","Best-seller (top 10%)"
JNE3781-KR-S,JNE3781,Kurta,S,2,Kurta,26,43,3.31,7.9,"4. 4-13 weeks",Other
JNE3781-KR-XL,JNE3781,Kurta,XL,5,Kurta,83,101,7.77,10.7,"4. 4-13 weeks","Best-seller (top 10%)"
JNE3781-KR-XS,JNE3781,Kurta,XS,1,Kurta,49,14,1.08,45.5,"5. Over 13 weeks",Other
JNE3781-KR-XXL,JNE3781,Kurta,XXL,6,Kurta,112,86,6.62,16.9,"5. Over 13 weeks","Best-seller (top 10%)"
JNE3781-KR-XXXL,JNE3781,Kurta,3XL,7,Kurta,96,96,7.38,13.0,"5. Over 13 weeks","Best-seller (top 10%)"
JNE3782-KR-L,JNE3782,Kurta,L,4,Kurta,135,9,0.69,195.0,"5. Over 13 weeks",Other
JNE3782-KR-M,JNE3782,Kurta,M,3,Kurta,170,4,0.31,552.5,"5. Over 13 weeks",Other
JNE3782-KR-S,JNE3782,Kurta,S,2,Kurta,105,5,0.38,273.0,"5. Over 13 weeks",Other
JNE3782-KR-XL,JNE3782,Kurta,XL,5,Kurta,198,19,1.46,135.5,"5. Over 13 weeks",Other
JNE3782-KR-XS,JNE3782,Kurta,XS,1,Kurta,39,2,0.15,253.5,"5. Over 13 weeks",Other
JNE3782-KR-XXL,JNE3782,Kurta,XXL,6,Kurta,60,10,0.77,78.0,"5. Over 13 weeks",Other
JNE3782-KR-XXXL,JNE3782,Kurta,3XL,7,Kurta,71,22,1.69,42.0,"5. Over 13 weeks",Other
JNE3783-KR-L,JNE3783,Kurta,L,4,Kurta,0,12,0.92,0.0,"1. Out of stock",Other
JNE3783-KR-M,JNE3783,Kurta,M,3,Kurta,0,5,0.38,0.0,"1. Out of stock",Other
JNE3783-KR-S,JNE3783,Kurta,S,2,Kurta,0,7,0.54,0.0,"1. Out of stock",Other
JNE3783-KR-XL,JNE3783,Kurta,XL,5,Kurta,0,10,0.77,0.0,"1. Out of stock",Other
JNE3783-KR-XS,JNE3783,Kurta,XS,1,Kurta,0,1,0.08,0.0,"1. Out of stock",Other
JNE3783-KR-XXL,JNE3783,Kurta,XXL,6,Kurta,0,10,0.77,0.0,"1. Out of stock",Other
JNE3783-KR-XXXL,JNE3783,Kurta,3XL,7,Kurta,0,19,1.46,0.0,"1. Out of stock",Other
JNE3784-KR-L,JNE3784,Kurta,L,4,Kurta,139,117,9.0,15.4,"5. Over 13 weeks","Best-seller (top 10%)"
JNE3784-KR-M,JNE3784,Kurta,M,3,Kurta,90,133,10.23,8.8,"4. 4-13 weeks","Best-seller (top 10%)"
JNE3784-KR-S,JNE3784,Kurta,S,2,Kurta,116,58,4.46,26.0,"5. Over 13 weeks",Other
JNE3784-KR-XL,JNE3784,Kurta,XL,5,Kurta,163,105,8.08,20.2,"5. Over 13 weeks","Best-seller (top 10%)"
JNE3784-KR-XS,JNE3784,Kurta,XS,1,Kurta,89,45,3.46,25.7,"5. Over 13 weeks",Other
JNE3784-KR-XXL,JNE3784,Kurta,XXL,6,Kurta,112,93,7.15,15.7,"5. Over 13 weeks","Best-seller (top 10%)"
JNE3784-KR-XXXL,JNE3784,Kurta,3XL,7,Kurta,137,68,5.23,26.2,"5. Over 13 weeks","Best-seller (top 10%)"
JNE3785-KR-L,JNE3785,Kurta,L,4,Kurta,4,35,2.69,1.5,"2. Under 2 weeks",Other
JNE3785-KR-M,JNE3785,Kurta,M,3,Kurta,5,22,1.69,3.0,"3. 2-4 weeks",Other
JNE3785-KR-S,JNE3785,Kurta,S,2,Kurta,8,17,1.31,6.1,"4. 4-13 weeks",Other
JNE3785-KR-XL,JNE3785,Kurta,XL,5,Kurta,5,34,2.62,1.9,"2. Under 2 weeks",Other
JNE3785-KR-XS,JNE3785,Kurta,XS,1,Kurta,45,7,0.54,83.6,"5. Over 13 weeks",Other
JNE3785-KR-XXL,JNE3785,Kurta,XXL,6,Kurta,5,29,2.23,2.2,"3. 2-4 weeks",Other
JNE3785-KR-XXXL,JNE3785,Kurta,3XL,7,Kurta,4,32,2.46,1.6,"2. Under 2 weeks",Other
JNE3786-KR-L,JNE3786,Kurta,L,4,Kurta,2,5,0.38,5.2,"4. 4-13 weeks",Other
JNE3786-KR-M,JNE3786,Kurta,M,3,Kurta,0,2,0.15,0.0,"1. Out of stock",Other
JNE3786-KR-S,JNE3786,Kurta,S,2,Kurta,56,9,0.69,80.9,"5. Over 13 weeks",Other
JNE3786-KR-XL,JNE3786,Kurta,XL,5,Kurta,2,9,0.69,2.9,"3. 2-4 weeks",Other
JNE3786-KR-XS,JNE3786,Kurta,XS,1,Kurta,63,7,0.54,117.0,"5. Over 13 weeks",Other
JNE3786-KR-XXL,JNE3786,Kurta,XXL,6,Kurta,19,14,1.08,17.6,"5. Over 13 weeks",Other
JNE3786-KR-XXXL,JNE3786,Kurta,3XL,7,Kurta,4,24,1.85,2.2,"3. 2-4 weeks",Other
JNE3787-KR-L,JNE3787,Kurta,L,4,Kurta,3,12,0.92,3.3,"3. 2-4 weeks",Other
JNE3787-KR-M,JNE3787,Kurta,M,3,Kurta,2,22,1.69,1.2,"2. Under 2 weeks",Other
JNE3787-KR-S,JNE3787,Kurta,S,2,Kurta,0,41,3.15,0.0,"1. Out of stock",Other
JNE3787-KR-XL,JNE3787,Kurta,XL,5,Kurta,6,13,1.0,6.0,"4. 4-13 weeks",Other
JNE3787-KR-XS,JNE3787,Kurta,XS,1,Kurta,9,20,1.54,5.8,"4. 4-13 weeks",Other
JNE3787-KR-XXL,JNE3787,Kurta,XXL,6,Kurta,5,40,3.08,1.6,"2. Under 2 weeks",Other
JNE3787-KR-XXXL,JNE3787,Kurta,3XL,7,Kurta,7,17,1.31,5.4,"4. 4-13 weeks",Other
JNE3788-KR-L,JNE3788,Kurta,L,4,Kurta,9,1,0.08,117.0,"5. Over 13 weeks",Other
JNE3788-KR-M,JNE3788,Kurta,M,3,Kurta,12,4,0.31,39.0,"5. Over 13 weeks",Other
JNE3788-KR-S,JNE3788,Kurta,S,2,Kurta,46,3,0.23,199.3,"5. Over 13 weeks",Other
JNE3788-KR-XL,JNE3788,Kurta,XL,5,Kurta,18,2,0.15,117.0,"5. Over 13 weeks",Other
JNE3788-KR-XS,JNE3788,Kurta,XS,1,Kurta,23,1,0.08,299.0,"5. Over 13 weeks",Other
JNE3788-KR-XXL,JNE3788,Kurta,XXL,6,Kurta,25,1,0.08,325.0,"5. Over 13 weeks",Other
JNE3788-KR-XXXL,JNE3788,Kurta,3XL,7,Kurta,6,2,0.15,39.0,"5. Over 13 weeks",Other
JNE3789-KR-L,JNE3789,Kurta,L,4,Kurta,42,1,0.08,546.0,"5. Over 13 weeks",Other
JNE3789-KR-M,JNE3789,Kurta,M,3,Kurta,73,4,0.31,237.3,"5. Over 13 weeks",Other
JNE3789-KR-S,JNE3789,Kurta,S,2,Kurta,34,7,0.54,63.1,"5. Over 13 weeks",Other
JNE3789-KR-XL,JNE3789,Kurta,XL,5,Kurta,35,1,0.08,455.0,"5. Over 13 weeks",Other
JNE3789-KR-XS,JNE3789,Kurta,XS,1,Kurta,9,8,0.62,14.6,"5. Over 13 weeks",Other
JNE3789-KR-XXL,JNE3789,Kurta,XXL,6,Kurta,56,2,0.15,364.0,"5. Over 13 weeks",Other
JNE3789-KR-XXXL,JNE3789,Kurta,3XL,7,Kurta,7,7,0.54,13.0,"5. Over 13 weeks",Other
JNE3790-KR-L,JNE3790,Kurta,L,4,Kurta,20,19,1.46,13.7,"5. Over 13 weeks",Other
JNE3790-KR-M,JNE3790,Kurta,M,3,Kurta,42,11,0.85,49.6,"5. Over 13 weeks",Other
JNE3790-KR-S,JNE3790,Kurta,S,2,Kurta,68,6,0.46,147.3,"5. Over 13 weeks",Other
JNE3790-KR-XL,JNE3790,Kurta,XL,5,Kurta,12,13,1.0,12.0,"4. 4-13 weeks",Other
JNE3790-KR-XS,JNE3790,Kurta,XS,1,Kurta,45,6,0.46,97.5,"5. Over 13 weeks",Other
JNE3790-KR-XXL,JNE3790,Kurta,XXL,6,Kurta,34,18,1.38,24.6,"5. Over 13 weeks",Other
JNE3790-KR-XXXL,JNE3790,Kurta,3XL,7,Kurta,5,19,1.46,3.4,"3. 2-4 weeks",Other
JNE3791-DR-L,JNE3791,"Ethnic Dress",L,4,Other,8,8,0.62,13.0,"5. Over 13 weeks",Other
JNE3791-DR-M,JNE3791,"Ethnic Dress",M,3,Other,14,4,0.31,45.5,"5. Over 13 weeks",Other
JNE3791-DR-S,JNE3791,"Ethnic Dress",S,2,Other,6,4,0.31,19.5,"5. Over 13 weeks",Other
JNE3791-DR-XL,JNE3791,"Ethnic Dress",XL,5,Other,38,8,0.62,61.8,"5. Over 13 weeks",Other
JNE3791-DR-XS,JNE3791,"Ethnic Dress",XS,1,Other,17,4,0.31,55.3,"5. Over 13 weeks",Other
JNE3791-DR-XXL,JNE3791,"Ethnic Dress",XXL,6,Other,33,11,0.85,39.0,"5. Over 13 weeks",Other
JNE3791-DR-XXXL,JNE3791,"Ethnic Dress",3XL,7,Other,12,8,0.62,19.5,"5. Over 13 weeks",Other
JNE3792-KR-L,JNE3792,Kurta,L,4,Kurta,35,3,0.23,151.7,"5. Over 13 weeks",Other
JNE3792-KR-M,JNE3792,Kurta,M,3,Kurta,45,4,0.31,146.3,"5. Over 13 weeks",Other
JNE3792-KR-S,JNE3792,Kurta,S,2,Kurta,69,5,0.38,179.4,"5. Over 13 weeks",Other
JNE3792-KR-XL,JNE3792,Kurta,XL,5,Kurta,49,3,0.23,212.3,"5. Over 13 weeks",Other
JNE3792-KR-XS,JNE3792,Kurta,XS,1,Kurta,28,2,0.15,182.0,"5. Over 13 weeks",Other
JNE3792-KR-XXL,JNE3792,Kurta,XXL,6,Kurta,42,4,0.31,136.5,"5. Over 13 weeks",Other
JNE3792-KR-XXXL,JNE3792,Kurta,3XL,7,Kurta,14,9,0.69,20.2,"5. Over 13 weeks",Other
JNE3793-KR-L,JNE3793,Kurta,L,4,Kurta,31,17,1.31,23.7,"5. Over 13 weeks",Other
JNE3793-KR-M,JNE3793,Kurta,M,3,Kurta,67,21,1.62,41.5,"5. Over 13 weeks",Other
JNE3793-KR-S,JNE3793,Kurta,S,2,Kurta,98,21,1.62,60.7,"5. Over 13 weeks",Other
JNE3793-KR-XL,JNE3793,Kurta,XL,5,Kurta,42,34,2.62,16.1,"5. Over 13 weeks",Other
JNE3793-KR-XS,JNE3793,Kurta,XS,1,Kurta,75,12,0.92,81.3,"5. Over 13 weeks",Other
JNE3793-KR-XXL,JNE3793,Kurta,XXL,6,Kurta,12,24,1.85,6.5,"4. 4-13 weeks",Other
JNE3793-KR-XXXL,JNE3793,Kurta,3XL,7,Kurta,5,46,3.54,1.4,"2. Under 2 weeks",Other
JNE3794-KR-L,JNE3794,Kurta,L,4,Kurta,75,50,3.85,19.5,"5. Over 13 weeks","Best-seller (top 10%)"
JNE3794-KR-M,JNE3794,Kurta,M,3,Kurta,101,50,3.85,26.3,"5. Over 13 weeks","Best-seller (top 10%)"
JNE3794-KR-S,JNE3794,Kurta,S,2,Kurta,94,20,1.54,61.1,"5. Over 13 weeks",Other
JNE3794-KR-XL,JNE3794,Kurta,XL,5,Kurta,104,54,4.15,25.0,"5. Over 13 weeks","Best-seller (top 10%)"
JNE3794-KR-XS,JNE3794,Kurta,XS,1,Kurta,26,15,1.15,22.5,"5. Over 13 weeks",Other
JNE3794-KR-XXL,JNE3794,Kurta,XXL,6,Kurta,101,66,5.08,19.9,"5. Over 13 weeks","Best-seller (top 10%)"
JNE3794-KR-XXXL,JNE3794,Kurta,3XL,7,Kurta,104,62,4.77,21.8,"5. Over 13 weeks","Best-seller (top 10%)"
JNE3795-KR-L,JNE3795,Kurta,L,4,Kurta,118,30,2.31,51.1,"5. Over 13 weeks",Other
JNE3795-KR-M,JNE3795,Kurta,M,3,Kurta,163,13,1.0,163.0,"5. Over 13 weeks",Other
JNE3795-KR-S,JNE3795,Kurta,S,2,Kurta,47,37,2.85,16.5,"5. Over 13 weeks",Other
JNE3795-KR-XL,JNE3795,Kurta,XL,5,Kurta,180,39,3.0,60.0,"5. Over 13 weeks",Other
JNE3795-KR-XS,JNE3795,Kurta,XS,1,Kurta,57,29,2.23,25.6,"5. Over 13 weeks",Other
JNE3795-KR-XXL,JNE3795,Kurta,XXL,6,Kurta,151,18,1.38,109.1,"5. Over 13 weeks",Other
JNE3795-KR-XXXL,JNE3795,Kurta,3XL,7,Kurta,122,25,1.92,63.4,"5. Over 13 weeks",Other
JNE3796-KR-L,JNE3796,Kurta,L,4,Kurta,5,9,0.69,7.2,"4. 4-13 weeks",Other
JNE3796-KR-M,JNE3796,Kurta,M,3,Kurta,5,2,0.15,32.5,"5. Over 13 weeks",Other
JNE3796-KR-S,JNE3796,Kurta,S,2,Kurta,6,4,0.31,19.5,"5. Over 13 weeks",Other
JNE3796-KR-XL,JNE3796,Kurta,XL,5,Kurta,5,3,0.23,21.7,"5. Over 13 weeks",Other
JNE3796-KR-XXL,JNE3796,Kurta,XXL,6,Kurta,9,3,0.23,39.0,"5. Over 13 weeks",Other
JNE3796-KR-XXXL,JNE3796,Kurta,3XL,7,Kurta,3,5,0.38,7.8,"4. 4-13 weeks",Other
JNE3797-KR-A-L,JNE3797,"Western Dress",L,4,"Western Dress",,57,4.38,,"No stock record","Best-seller (top 10%)"
JNE3797-KR-A-M,JNE3797,"Western Dress",M,3,"Western Dress",,128,9.85,,"No stock record","Best-seller (top 10%)"
JNE3797-KR-A-S,JNE3797,"Western Dress",S,2,"Western Dress",,97,7.46,,"No stock record","Best-seller (top 10%)"
JNE3797-KR-A-XL,JNE3797,"Western Dress",XL,5,"Western Dress",,51,3.92,,"No stock record","Best-seller (top 10%)"
JNE3797-KR-A-XS,JNE3797,"Western Dress",XS,1,"Western Dress",,23,1.77,,"No stock record",Other
JNE3797-KR-A-XXL,JNE3797,"Western Dress",XXL,6,"Western Dress",,24,1.85,,"No stock record",Other
JNE3797-KR-A-XXXL,JNE3797,"Western Dress",3XL,7,"Western Dress",,29,2.23,,"No stock record",Other
JNE3797-KR-L,JNE3797,"Western Dress",L,4,"Western Dress",5,605,46.54,0.1,"2. Under 2 weeks","Best-seller (top 10%)"
JNE3797-KR-M,JNE3797,"Western Dress",M,3,"Western Dress",6,515,39.62,0.2,"2. Under 2 weeks","Best-seller (top 10%)"
JNE3797-KR-S,JNE3797,"Western Dress",S,2,"Western Dress",2,463,35.62,0.1,"2. Under 2 weeks","Best-seller (top 10%)"
JNE3797-KR-XL,JNE3797,"Western Dress",XL,5,"Western Dress",13,372,28.62,0.5,"2. Under 2 weeks","Best-seller (top 10%)"
JNE3797-KR-XS,JNE3797,"Western Dress",XS,1,"Western Dress",101,348,26.77,3.8,"3. 2-4 weeks","Best-seller (top 10%)"
JNE3797-KR-XXL,JNE3797,"Western Dress",XXL,6,"Western Dress",0,336,25.85,0.0,"1. Out of stock","Best-seller (top 10%)"
JNE3797-KR-XXXL,JNE3797,"Western Dress",3XL,7,"Western Dress",4,329,25.31,0.2,"2. Under 2 weeks","Best-seller (top 10%)"
JNE3798-KR-A-L,JNE3798,"Western Dress",L,4,"Western Dress",,17,1.31,,"No stock record",Other
JNE3798-KR-A-M,JNE3798,"Western Dress",M,3,"Western Dress",,17,1.31,,"No stock record",Other
JNE3798-KR-A-S,JNE3798,"Western Dress",S,2,"Western Dress",,10,0.77,,"No stock record",Other
JNE3798-KR-A-XL,JNE3798,"Western Dress",XL,5,"Western Dress",,12,0.92,,"No stock record",Other
JNE3798-KR-A-XS,JNE3798,"Western Dress",XS,1,"Western Dress",,6,0.46,,"No stock record",Other
JNE3798-KR-A-XXL,JNE3798,"Western Dress",XXL,6,"Western Dress",,13,1.0,,"No stock record",Other
JNE3798-KR-A-XXXL,JNE3798,"Western Dress",3XL,7,"Western Dress",,10,0.77,,"No stock record",Other
JNE3798-KR-L,JNE3798,"Western Dress",L,4,"Western Dress",3,91,7.0,0.4,"2. Under 2 weeks","Best-seller (top 10%)"
JNE3798-KR-M,JNE3798,"Western Dress",M,3,"Western Dress",2,99,7.62,0.3,"2. Under 2 weeks","Best-seller (top 10%)"
JNE3798-KR-S,JNE3798,"Western Dress",S,2,"Western Dress",5,53,4.08,1.2,"2. Under 2 weeks","Best-seller (top 10%)"
JNE3798-KR-XL,JNE3798,"Western Dress",XL,5,"Western Dress",4,134,10.31,0.4,"2. Under 2 weeks","Best-seller (top 10%)"
JNE3798-KR-XS,JNE3798,"Western Dress",XS,1,"Western Dress",13,50,3.85,3.4,"3. 2-4 weeks","Best-seller (top 10%)"
JNE3798-KR-XXL,JNE3798,"Western Dress",XXL,6,"Western Dress",8,89,6.85,1.2,"2. Under 2 weeks","Best-seller (top 10%)"
JNE3798-KR-XXXL,JNE3798,"Western Dress",3XL,7,"Western Dress",9,75,5.77,1.6,"2. Under 2 weeks","Best-seller (top 10%)"
JNE3799-KR-L,JNE3799,Kurta,L,4,Kurta,48,29,2.23,21.5,"5. Over 13 weeks",Other
JNE3799-KR-M,JNE3799,Kurta,M,3,Kurta,28,32,2.46,11.4,"4. 4-13 weeks",Other
JNE3799-KR-S,JNE3799,Kurta,S,2,Kurta,41,13,1.0,41.0,"5. Over 13 weeks",Other
JNE3799-KR-XL,JNE3799,Kurta,XL,5,Kurta,8,23,1.77,4.5,"4. 4-13 weeks",Other
JNE3799-KR-XS,JNE3799,Kurta,XS,1,Kurta,17,23,1.77,9.6,"4. 4-13 weeks",Other
JNE3799-KR-XXL,JNE3799,Kurta,XXL,6,Kurta,7,28,2.15,3.3,"3. 2-4 weeks",Other
JNE3799-KR-XXXL,JNE3799,Kurta,3XL,7,Kurta,14,20,1.54,9.1,"4. 4-13 weeks",Other
JNE3800-KR-A-L,JNE3800,"Western Dress",L,4,"Western Dress",,40,3.08,,"No stock record","Best-seller (top 10%)"
JNE3800-KR-A-M,JNE3800,"Western Dress",M,3,"Western Dress",,33,2.54,,"No stock record",Other
JNE3800-KR-A-S,JNE3800,"Western Dress",S,2,"Western Dress",,29,2.23,,"No stock record",Other
JNE3800-KR-A-XL,JNE3800,"Western Dress",XL,5,"Western Dress",,24,1.85,,"No stock record",Other
JNE3800-KR-A-XS,JNE3800,"Western Dress",XS,1,"Western Dress",,7,0.54,,"No stock record",Other
JNE3800-KR-A-XXL,JNE3800,"Western Dress",XXL,6,"Western Dress",,15,1.15,,"No stock record",Other
JNE3800-KR-A-XXXL,JNE3800,"Western Dress",3XL,7,"Western Dress",,24,1.85,,"No stock record",Other
JNE3800-KR-L,JNE3800,"Western Dress",L,4,"Western Dress",37,160,12.31,3.0,"3. 2-4 weeks","Best-seller (top 10%)"
JNE3800-KR-M,JNE3800,"Western Dress",M,3,"Western Dress",3,135,10.38,0.3,"2. Under 2 weeks","Best-seller (top 10%)"
JNE3800-KR-S,JNE3800,"Western Dress",S,2,"Western Dress",13,80,6.15,2.1,"3. 2-4 weeks","Best-seller (top 10%)"
JNE3800-KR-XL,JNE3800,"Western Dress",XL,5,"Western Dress",62,89,6.85,9.1,"4. 4-13 weeks","Best-seller (top 10%)"
JNE3800-KR-XS,JNE3800,"Western Dress",XS,1,"Western Dress",89,30,2.31,38.6,"5. Over 13 weeks",Other
JNE3800-KR-XXL,JNE3800,"Western Dress",XXL,6,"Western Dress",0,87,6.69,0.0,"1. Out of stock","Best-seller (top 10%)"
JNE3800-KR-XXXL,JNE3800,"Western Dress",3XL,7,"Western Dress",93,78,6.0,15.5,"5. Over 13 weeks","Best-seller (top 10%)"
JNE3801-KR-L,JNE3801,Kurta,L,4,Kurta,3,115,8.85,0.3,"2. Under 2 weeks","Best-seller (top 10%)"
JNE3801-KR-M,JNE3801,Kurta,M,3,Kurta,4,139,10.69,0.4,"2. Under 2 weeks","Best-seller (top 10%)"
JNE3801-KR-S,JNE3801,Kurta,S,2,Kurta,3,84,6.46,0.5,"2. Under 2 weeks","Best-seller (top 10%)"
JNE3801-KR-XL,JNE3801,Kurta,XL,5,Kurta,1,93,7.15,0.1,"2. Under 2 weeks","Best-seller (top 10%)"
JNE3801-KR-XS,JNE3801,Kurta,XS,1,Kurta,5,28,2.15,2.3,"3. 2-4 weeks",Other
JNE3801-KR-XXL,JNE3801,Kurta,XXL,6,Kurta,2,114,8.77,0.2,"2. Under 2 weeks","Best-seller (top 10%)"
JNE3801-KR-XXXL,JNE3801,Kurta,3XL,7,Kurta,8,68,5.23,1.5,"2. Under 2 weeks","Best-seller (top 10%)"
JNE3802-KR-L,JNE3802,Kurta,L,4,Kurta,6,39,3.0,2.0,"3. 2-4 weeks",Other
JNE3802-KR-M,JNE3802,Kurta,M,3,Kurta,7,52,4.0,1.8,"2. Under 2 weeks",Other
JNE3802-KR-S,JNE3802,Kurta,S,2,Kurta,4,32,2.46,1.6,"2. Under 2 weeks",Other
JNE3802-KR-XL,JNE3802,Kurta,XL,5,Kurta,6,26,2.0,3.0,"3. 2-4 weeks",Other
JNE3802-KR-XS,JNE3802,Kurta,XS,1,Kurta,46,23,1.77,26.0,"5. Over 13 weeks",Other
JNE3802-KR-XXL,JNE3802,Kurta,XXL,6,Kurta,15,9,0.69,21.7,"5. Over 13 weeks",Other
JNE3802-KR-XXXL,JNE3802,Kurta,3XL,7,Kurta,7,6,0.46,15.2,"5. Over 13 weeks",Other
JNE3803-KR-L,JNE3803,Kurta,L,4,Kurta,15,12,0.92,16.3,"5. Over 13 weeks",Other
JNE3803-KR-M,JNE3803,Kurta,M,3,Kurta,16,46,3.54,4.5,"4. 4-13 weeks",Other
JNE3803-KR-S,JNE3803,Kurta,S,2,Kurta,20,43,3.31,6.0,"4. 4-13 weeks",Other
JNE3803-KR-XL,JNE3803,Kurta,XL,5,Kurta,9,12,0.92,9.8,"4. 4-13 weeks",Other
JNE3803-KR-XS,JNE3803,Kurta,XS,1,Kurta,13,7,0.54,24.1,"5. Over 13 weeks",Other
JNE3803-KR-XXL,JNE3803,Kurta,XXL,6,Kurta,46,4,0.31,149.5,"5. Over 13 weeks",Other
JNE3803-KR-XXXL,JNE3803,Kurta,3XL,7,Kurta,74,4,0.31,240.5,"5. Over 13 weeks",Other
JNE3804-KR-L,JNE3804,Kurta,L,4,Kurta,130,7,0.54,241.4,"5. Over 13 weeks",Other
JNE3804-KR-M,JNE3804,Kurta,M,3,Kurta,55,21,1.62,34.0,"5. Over 13 weeks",Other
JNE3804-KR-S,JNE3804,Kurta,S,2,Kurta,23,10,0.77,29.9,"5. Over 13 weeks",Other
JNE3804-KR-XL,JNE3804,Kurta,XL,5,Kurta,64,20,1.54,41.6,"5. Over 13 weeks",Other
JNE3804-KR-XS,JNE3804,Kurta,XS,1,Kurta,28,6,0.46,60.7,"5. Over 13 weeks",Other
JNE3804-KR-XXL,JNE3804,Kurta,XXL,6,Kurta,30,14,1.08,27.9,"5. Over 13 weeks",Other
JNE3804-KR-XXXL,JNE3804,Kurta,3XL,7,Kurta,7,5,0.38,18.2,"5. Over 13 weeks",Other
JNE3805-KR-L,JNE3805,Kurta,L,4,Kurta,68,46,3.54,19.2,"5. Over 13 weeks",Other
JNE3805-KR-M,JNE3805,Kurta,M,3,Kurta,89,27,2.08,42.9,"5. Over 13 weeks",Other
JNE3805-KR-S,JNE3805,Kurta,S,2,Kurta,106,23,1.77,59.9,"5. Over 13 weeks",Other
JNE3805-KR-XL,JNE3805,Kurta,XL,5,Kurta,95,42,3.23,29.4,"5. Over 13 weeks",Other
JNE3805-KR-XS,JNE3805,Kurta,XS,1,Kurta,84,9,0.69,121.3,"5. Over 13 weeks",Other
JNE3805-KR-XXL,JNE3805,Kurta,XXL,6,Kurta,116,20,1.54,75.4,"5. Over 13 weeks",Other
JNE3805-KR-XXXL,JNE3805,Kurta,3XL,7,Kurta,77,24,1.85,41.7,"5. Over 13 weeks",Other
JNE3806-KR-L,JNE3806,Kurta,L,4,Kurta,10,17,1.31,7.6,"4. 4-13 weeks",Other
JNE3806-KR-M,JNE3806,Kurta,M,3,Kurta,9,13,1.0,9.0,"4. 4-13 weeks",Other
JNE3806-KR-S,JNE3806,Kurta,S,2,Kurta,37,6,0.46,80.2,"5. Over 13 weeks",Other
JNE3806-KR-XL,JNE3806,Kurta,XL,5,Kurta,4,17,1.31,3.1,"3. 2-4 weeks",Other
JNE3806-KR-XS,JNE3806,Kurta,XS,1,Kurta,36,3,0.23,156.0,"5. Over 13 weeks",Other
JNE3806-KR-XXL,JNE3806,Kurta,XXL,6,Kurta,11,22,1.69,6.5,"4. 4-13 weeks",Other
JNE3806-KR-XXXL,JNE3806,Kurta,3XL,7,Kurta,6,19,1.46,4.1,"4. 4-13 weeks",Other
JNE3807-KR-L,JNE3807,Kurta,L,4,Kurta,9,17,1.31,6.9,"4. 4-13 weeks",Other
JNE3807-KR-M,JNE3807,Kurta,M,3,Kurta,62,8,0.62,100.8,"5. Over 13 weeks",Other
JNE3807-KR-S,JNE3807,Kurta,S,2,Kurta,10,20,1.54,6.5,"4. 4-13 weeks",Other
JNE3807-KR-XL,JNE3807,Kurta,XL,5,Kurta,7,10,0.77,9.1,"4. 4-13 weeks",Other
JNE3807-KR-XS,JNE3807,Kurta,XS,1,Kurta,5,14,1.08,4.6,"4. 4-13 weeks",Other
JNE3807-KR-XXL,JNE3807,Kurta,XXL,6,Kurta,2,17,1.31,1.5,"2. Under 2 weeks",Other
JNE3807-KR-XXXL,JNE3807,Kurta,3XL,7,Kurta,12,21,1.62,7.4,"4. 4-13 weeks",Other
JNE3810-KR-L,JNE3810,Kurta,L,4,Kurta,0,32,2.46,0.0,"1. Out of stock",Other
JNE3810-KR-M,JNE3810,Kurta,M,3,Kurta,13,23,1.77,7.3,"4. 4-13 weeks",Other
JNE3810-KR-S,JNE3810,Kurta,S,2,Kurta,37,15,1.15,32.1,"5. Over 13 weeks",Other
JNE3810-KR-XL,JNE3810,Kurta,XL,5,Kurta,1,36,2.77,0.4,"2. Under 2 weeks",Other
JNE3810-KR-XS,JNE3810,Kurta,XS,1,Kurta,37,12,0.92,40.1,"5. Over 13 weeks",Other
JNE3810-KR-XXL,JNE3810,Kurta,XXL,6,Kurta,16,25,1.92,8.3,"4. 4-13 weeks",Other
JNE3810-KR-XXXL,JNE3810,Kurta,3XL,7,Kurta,21,24,1.85,11.4,"4. 4-13 weeks",Other
JNE3811-KR-L,JNE3811,Kurta,L,4,Kurta,7,9,0.69,10.1,"4. 4-13 weeks",Other
JNE3811-KR-M,JNE3811,Kurta,M,3,Kurta,6,5,0.38,15.6,"5. Over 13 weeks",Other
JNE3811-KR-S,JNE3811,Kurta,S,2,Kurta,5,5,0.38,13.0,"5. Over 13 weeks",Other
JNE3811-KR-XL,JNE3811,Kurta,XL,5,Kurta,7,7,0.54,13.0,"5. Over 13 weeks",Other
JNE3811-KR-XS,JNE3811,Kurta,XS,1,Kurta,5,4,0.31,16.3,"5. Over 13 weeks",Other
JNE3811-KR-XXL,JNE3811,Kurta,XXL,6,Kurta,18,6,0.46,39.0,"5. Over 13 weeks",Other
JNE3811-KR-XXXL,JNE3811,Kurta,3XL,7,Kurta,12,4,0.31,39.0,"5. Over 13 weeks",Other
JNE3813-KR-L,JNE3813,Kurta,L,4,Kurta,1,1,0.08,13.0,"5. Over 13 weeks",Other
JNE3813-KR-M,JNE3813,Kurta,M,3,Kurta,0,4,0.31,0.0,"1. Out of stock",Other
JNE3813-KR-S,JNE3813,Kurta,S,2,Kurta,15,4,0.31,48.8,"5. Over 13 weeks",Other
JNE3813-KR-XL,JNE3813,Kurta,XL,5,Kurta,0,4,0.31,0.0,"1. Out of stock",Other
JNE3813-KR-XS,JNE3813,Kurta,XS,1,Kurta,17,2,0.15,110.5,"5. Over 13 weeks",Other
JNE3813-KR-XXL,JNE3813,Kurta,XXL,6,Kurta,2,7,0.54,3.7,"3. 2-4 weeks",Other
JNE3813-KR-XXXL,JNE3813,Kurta,3XL,7,Kurta,0,9,0.69,0.0,"1. Out of stock",Other
JNE3816-KR-L,JNE3816,Kurta,L,4,Kurta,5,4,0.31,16.3,"5. Over 13 weeks",Other
JNE3816-KR-M,JNE3816,Kurta,M,3,Kurta,7,2,0.15,45.5,"5. Over 13 weeks",Other
JNE3816-KR-S,JNE3816,Kurta,S,2,Kurta,6,2,0.15,39.0,"5. Over 13 weeks",Other
JNE3816-KR-XL,JNE3816,Kurta,XL,5,Kurta,2,5,0.38,5.2,"4. 4-13 weeks",Other
JNE3816-KR-XS,JNE3816,Kurta,XS,1,Kurta,9,1,0.08,117.0,"5. Over 13 weeks",Other
JNE3816-KR-XXL,JNE3816,Kurta,XXL,6,Kurta,7,7,0.54,13.0,"5. Over 13 weeks",Other
JNE3816-KR-XXXL,JNE3816,Kurta,3XL,7,Kurta,4,2,0.15,26.0,"5. Over 13 weeks",Other
JNE3817-KR-L,JNE3817,Kurta,L,4,Kurta,4,8,0.62,6.5,"4. 4-13 weeks",Other
JNE3817-KR-M,JNE3817,Kurta,M,3,Kurta,4,7,0.54,7.4,"4. 4-13 weeks",Other
JNE3817-KR-S,JNE3817,Kurta,S,2,Kurta,4,12,0.92,4.3,"4. 4-13 weeks",Other
JNE3817-KR-XL,JNE3817,Kurta,XL,5,Kurta,4,14,1.08,3.7,"3. 2-4 weeks",Other
JNE3817-KR-XS,JNE3817,Kurta,XS,1,Kurta,4,12,0.92,4.3,"4. 4-13 weeks",Other
JNE3817-KR-XXL,JNE3817,Kurta,XXL,6,Kurta,4,15,1.15,3.5,"3. 2-4 weeks",Other
JNE3817-KR-XXXL,JNE3817,Kurta,3XL,7,Kurta,1,3,0.23,4.3,"4. 4-13 weeks",Other
JNE3818-KR-L,JNE3818,Kurta,L,4,Kurta,4,12,0.92,4.3,"4. 4-13 weeks",Other
JNE3818-KR-M,JNE3818,Kurta,M,3,Kurta,5,21,1.62,3.1,"3. 2-4 weeks",Other
JNE3818-KR-S,JNE3818,Kurta,S,2,Kurta,4,8,0.62,6.5,"4. 4-13 weeks",Other
JNE3818-KR-XL,JNE3818,Kurta,XL,5,Kurta,3,15,1.15,2.6,"3. 2-4 weeks",Other
JNE3818-KR-XS,JNE3818,Kurta,XS,1,Kurta,16,3,0.23,69.3,"5. Over 13 weeks",Other
JNE3818-KR-XXL,JNE3818,Kurta,XXL,6,Kurta,2,14,1.08,1.9,"2. Under 2 weeks",Other
JNE3818-KR-XXXL,JNE3818,Kurta,3XL,7,Kurta,4,12,0.92,4.3,"4. 4-13 weeks",Other
JNE3819-KR-L,JNE3819,Kurta,L,4,Kurta,8,6,0.46,17.3,"5. Over 13 weeks",Other
JNE3819-KR-M,JNE3819,Kurta,M,3,Kurta,7,4,0.31,22.8,"5. Over 13 weeks",Other
JNE3819-KR-S,JNE3819,Kurta,S,2,Kurta,11,2,0.15,71.5,"5. Over 13 weeks",Other
JNE3819-KR-XL,JNE3819,Kurta,XL,5,Kurta,2,3,0.23,8.7,"4. 4-13 weeks",Other
JNE3819-KR-XS,JNE3819,Kurta,XS,1,Kurta,6,1,0.08,78.0,"5. Over 13 weeks",Other
JNE3819-KR-XXL,JNE3819,Kurta,XXL,6,Kurta,9,4,0.31,29.3,"5. Over 13 weeks",Other
JNE3819-KR-XXXL,JNE3819,Kurta,3XL,7,Kurta,3,5,0.38,7.8,"4. 4-13 weeks",Other
JNE3820-KR-L,JNE3820,Kurta,L,4,Kurta,3,3,0.23,13.0,"5. Over 13 weeks",Other
JNE3820-KR-M,JNE3820,Kurta,M,3,Kurta,3,2,0.15,19.5,"5. Over 13 weeks",Other
JNE3820-KR-S,JNE3820,Kurta,S,2,Kurta,10,10,0.77,13.0,"5. Over 13 weeks",Other
JNE3820-KR-XL,JNE3820,Kurta,XL,5,Kurta,2,6,0.46,4.3,"4. 4-13 weeks",Other
JNE3820-KR-XS,JNE3820,Kurta,XS,1,Kurta,16,3,0.23,69.3,"5. Over 13 weeks",Other
JNE3820-KR-XXL,JNE3820,Kurta,XXL,6,Kurta,3,1,0.08,39.0,"5. Over 13 weeks",Other
JNE3820-KR-XXXL,JNE3820,Kurta,3XL,7,Kurta,2,1,0.08,26.0,"5. Over 13 weeks",Other
JNE3821-KR-L,JNE3821,Kurta,L,4,Kurta,4,1,0.08,52.0,"5. Over 13 weeks",Other
JNE3821-KR-M,JNE3821,Kurta,M,3,Kurta,4,4,0.31,13.0,"5. Over 13 weeks",Other
JNE3821-KR-S,JNE3821,Kurta,S,2,Kurta,4,7,0.54,7.4,"4. 4-13 weeks",Other
JNE3821-KR-XL,JNE3821,Kurta,XL,5,Kurta,2,3,0.23,8.7,"4. 4-13 weeks",Other
JNE3821-KR-XS,JNE3821,Kurta,XS,1,Kurta,7,5,0.38,18.2,"5. Over 13 weeks",Other
JNE3821-KR-XXL,JNE3821,Kurta,XXL,6,Kurta,4,6,0.46,8.7,"4. 4-13 weeks",Other
JNE3821-KR-XXXL,JNE3821,Kurta,3XL,7,Kurta,4,2,0.15,26.0,"5. Over 13 weeks",Other
JNE3822-KR-L,JNE3822,Kurta,L,4,Kurta,6,38,2.92,2.1,"3. 2-4 weeks",Other
JNE3822-KR-M,JNE3822,Kurta,M,3,Kurta,6,30,2.31,2.6,"3. 2-4 weeks",Other
JNE3822-KR-S,JNE3822,Kurta,S,2,Kurta,67,12,0.92,72.6,"5. Over 13 weeks",Other
JNE3822-KR-XL,JNE3822,Kurta,XL,5,Kurta,18,45,3.46,5.2,"4. 4-13 weeks",Other
JNE3822-KR-XS,JNE3822,Kurta,XS,1,Kurta,51,4,0.31,165.8,"5. Over 13 weeks",Other
JNE3822-KR-XXL,JNE3822,Kurta,XXL,6,Kurta,7,46,3.54,2.0,"2. Under 2 weeks",Other
JNE3822-KR-XXXL,JNE3822,Kurta,3XL,7,Kurta,2,7,0.54,3.7,"3. 2-4 weeks",Other
JNE3823-KR-L,JNE3823,Kurta,L,4,Kurta,4,2,0.15,26.0,"5. Over 13 weeks",Other
JNE3823-KR-M,JNE3823,Kurta,M,3,Kurta,3,4,0.31,9.8,"4. 4-13 weeks",Other
JNE3823-KR-S,JNE3823,Kurta,S,2,Kurta,6,7,0.54,11.1,"4. 4-13 weeks",Other
JNE3823-KR-XL,JNE3823,Kurta,XL,5,Kurta,2,1,0.08,26.0,"5. Over 13 weeks",Other
JNE3823-KR-XS,JNE3823,Kurta,XS,1,Kurta,9,5,0.38,23.4,"5. Over 13 weeks",Other
JNE3823-KR-XXL,JNE3823,Kurta,XXL,6,Kurta,3,5,0.38,7.8,"4. 4-13 weeks",Other
JNE3823-KR-XXXL,JNE3823,Kurta,3XL,7,Kurta,2,1,0.08,26.0,"5. Over 13 weeks",Other
JNE3825-KR-L,JNE3825,Kurta,L,4,Kurta,2,,,,"No paid units",Other
JNE3825-KR-M,JNE3825,Kurta,M,3,Kurta,4,4,0.31,13.0,"5. Over 13 weeks",Other
JNE3825-KR-S,JNE3825,Kurta,S,2,Kurta,6,6,0.46,13.0,"5. Over 13 weeks",Other
JNE3825-KR-XS,JNE3825,Kurta,XS,1,Kurta,10,6,0.46,21.7,"5. Over 13 weeks",Other
JNE3825-KR-XXL,JNE3825,Kurta,XXL,6,Kurta,2,3,0.23,8.7,"4. 4-13 weeks",Other
JNE3825-KR-XXXL,JNE3825,Kurta,3XL,7,Kurta,1,2,0.15,6.5,"4. 4-13 weeks",Other
JNE3833-KR-L,JNE3833,Kurta,L,4,Kurta,45,7,0.54,83.6,"5. Over 13 weeks",Other
JNE3833-KR-M,JNE3833,Kurta,M,3,Kurta,42,3,0.23,182.0,"5. Over 13 weeks",Other
JNE3833-KR-S,JNE3833,Kurta,S,2,Kurta,43,1,0.08,559.0,"5. Over 13 weeks",Other
JNE3833-KR-XL,JNE3833,Kurta,XL,5,Kurta,42,2,0.15,273.0,"5. Over 13 weeks",Other
JNE3833-KR-XS,JNE3833,Kurta,XS,1,Kurta,43,3,0.23,186.3,"5. Over 13 weeks",Other
JNE3833-KR-XXL,JNE3833,Kurta,XXL,6,Kurta,46,7,0.54,85.4,"5. Over 13 weeks",Other
JNE3833-KR-XXXL,JNE3833,Kurta,3XL,7,Kurta,35,7,0.54,65.0,"5. Over 13 weeks",Other
JNE3834-KR-L,JNE3834,Kurta,L,4,Kurta,49,6,0.46,106.2,"5. Over 13 weeks",Other
JNE3834-KR-M,JNE3834,Kurta,M,3,Kurta,41,6,0.46,88.8,"5. Over 13 weeks",Other
JNE3834-KR-S,JNE3834,Kurta,S,2,Kurta,54,5,0.38,140.4,"5. Over 13 weeks",Other
JNE3834-KR-XL,JNE3834,Kurta,XL,5,Kurta,51,3,0.23,221.0,"5. Over 13 weeks",Other
JNE3834-KR-XS,JNE3834,Kurta,XS,1,Kurta,42,4,0.31,136.5,"5. Over 13 weeks",Other
JNE3834-KR-XXL,JNE3834,Kurta,XXL,6,Kurta,44,17,1.31,33.6,"5. Over 13 weeks",Other
JNE3834-KR-XXXL,JNE3834,Kurta,3XL,7,Kurta,10,1,0.08,130.0,"5. Over 13 weeks",Other
JNE3835-KR-L,JNE3835,Kurta,L,4,Kurta,35,6,0.46,75.8,"5. Over 13 weeks",Other
JNE3835-KR-M,JNE3835,Kurta,M,3,Kurta,46,8,0.62,74.8,"5. Over 13 weeks",Other
JNE3835-KR-S,JNE3835,Kurta,S,2,Kurta,37,11,0.85,43.7,"5. Over 13 weeks",Other
JNE3835-KR-XL,JNE3835,Kurta,XL,5,Kurta,25,7,0.54,46.4,"5. Over 13 weeks",Other
JNE3835-KR-XS,JNE3835,Kurta,XS,1,Kurta,44,5,0.38,114.4,"5. Over 13 weeks",Other
JNE3835-KR-XXL,JNE3835,Kurta,XXL,6,Kurta,55,6,0.46,119.2,"5. Over 13 weeks",Other
JNE3835-KR-XXXL,JNE3835,Kurta,3XL,7,Kurta,42,2,0.15,273.0,"5. Over 13 weeks",Other
JNE3836-KR-L,JNE3836,Kurta,L,4,Kurta,49,14,1.08,45.5,"5. Over 13 weeks",Other
JNE3836-KR-M,JNE3836,Kurta,M,3,Kurta,47,13,1.0,47.0,"5. Over 13 weeks",Other
JNE3836-KR-S,JNE3836,Kurta,S,2,Kurta,21,13,1.0,21.0,"5. Over 13 weeks",Other
JNE3836-KR-XL,JNE3836,Kurta,XL,5,Kurta,47,9,0.69,67.9,"5. Over 13 weeks",Other
JNE3836-KR-XS,JNE3836,Kurta,XS,1,Kurta,36,5,0.38,93.6,"5. Over 13 weeks",Other
JNE3836-KR-XXL,JNE3836,Kurta,XXL,6,Kurta,25,21,1.62,15.5,"5. Over 13 weeks",Other
JNE3836-KR-XXXL,JNE3836,Kurta,3XL,7,Kurta,34,11,0.85,40.2,"5. Over 13 weeks",Other
JNE3837-KR-L,JNE3837,Kurta,L,4,Kurta,16,28,2.15,7.4,"4. 4-13 weeks",Other
JNE3837-KR-M,JNE3837,Kurta,M,3,Kurta,9,42,3.23,2.8,"3. 2-4 weeks",Other
JNE3837-KR-S,JNE3837,Kurta,S,2,Kurta,40,21,1.62,24.8,"5. Over 13 weeks",Other
JNE3837-KR-XL,JNE3837,Kurta,XL,5,Kurta,19,32,2.46,7.7,"4. 4-13 weeks",Other
JNE3837-KR-XS,JNE3837,Kurta,XS,1,Kurta,55,11,0.85,65.0,"5. Over 13 weeks",Other
JNE3837-KR-XXL,JNE3837,Kurta,XXL,6,Kurta,29,23,1.77,16.4,"5. Over 13 weeks",Other
JNE3837-KR-XXXL,JNE3837,Kurta,3XL,7,Kurta,18,26,2.0,9.0,"4. 4-13 weeks",Other
JNE3838-KR-L,JNE3838,Kurta,L,4,Kurta,5,42,3.23,1.5,"2. Under 2 weeks",Other
JNE3838-KR-M,JNE3838,Kurta,M,3,Kurta,5,32,2.46,2.0,"3. 2-4 weeks",Other
JNE3838-KR-S,JNE3838,Kurta,S,2,Kurta,41,15,1.15,35.5,"5. Over 13 weeks",Other
JNE3838-KR-XL,JNE3838,Kurta,XL,5,Kurta,2,39,3.0,0.7,"2. Under 2 weeks",Other
JNE3838-KR-XS,JNE3838,Kurta,XS,1,Kurta,35,11,0.85,41.4,"5. Over 13 weeks",Other
JNE3838-KR-XXL,JNE3838,Kurta,XXL,6,Kurta,2,40,3.08,0.6,"2. Under 2 weeks",Other
JNE3838-KR-XXXL,JNE3838,Kurta,3XL,7,Kurta,2,30,2.31,0.9,"2. Under 2 weeks",Other
JNE3856-KR-L,JNE3856,Kurta,L,4,Kurta,27,16,1.23,21.9,"5. Over 13 weeks",Other
JNE3856-KR-M,JNE3856,Kurta,M,3,Kurta,34,5,0.38,88.4,"5. Over 13 weeks",Other
JNE3856-KR-S,JNE3856,Kurta,S,2,Kurta,24,1,0.08,312.0,"5. Over 13 weeks",Other
JNE3856-KR-XL,JNE3856,Kurta,XL,5,Kurta,17,17,1.31,13.0,"5. Over 13 weeks",Other
JNE3856-KR-XS,JNE3856,Kurta,XS,1,Kurta,21,2,0.15,136.5,"5. Over 13 weeks",Other
JNE3856-KR-XXL,JNE3856,Kurta,XXL,6,Kurta,32,17,1.31,24.5,"5. Over 13 weeks",Other
JNE3856-KR-XXXL,JNE3856,Kurta,3XL,7,Kurta,16,11,0.85,18.9,"5. Over 13 weeks",Other
JNE3860-DR-L,JNE3860,"Western Dress",L,4,"Western Dress",8,21,1.62,5.0,"4. 4-13 weeks",Other
JNE3860-DR-M,JNE3860,"Western Dress",M,3,"Western Dress",13,16,1.23,10.6,"4. 4-13 weeks",Other
JNE3860-DR-S,JNE3860,"Western Dress",S,2,"Western Dress",47,4,0.31,152.8,"5. Over 13 weeks",Other
JNE3860-DR-XL,JNE3860,"Western Dress",XL,5,"Western Dress",6,18,1.38,4.3,"4. 4-13 weeks",Other
JNE3860-DR-XS,JNE3860,"Western Dress",XS,1,"Western Dress",54,4,0.31,175.5,"5. Over 13 weeks",Other
JNE3860-DR-XXL,JNE3860,"Western Dress",XXL,6,"Western Dress",15,19,1.46,10.3,"4. 4-13 weeks",Other
JNE3860-DR-XXXL,JNE3860,"Western Dress",3XL,7,"Western Dress",6,30,2.31,2.6,"3. 2-4 weeks",Other
JNE3861-DR-L,JNE3861,"Western Dress",L,4,"Western Dress",0,53,4.08,0.0,"1. Out of stock","Best-seller (top 10%)"
JNE3861-DR-M,JNE3861,"Western Dress",M,3,"Western Dress",1,23,1.77,0.6,"2. Under 2 weeks",Other
JNE3861-DR-S,JNE3861,"Western Dress",S,2,"Western Dress",12,25,1.92,6.2,"4. 4-13 weeks",Other
JNE3861-DR-XL,JNE3861,"Western Dress",XL,5,"Western Dress",3,52,4.0,0.8,"2. Under 2 weeks","Best-seller (top 10%)"
JNE3861-DR-XS,JNE3861,"Western Dress",XS,1,"Western Dress",32,18,1.38,23.1,"5. Over 13 weeks",Other
JNE3861-DR-XXL,JNE3861,"Western Dress",XXL,6,"Western Dress",10,45,3.46,2.9,"3. 2-4 weeks","Best-seller (top 10%)"
JNE3861-DR-XXXL,JNE3861,"Western Dress",3XL,7,"Western Dress",4,24,1.85,2.2,"3. 2-4 weeks",Other
JNE3862-TU-L,JNE3862,Top,L,4,Top,3,10,0.77,3.9,"3. 2-4 weeks",Other
JNE3862-TU-M,JNE3862,Top,M,3,Top,4,6,0.46,8.7,"4. 4-13 weeks",Other
JNE3862-TU-S,JNE3862,Top,S,2,Top,12,6,0.46,26.0,"5. Over 13 weeks",Other
JNE3862-TU-XL,JNE3862,Top,XL,5,Top,6,7,0.54,11.1,"4. 4-13 weeks",Other
JNE3862-TU-XS,JNE3862,Top,XS,1,Top,25,1,0.08,325.0,"5. Over 13 weeks",Other
JNE3862-TU-XXL,JNE3862,Top,XXL,6,Top,5,2,0.15,32.5,"5. Over 13 weeks",Other
JNE3862-TU-XXXL,JNE3862,Top,3XL,7,Top,3,12,0.92,3.3,"3. 2-4 weeks",Other
JNE3863-TU-L,JNE3863,Top,L,4,Top,4,14,1.08,3.7,"3. 2-4 weeks",Other
JNE3863-TU-M,JNE3863,Top,M,3,Top,3,20,1.54,1.9,"2. Under 2 weeks",Other
JNE3863-TU-S,JNE3863,Top,S,2,Top,19,19,1.46,13.0,"5. Over 13 weeks",Other
JNE3863-TU-XL,JNE3863,Top,XL,5,Top,2,21,1.62,1.2,"2. Under 2 weeks",Other
JNE3863-TU-XS,JNE3863,Top,XS,1,Top,42,4,0.31,136.5,"5. Over 13 weeks",Other
JNE3863-TU-XXL,JNE3863,Top,XXL,6,Top,3,20,1.54,1.9,"2. Under 2 weeks",Other
JNE3863-TU-XXXL,JNE3863,Top,3XL,7,Top,1,8,0.62,1.6,"2. Under 2 weeks",Other
JNE3864-TU-L,JNE3864,Top,L,4,Top,6,9,0.69,8.7,"4. 4-13 weeks",Other
JNE3864-TU-M,JNE3864,Top,M,3,Top,5,7,0.54,9.3,"4. 4-13 weeks",Other
JNE3864-TU-S,JNE3864,Top,S,2,Top,42,2,0.15,273.0,"5. Over 13 weeks",Other
JNE3864-TU-XL,JNE3864,Top,XL,5,Top,2,7,0.54,3.7,"3. 2-4 weeks",Other
JNE3864-TU-XS,JNE3864,Top,XS,1,Top,59,2,0.15,383.5,"5. Over 13 weeks",Other
JNE3864-TU-XXL,JNE3864,Top,XXL,6,Top,5,7,0.54,9.3,"4. 4-13 weeks",Other
JNE3864-TU-XXXL,JNE3864,Top,3XL,7,Top,3,8,0.62,4.9,"4. 4-13 weeks",Other
JNE3865-TP-L,JNE3865,Top,L,4,Top,3,39,3.0,1.0,"2. Under 2 weeks",Other
JNE3865-TP-M,JNE3865,Top,M,3,Top,2,16,1.23,1.6,"2. Under 2 weeks",Other
JNE3865-TP-S,JNE3865,Top,S,2,Top,6,23,1.77,3.4,"3. 2-4 weeks",Other
JNE3865-TP-XL,JNE3865,Top,XL,5,Top,3,20,1.54,1.9,"2. Under 2 weeks",Other
JNE3865-TP-XS,JNE3865,Top,XS,1,Top,13,5,0.38,33.8,"5. Over 13 weeks",Other
JNE3865-TP-XXL,JNE3865,Top,XXL,6,Top,4,31,2.38,1.7,"2. Under 2 weeks",Other
JNE3865-TP-XXXL,JNE3865,Top,3XL,7,Top,1,28,2.15,0.5,"2. Under 2 weeks",Other
JNE3866-KR-L,JNE3866,Kurta,L,4,Kurta,58,7,0.54,107.7,"5. Over 13 weeks",Other
JNE3866-KR-M,JNE3866,Kurta,M,3,Kurta,59,7,0.54,109.6,"5. Over 13 weeks",Other
JNE3866-KR-S,JNE3866,Kurta,S,2,Kurta,85,2,0.15,552.5,"5. Over 13 weeks",Other
JNE3866-KR-XL,JNE3866,Kurta,XL,5,Kurta,66,8,0.62,107.3,"5. Over 13 weeks",Other
JNE3866-KR-XS,JNE3866,Kurta,XS,1,Kurta,76,2,0.15,494.0,"5. Over 13 weeks",Other
JNE3866-KR-XXL,JNE3866,Kurta,XXL,6,Kurta,75,4,0.31,243.8,"5. Over 13 weeks",Other
JNE3866-KR-XXXL,JNE3866,Kurta,3XL,7,Kurta,64,3,0.23,277.3,"5. Over 13 weeks",Other
JNE3869-DR-L,JNE3869,"Western Dress",L,4,"Western Dress",6,24,1.85,3.3,"3. 2-4 weeks",Other
JNE3869-DR-M,JNE3869,"Western Dress",M,3,"Western Dress",3,61,4.69,0.6,"2. Under 2 weeks","Best-seller (top 10%)"
JNE3869-DR-S,JNE3869,"Western Dress",S,2,"Western Dress",4,31,2.38,1.7,"2. Under 2 weeks",Other
JNE3869-DR-XL,JNE3869,"Western Dress",XL,5,"Western Dress",3,40,3.08,1.0,"2. Under 2 weeks","Best-seller (top 10%)"
JNE3869-DR-XS,JNE3869,"Western Dress",XS,1,"Western Dress",6,18,1.38,4.3,"4. 4-13 weeks",Other
JNE3869-DR-XXL,JNE3869,"Western Dress",XXL,6,"Western Dress",2,29,2.23,0.9,"2. Under 2 weeks",Other
JNE3869-DR-XXXL,JNE3869,"Western Dress",3XL,7,"Western Dress",2,30,2.31,0.9,"2. Under 2 weeks",Other
JNE3870-DR-L,JNE3870,"Western Dress",L,4,"Western Dress",2,19,1.46,1.4,"2. Under 2 weeks",Other
JNE3870-DR-M,JNE3870,"Western Dress",M,3,"Western Dress",4,28,2.15,1.9,"2. Under 2 weeks",Other
JNE3870-DR-S,JNE3870,"Western Dress",S,2,"Western Dress",3,22,1.69,1.8,"2. Under 2 weeks",Other
JNE3870-DR-XL,JNE3870,"Western Dress",XL,5,"Western Dress",1,22,1.69,0.6,"2. Under 2 weeks",Other
JNE3870-DR-XS,JNE3870,"Western Dress",XS,1,"Western Dress",6,11,0.85,7.1,"4. 4-13 weeks",Other
JNE3870-DR-XXL,JNE3870,"Western Dress",XXL,6,"Western Dress",2,38,2.92,0.7,"2. Under 2 weeks","Best-seller (top 10%)"
JNE3870-DR-XXXL,JNE3870,"Western Dress",3XL,7,"Western Dress",5,32,2.46,2.0,"3. 2-4 weeks",Other
JNE3871-KR-S,JNE3871,Kurta,S,2,Kurta,103,1,0.08,1339.0,"5. Over 13 weeks",Other
JNE3872-KR-L,JNE3872,Kurta,L,4,Kurta,89,2,0.15,578.5,"5. Over 13 weeks",Other
JNE3872-KR-M,JNE3872,Kurta,M,3,Kurta,91,2,0.15,591.5,"5. Over 13 weeks",Other
JNE3872-KR-XL,JNE3872,Kurta,XL,5,Kurta,86,2,0.15,559.0,"5. Over 13 weeks",Other
JNE3872-KR-XXL,JNE3872,Kurta,XXL,6,Kurta,92,2,0.15,598.0,"5. Over 13 weeks",Other
JNE3872-KR-XXXL,JNE3872,Kurta,3XL,7,Kurta,74,2,0.15,481.0,"5. Over 13 weeks",Other
JNE3875-KR-L,JNE3875,Kurta,L,4,Kurta,90,6,0.46,195.0,"5. Over 13 weeks",Other
JNE3875-KR-M,JNE3875,Kurta,M,3,Kurta,84,2,0.15,546.0,"5. Over 13 weeks",Other
JNE3875-KR-S,JNE3875,Kurta,S,2,Kurta,89,2,0.15,578.5,"5. Over 13 weeks",Other
JNE3875-KR-XL,JNE3875,Kurta,XL,5,Kurta,95,4,0.31,308.8,"5. Over 13 weeks",Other
JNE3875-KR-XXL,JNE3875,Kurta,XXL,6,Kurta,95,5,0.38,247.0,"5. Over 13 weeks",Other
JNE3875-KR-XXXL,JNE3875,Kurta,3XL,7,Kurta,59,10,0.77,76.7,"5. Over 13 weeks",Other
JNE3878-KR-L,JNE3878,Kurta,L,4,Kurta,24,23,1.77,13.6,"5. Over 13 weeks",Other
JNE3878-KR-M,JNE3878,Kurta,M,3,Kurta,55,10,0.77,71.5,"5. Over 13 weeks",Other
JNE3878-KR-S,JNE3878,Kurta,S,2,Kurta,59,6,0.46,127.8,"5. Over 13 weeks",Other
JNE3878-KR-XL,JNE3878,Kurta,XL,5,Kurta,16,28,2.15,7.4,"4. 4-13 weeks",Other
JNE3878-KR-XS,JNE3878,Kurta,XS,1,Kurta,63,4,0.31,204.8,"5. Over 13 weeks",Other
JNE3878-KR-XXL,JNE3878,Kurta,XXL,6,Kurta,27,29,2.23,12.1,"4. 4-13 weeks",Other
JNE3878-KR-XXXL,JNE3878,Kurta,3XL,7,Kurta,3,34,2.62,1.1,"2. Under 2 weeks",Other
JNE3879-DR-L,JNE3879,"Western Dress",L,4,"Western Dress",16,17,1.31,12.2,"4. 4-13 weeks",Other
JNE3879-DR-M,JNE3879,"Western Dress",M,3,"Western Dress",20,12,0.92,21.7,"5. Over 13 weeks",Other
JNE3879-DR-S,JNE3879,"Western Dress",S,2,"Western Dress",45,4,0.31,146.3,"5. Over 13 weeks",Other
JNE3879-DR-XL,JNE3879,"Western Dress",XL,5,"Western Dress",17,16,1.23,13.8,"5. Over 13 weeks",Other
JNE3879-DR-XS,JNE3879,"Western Dress",XS,1,"Western Dress",46,2,0.15,299.0,"5. Over 13 weeks",Other
JNE3879-DR-XXL,JNE3879,"Western Dress",XXL,6,"Western Dress",12,14,1.08,11.1,"4. 4-13 weeks",Other
JNE3879-DR-XXXL,JNE3879,"Western Dress",3XL,7,"Western Dress",5,29,2.23,2.2,"3. 2-4 weeks",Other
JNE3880-DR-L,JNE3880,"Western Dress",L,4,"Western Dress",33,11,0.85,39.0,"5. Over 13 weeks",Other
JNE3880-DR-M,JNE3880,"Western Dress",M,3,"Western Dress",36,10,0.77,46.8,"5. Over 13 weeks",Other
JNE3880-DR-S,JNE3880,"Western Dress",S,2,"Western Dress",42,7,0.54,78.0,"5. Over 13 weeks",Other
JNE3880-DR-XL,JNE3880,"Western Dress",XL,5,"Western Dress",32,10,0.77,41.6,"5. Over 13 weeks",Other
JNE3880-DR-XS,JNE3880,"Western Dress",XS,1,"Western Dress",49,4,0.31,159.3,"5. Over 13 weeks",Other
JNE3880-DR-XXL,JNE3880,"Western Dress",XXL,6,"Western Dress",34,4,0.31,110.5,"5. Over 13 weeks",Other
JNE3880-DR-XXXL,JNE3880,"Western Dress",3XL,7,"Western Dress",17,17,1.31,13.0,"5. Over 13 weeks",Other
JNE3881-DR-L,JNE3881,"Western Dress",L,4,"Western Dress",2,10,0.77,2.6,"3. 2-4 weeks",Other
JNE3881-DR-M,JNE3881,"Western Dress",M,3,"Western Dress",3,5,0.38,7.8,"4. 4-13 weeks",Other
JNE3881-DR-S,JNE3881,"Western Dress",S,2,"Western Dress",2,4,0.31,6.5,"4. 4-13 weeks",Other
JNE3881-DR-XL,JNE3881,"Western Dress",XL,5,"Western Dress",0,9,0.69,0.0,"1. Out of stock",Other
JNE3881-DR-XS,JNE3881,"Western Dress",XS,1,"Western Dress",6,2,0.15,39.0,"5. Over 13 weeks",Other
JNE3881-DR-XXL,JNE3881,"Western Dress",XXL,6,"Western Dress",1,10,0.77,1.3,"2. Under 2 weeks",Other
JNE3881-DR-XXXL,JNE3881,"Western Dress",3XL,7,"Western Dress",1,10,0.77,1.3,"2. Under 2 weeks",Other
JNE3885-KR-L,JNE3885,Kurta,L,4,Kurta,52,3,0.23,225.3,"5. Over 13 weeks",Other
JNE3885-KR-M,JNE3885,Kurta,M,3,Kurta,61,3,0.23,264.3,"5. Over 13 weeks",Other
JNE3885-KR-S,JNE3885,Kurta,S,2,Kurta,71,1,0.08,923.0,"5. Over 13 weeks",Other
JNE3885-KR-XL,JNE3885,Kurta,XL,5,Kurta,41,10,0.77,53.3,"5. Over 13 weeks",Other
JNE3885-KR-XS,JNE3885,Kurta,XS,1,Kurta,56,1,0.08,728.0,"5. Over 13 weeks",Other
JNE3885-KR-XXL,JNE3885,Kurta,XXL,6,Kurta,60,4,0.31,195.0,"5. Over 13 weeks",Other
JNE3885-KR-XXXL,JNE3885,Kurta,3XL,7,Kurta,36,7,0.54,66.9,"5. Over 13 weeks",Other
JNE3886-KR-L,JNE3886,Kurta,L,4,Kurta,67,4,0.31,217.8,"5. Over 13 weeks",Other
JNE3886-KR-M,JNE3886,Kurta,M,3,Kurta,68,1,0.08,884.0,"5. Over 13 weeks",Other
JNE3886-KR-XL,JNE3886,Kurta,XL,5,Kurta,72,1,0.08,936.0,"5. Over 13 weeks",Other
JNE3886-KR-XXL,JNE3886,Kurta,XXL,6,Kurta,68,4,0.31,221.0,"5. Over 13 weeks",Other
JNE3886-KR-XXXL,JNE3886,Kurta,3XL,7,Kurta,46,2,0.15,299.0,"5. Over 13 weeks",Other
JNE3887-KR-L,JNE3887,Kurta,L,4,Kurta,17,28,2.15,7.9,"4. 4-13 weeks",Other
JNE3887-KR-M,JNE3887,Kurta,M,3,Kurta,16,20,1.54,10.4,"4. 4-13 weeks",Other
JNE3887-KR-S,JNE3887,Kurta,S,2,Kurta,56,10,0.77,72.8,"5. Over 13 weeks",Other
JNE3887-KR-XL,JNE3887,Kurta,XL,5,Kurta,30,25,1.92,15.6,"5. Over 13 weeks",Other
JNE3887-KR-XS,JNE3887,Kurta,XS,1,Kurta,39,11,0.85,46.1,"5. Over 13 weeks",Other
JNE3887-KR-XXL,JNE3887,Kurta,XXL,6,Kurta,48,14,1.08,44.6,"5. Over 13 weeks",Other
JNE3887-KR-XXXL,JNE3887,Kurta,3XL,7,Kurta,29,20,1.54,18.8,"5. Over 13 weeks",Other
JNE3888-KR-L,JNE3888,Kurta,L,4,Kurta,41,5,0.38,106.6,"5. Over 13 weeks",Other
JNE3888-KR-M,JNE3888,Kurta,M,3,Kurta,35,4,0.31,113.8,"5. Over 13 weeks",Other
JNE3888-KR-S,JNE3888,Kurta,S,2,Kurta,48,7,0.54,89.1,"5. Over 13 weeks",Other
JNE3888-KR-XL,JNE3888,Kurta,XL,5,Kurta,28,10,0.77,36.4,"5. Over 13 weeks",Other
JNE3888-KR-XS,JNE3888,Kurta,XS,1,Kurta,49,1,0.08,637.0,"5. Over 13 weeks",Other
JNE3888-KR-XXL,JNE3888,Kurta,XXL,6,Kurta,39,8,0.62,63.4,"5. Over 13 weeks",Other
JNE3888-KR-XXXL,JNE3888,Kurta,3XL,7,Kurta,30,7,0.54,55.7,"5. Over 13 weeks",Other
JNE3889-KR-M,JNE3889,Kurta,M,3,Kurta,58,1,0.08,754.0,"5. Over 13 weeks",Other
JNE3889-KR-S,JNE3889,Kurta,S,2,Kurta,50,1,0.08,650.0,"5. Over 13 weeks",Other
JNE3889-KR-XXL,JNE3889,Kurta,XXL,6,Kurta,41,1,0.08,533.0,"5. Over 13 weeks",Other
JNE3890-TP-L,JNE3890,Top,L,4,Top,51,2,0.15,331.5,"5. Over 13 weeks",Other
JNE3890-TP-M,JNE3890,Top,M,3,Top,60,1,0.08,780.0,"5. Over 13 weeks",Other
JNE3890-TP-S,JNE3890,Top,S,2,Top,77,3,0.23,333.7,"5. Over 13 weeks",Other
JNE3890-TP-XL,JNE3890,Top,XL,5,Top,61,2,0.15,396.5,"5. Over 13 weeks",Other
JNE3890-TP-XXL,JNE3890,Top,XXL,6,Top,58,2,0.15,377.0,"5. Over 13 weeks",Other
JNE3890-TP-XXXL,JNE3890,Top,3XL,7,Top,51,1,0.08,663.0,"5. Over 13 weeks",Other
JNE3891-TP-L,JNE3891,Top,L,4,Top,57,1,0.08,741.0,"5. Over 13 weeks",Other
JNE3891-TP-M,JNE3891,Top,M,3,Top,57,1,0.08,741.0,"5. Over 13 weeks",Other
JNE3891-TP-XXL,JNE3891,Top,XXL,6,Top,66,,,,"No paid units",Other
JNE3891-TP-XXXL,JNE3891,Top,3XL,7,Top,64,2,0.15,416.0,"5. Over 13 weeks",Other
JNE3892-TP-L,JNE3892,Top,L,4,Top,40,7,0.54,74.3,"5. Over 13 weeks",Other
JNE3892-TP-M,JNE3892,Top,M,3,Top,43,8,0.62,69.9,"5. Over 13 weeks",Other
JNE3892-TP-S,JNE3892,Top,S,2,Top,68,3,0.23,294.7,"5. Over 13 weeks",Other
JNE3892-TP-XL,JNE3892,Top,XL,5,Top,32,10,0.77,41.6,"5. Over 13 weeks",Other
JNE3892-TP-XS,JNE3892,Top,XS,1,Top,70,1,0.08,910.0,"5. Over 13 weeks",Other
JNE3892-TP-XXL,JNE3892,Top,XXL,6,Top,46,14,1.08,42.7,"5. Over 13 weeks",Other
JNE3892-TP-XXXL,JNE3892,Top,3XL,7,Top,42,15,1.15,36.4,"5. Over 13 weeks",Other
JNE3893-TP-L,JNE3893,Top,L,4,Top,62,4,0.31,201.5,"5. Over 13 weeks",Other
JNE3893-TP-M,JNE3893,Top,M,3,Top,56,1,0.08,728.0,"5. Over 13 weeks",Other
JNE3893-TP-S,JNE3893,Top,S,2,Top,74,1,0.08,962.0,"5. Over 13 weeks",Other
JNE3893-TP-XL,JNE3893,Top,XL,5,Top,55,2,0.15,357.5,"5. Over 13 weeks",Other
JNE3893-TP-XS,JNE3893,Top,XS,1,Top,68,2,0.15,442.0,"5. Over 13 weeks",Other
JNE3893-TP-XXL,JNE3893,Top,XXL,6,Top,58,3,0.23,251.3,"5. Over 13 weeks",Other
JNE3893-TP-XXXL,JNE3893,Top,3XL,7,Top,47,3,0.23,203.7,"5. Over 13 weeks",Other
JNE3894-TP-L,JNE3894,Top,L,4,Top,0,7,0.54,0.0,"1. Out of stock",Other
JNE3894-TP-M,JNE3894,Top,M,3,Top,0,3,0.23,0.0,"1. Out of stock",Other
JNE3894-TP-S,JNE3894,Top,S,2,Top,37,5,0.38,96.2,"5. Over 13 weeks",Other
JNE3894-TP-XL,JNE3894,Top,XL,5,Top,0,7,0.54,0.0,"1. Out of stock",Other
JNE3894-TP-XXL,JNE3894,Top,XXL,6,Top,0,12,0.92,0.0,"1. Out of stock",Other
JNE3894-TP-XXXL,JNE3894,Top,3XL,7,Top,0,7,0.54,0.0,"1. Out of stock",Other
JNE3895-TP-L,JNE3895,Top,L,4,Top,60,2,0.15,390.0,"5. Over 13 weeks",Other
JNE3895-TP-M,JNE3895,Top,M,3,Top,41,4,0.31,133.3,"5. Over 13 weeks",Other
JNE3895-TP-XL,JNE3895,Top,XL,5,Top,37,4,0.31,120.3,"5. Over 13 weeks",Other
JNE3895-TP-XXL,JNE3895,Top,XXL,6,Top,61,5,0.38,158.6,"5. Over 13 weeks",Other
JNE3895-TP-XXXL,JNE3895,Top,3XL,7,Top,57,6,0.46,123.5,"5. Over 13 weeks",Other
JNE3896-KR-A-L,JNE3896,Kurta,L,4,Kurta,,1,0.08,,"No stock record",Other
JNE3896-KR-A-XL,JNE3896,Kurta,XL,5,Kurta,,1,0.08,,"No stock record",Other
JNE3896-KR-A-XXXL,JNE3896,Kurta,3XL,7,Kurta,,1,0.08,,"No stock record",Other
JNE3896-KR-XL,JNE3896,Kurta,XL,5,Kurta,12,1,0.08,156.0,"5. Over 13 weeks",Other
JNE3896-KR-XXL,JNE3896,Kurta,XXL,6,Kurta,14,,,,"No paid units",Other
JNE3896-KR-XXXL,JNE3896,Kurta,3XL,7,Kurta,7,3,0.23,30.3,"5. Over 13 weeks",Other
JNE3897-KR-M,JNE3897,Kurta,M,3,Kurta,33,,,,"No paid units",Other
JNE3897-KR-S,JNE3897,Kurta,S,2,Kurta,39,2,0.15,253.5,"5. Over 13 weeks",Other
JNE3897-KR-XL,JNE3897,Kurta,XL,5,Kurta,28,1,0.08,364.0,"5. Over 13 weeks",Other
JNE3897-KR-XXXL,JNE3897,Kurta,3XL,7,Kurta,20,1,0.08,260.0,"5. Over 13 weeks",Other
JNE3898-KR-L,JNE3898,Kurta,L,4,Kurta,17,,,,"No paid units",Other
JNE3898-KR-M,JNE3898,Kurta,M,3,Kurta,19,4,0.31,61.8,"5. Over 13 weeks",Other
JNE3898-KR-S,JNE3898,Kurta,S,2,Kurta,38,2,0.15,247.0,"5. Over 13 weeks",Other
JNE3898-KR-XL,JNE3898,Kurta,XL,5,Kurta,23,3,0.23,99.7,"5. Over 13 weeks",Other
JNE3898-KR-XXXL,JNE3898,Kurta,3XL,7,Kurta,24,1,0.08,312.0,"5. Over 13 weeks",Other
JNE3899-KR-A-M,JNE3899,Kurta,M,3,Kurta,,1,0.08,,"No stock record",Other
JNE3899-KR-A-S,JNE3899,Kurta,S,2,Kurta,,1,0.08,,"No stock record",Other
JNE3899-KR-A-XL,JNE3899,Kurta,XL,5,Kurta,,,,,"No stock record",Other
JNE3899-KR-L,JNE3899,Kurta,L,4,Kurta,12,1,0.08,156.0,"5. Over 13 weeks",Other
JNE3899-KR-S,JNE3899,Kurta,S,2,Kurta,22,1,0.08,286.0,"5. Over 13 weeks",Other
JNE3899-KR-XXL,JNE3899,Kurta,XXL,6,Kurta,17,1,0.08,221.0,"5. Over 13 weeks",Other
JNE3900-KR-A-L,JNE3900,Kurta,L,4,Kurta,,1,0.08,,"No stock record",Other
JNE3900-KR-A-XXL,JNE3900,Kurta,XXL,6,Kurta,,2,0.15,,"No stock record",Other
JNE3900-KR-A-XXXL,JNE3900,Kurta,3XL,7,Kurta,,1,0.08,,"No stock record",Other
JNE3902-KR-L,JNE3902,Kurta,L,4,Kurta,15,2,0.15,97.5,"5. Over 13 weeks",Other
JNE3902-KR-M,JNE3902,Kurta,M,3,Kurta,17,1,0.08,221.0,"5. Over 13 weeks",Other
JNE3902-KR-S,JNE3902,Kurta,S,2,Kurta,15,2,0.15,97.5,"5. Over 13 weeks",Other
JNE3902-KR-XL,JNE3902,Kurta,XL,5,Kurta,19,4,0.31,61.8,"5. Over 13 weeks",Other
JNE3902-KR-XS,JNE3902,Kurta,XS,1,Kurta,26,,,,"No paid units",Other
JNE3902-KR-XXL,JNE3902,Kurta,XXL,6,Kurta,11,4,0.31,35.8,"5. Over 13 weeks",Other
JNE3902-KR-XXXL,JNE3902,Kurta,3XL,7,Kurta,15,6,0.46,32.5,"5. Over 13 weeks",Other
JNE3903-KR-L,JNE3903,Kurta,L,4,Kurta,39,3,0.23,169.0,"5. Over 13 weeks",Other
JNE3903-KR-M,JNE3903,Kurta,M,3,Kurta,40,1,0.08,520.0,"5. Over 13 weeks",Other
JNE3903-KR-XL,JNE3903,Kurta,XL,5,Kurta,33,2,0.15,214.5,"5. Over 13 weeks",Other
JNE3903-KR-XS,JNE3903,Kurta,XS,1,Kurta,35,3,0.23,151.7,"5. Over 13 weeks",Other
JNE3903-KR-XXL,JNE3903,Kurta,XXL,6,Kurta,32,2,0.15,208.0,"5. Over 13 weeks",Other
JNE3903-KR-XXXL,JNE3903,Kurta,3XL,7,Kurta,30,2,0.15,195.0,"5. Over 13 weeks",Other
JNE3904-DR-L,JNE3904,"Western Dress",L,4,"Western Dress",10,19,1.46,6.8,"4. 4-13 weeks",Other
JNE3904-DR-M,JNE3904,"Western Dress",M,3,"Western Dress",7,19,1.46,4.8,"4. 4-13 weeks",Other
JNE3904-DR-S,JNE3904,"Western Dress",S,2,"Western Dress",12,8,0.62,19.5,"5. Over 13 weeks",Other
JNE3904-DR-XL,JNE3904,"Western Dress",XL,5,"Western Dress",5,31,2.38,2.1,"3. 2-4 weeks",Other
JNE3904-DR-XS,JNE3904,"Western Dress",XS,1,"Western Dress",29,6,0.46,62.8,"5. Over 13 weeks",Other
JNE3904-DR-XXL,JNE3904,"Western Dress",XXL,6,"Western Dress",12,9,0.69,17.3,"5. Over 13 weeks",Other
JNE3904-DR-XXXL,JNE3904,"Western Dress",3XL,7,"Western Dress",11,22,1.69,6.5,"4. 4-13 weeks",Other
JNE3905-DR-L,JNE3905,"Western Dress",L,4,"Western Dress",4,50,3.85,1.0,"2. Under 2 weeks","Best-seller (top 10%)"
JNE3905-DR-M,JNE3905,"Western Dress",M,3,"Western Dress",4,40,3.08,1.3,"2. Under 2 weeks","Best-seller (top 10%)"
JNE3905-DR-S,JNE3905,"Western Dress",S,2,"Western Dress",5,7,0.54,9.3,"4. 4-13 weeks",Other
JNE3905-DR-XL,JNE3905,"Western Dress",XL,5,"Western Dress",3,39,3.0,1.0,"2. Under 2 weeks","Best-seller (top 10%)"
JNE3905-DR-XS,JNE3905,"Western Dress",XS,1,"Western Dress",12,11,0.85,14.2,"5. Over 13 weeks",Other
JNE3905-DR-XXL,JNE3905,"Western Dress",XXL,6,"Western Dress",2,36,2.77,0.7,"2. Under 2 weeks",Other
JNE3905-DR-XXXL,JNE3905,"Western Dress",3XL,7,"Western Dress",4,30,2.31,1.7,"2. Under 2 weeks",Other
JNE3906-KR-L,JNE3906,Kurta,L,4,Kurta,66,3,0.23,286.0,"5. Over 13 weeks",Other
JNE3906-KR-M,JNE3906,Kurta,M,3,Kurta,68,2,0.15,442.0,"5. Over 13 weeks",Other
JNE3906-KR-XL,JNE3906,Kurta,XL,5,Kurta,71,1,0.08,923.0,"5. Over 13 weeks",Other
JNE3906-KR-XXXL,JNE3906,Kurta,3XL,7,Kurta,56,2,0.15,364.0,"5. Over 13 weeks",Other
JNE3907-KR-L,JNE3907,Kurta,L,4,Kurta,69,1,0.08,897.0,"5. Over 13 weeks",Other
JNE3907-KR-S,JNE3907,Kurta,S,2,Kurta,67,,,,"No paid units",Other
JNE3907-KR-XS,JNE3907,Kurta,XS,1,Kurta,57,1,0.08,741.0,"5. Over 13 weeks",Other
JNE3908-KR-L,JNE3908,Kurta,L,4,Kurta,54,2,0.15,351.0,"5. Over 13 weeks",Other
JNE3908-KR-M,JNE3908,Kurta,M,3,Kurta,64,3,0.23,277.3,"5. Over 13 weeks",Other
JNE3908-KR-S,JNE3908,Kurta,S,2,Kurta,67,1,0.08,871.0,"5. Over 13 weeks",Other
JNE3908-KR-XL,JNE3908,Kurta,XL,5,Kurta,47,3,0.23,203.7,"5. Over 13 weeks",Other
JNE3908-KR-XS,JNE3908,Kurta,XS,1,Kurta,38,2,0.15,247.0,"5. Over 13 weeks",Other
JNE3908-KR-XXL,JNE3908,Kurta,XXL,6,Kurta,69,2,0.15,448.5,"5. Over 13 weeks",Other
JNE3909-KR-L,JNE3909,Kurta,L,4,Kurta,66,,,,"No paid units",Other
JNE3909-KR-M,JNE3909,Kurta,M,3,Kurta,62,3,0.23,268.7,"5. Over 13 weeks",Other
JNE3909-KR-S,JNE3909,Kurta,S,2,Kurta,63,2,0.15,409.5,"5. Over 13 weeks",Other
JNE3909-KR-XL,JNE3909,Kurta,XL,5,Kurta,61,2,0.15,396.5,"5. Over 13 weeks",Other
JNE3909-KR-XXL,JNE3909,Kurta,XXL,6,Kurta,69,1,0.08,897.0,"5. Over 13 weeks",Other
JNE3910-KR-L,JNE3910,Kurta,L,4,Kurta,59,5,0.38,153.4,"5. Over 13 weeks",Other
JNE3910-KR-M,JNE3910,Kurta,M,3,Kurta,66,1,0.08,858.0,"5. Over 13 weeks",Other
JNE3910-KR-S,JNE3910,Kurta,S,2,Kurta,52,6,0.46,112.7,"5. Over 13 weeks",Other
JNE3910-KR-XL,JNE3910,Kurta,XL,5,Kurta,68,2,0.15,442.0,"5. Over 13 weeks",Other
JNE3910-KR-XS,JNE3910,Kurta,XS,1,Kurta,51,3,0.23,221.0,"5. Over 13 weeks",Other
JNE3910-KR-XXL,JNE3910,Kurta,XXL,6,Kurta,70,2,0.15,455.0,"5. Over 13 weeks",Other
JNE3910-KR-XXXL,JNE3910,Kurta,3XL,7,Kurta,55,2,0.15,357.5,"5. Over 13 weeks",Other
JNE3924-TU-L,JNE3924,Top,L,4,Top,32,1,0.08,416.0,"5. Over 13 weeks",Other
JNE3924-TU-M,JNE3924,Top,M,3,Top,35,1,0.08,455.0,"5. Over 13 weeks",Other
JNE3924-TU-XS,JNE3924,Top,XS,1,Top,34,1,0.08,442.0,"5. Over 13 weeks",Other
JNE3927-KR-M,JNE3927,Kurta,M,3,Kurta,65,1,0.08,845.0,"5. Over 13 weeks",Other
JNE3927-KR-XL,JNE3927,Kurta,XL,5,Kurta,62,1,0.08,806.0,"5. Over 13 weeks",Other
JNE3927-KR-XS,JNE3927,Kurta,XS,1,Kurta,52,1,0.08,676.0,"5. Over 13 weeks",Other
JNE3928-KR-L,JNE3928,Kurta,L,4,Kurta,3,4,0.31,9.8,"4. 4-13 weeks",Other
JNE3928-KR-M,JNE3928,Kurta,M,3,Kurta,4,6,0.46,8.7,"4. 4-13 weeks",Other
JNE3928-KR-S,JNE3928,Kurta,S,2,Kurta,4,4,0.31,13.0,"5. Over 13 weeks",Other
JNE3928-KR-XL,JNE3928,Kurta,XL,5,Kurta,5,7,0.54,9.3,"4. 4-13 weeks",Other
JNE3928-KR-XS,JNE3928,Kurta,XS,1,Kurta,4,6,0.46,8.7,"4. 4-13 weeks",Other
JNE3928-KR-XXL,JNE3928,Kurta,XXL,6,Kurta,5,5,0.38,13.0,"5. Over 13 weeks",Other
JNE3928-KR-XXXL,JNE3928,Kurta,3XL,7,Kurta,3,7,0.54,5.6,"4. 4-13 weeks",Other
MEN5001-KR-L,MEN5001,Kurta,L,4,Kurta,42,18,1.38,30.3,"5. Over 13 weeks",Other
MEN5001-KR-M,MEN5001,Kurta,M,3,Kurta,38,11,0.85,44.9,"5. Over 13 weeks",Other
MEN5001-KR-S,MEN5001,Kurta,S,2,Kurta,11,3,0.23,47.7,"5. Over 13 weeks",Other
MEN5001-KR-XL,MEN5001,Kurta,XL,5,Kurta,37,11,0.85,43.7,"5. Over 13 weeks",Other
MEN5001-KR-XXL,MEN5001,Kurta,XXL,6,Kurta,4,6,0.46,8.7,"4. 4-13 weeks",Other
MEN5001-KR-XXXL,MEN5001,Kurta,3XL,7,Kurta,1,5,0.38,2.6,"3. 2-4 weeks",Other
MEN5002-KR-L,MEN5002,Kurta,L,4,Kurta,12,59,4.54,2.6,"3. 2-4 weeks","Best-seller (top 10%)"
MEN5002-KR-M,MEN5002,Kurta,M,3,Kurta,19,48,3.69,5.1,"4. 4-13 weeks","Best-seller (top 10%)"
MEN5002-KR-S,MEN5002,Kurta,S,2,Kurta,6,10,0.77,7.8,"4. 4-13 weeks",Other
MEN5002-KR-XL,MEN5002,Kurta,XL,5,Kurta,12,40,3.08,3.9,"3. 2-4 weeks","Best-seller (top 10%)"
MEN5002-KR-XXL,MEN5002,Kurta,XXL,6,Kurta,4,20,1.54,2.6,"3. 2-4 weeks",Other
MEN5002-KR-XXXL,MEN5002,Kurta,3XL,7,Kurta,5,17,1.31,3.8,"3. 2-4 weeks",Other
MEN5003-KR-L,MEN5003,Kurta,L,4,Kurta,21,10,0.77,27.3,"5. Over 13 weeks",Other
MEN5003-KR-M,MEN5003,Kurta,M,3,Kurta,31,10,0.77,40.3,"5. Over 13 weeks",Other
MEN5003-KR-S,MEN5003,Kurta,S,2,Kurta,18,6,0.46,39.0,"5. Over 13 weeks",Other
MEN5003-KR-XL,MEN5003,Kurta,XL,5,Kurta,17,18,1.38,12.3,"4. 4-13 weeks",Other
MEN5003-KR-XXL,MEN5003,Kurta,XXL,6,Kurta,4,12,0.92,4.3,"4. 4-13 weeks",Other
MEN5003-KR-XXXL,MEN5003,Kurta,3XL,7,Kurta,11,10,0.77,14.3,"5. Over 13 weeks",Other
MEN5004-KR-L,MEN5004,Kurta,L,4,Kurta,5,50,3.85,1.3,"2. Under 2 weeks","Best-seller (top 10%)"
MEN5004-KR-M,MEN5004,Kurta,M,3,Kurta,3,54,4.15,0.7,"2. Under 2 weeks","Best-seller (top 10%)"
MEN5004-KR-S,MEN5004,Kurta,S,2,Kurta,9,34,2.62,3.4,"3. 2-4 weeks",Other
MEN5004-KR-XL,MEN5004,Kurta,XL,5,Kurta,11,62,4.77,2.3,"3. 2-4 weeks","Best-seller (top 10%)"
MEN5004-KR-XXL,MEN5004,Kurta,XXL,6,Kurta,3,61,4.69,0.6,"2. Under 2 weeks","Best-seller (top 10%)"
MEN5004-KR-XXXL,MEN5004,Kurta,3XL,7,Kurta,2,56,4.31,0.5,"2. Under 2 weeks","Best-seller (top 10%)"
MEN5005-KR-L,MEN5005,Kurta,L,4,Kurta,4,2,0.15,26.0,"5. Over 13 weeks",Other
MEN5005-KR-M,MEN5005,Kurta,M,3,Kurta,3,1,0.08,39.0,"5. Over 13 weeks",Other
MEN5005-KR-XL,MEN5005,Kurta,XL,5,Kurta,2,2,0.15,13.0,"5. Over 13 weeks",Other
MEN5005-KR-XXL,MEN5005,Kurta,XXL,6,Kurta,6,19,1.46,4.1,"4. 4-13 weeks",Other
MEN5005-KR-XXXL,MEN5005,Kurta,3XL,7,Kurta,7,23,1.77,4.0,"3. 2-4 weeks",Other
MEN5006-KR-L,MEN5006,Kurta,L,4,Kurta,20,24,1.85,10.8,"4. 4-13 weeks",Other
MEN5006-KR-M,MEN5006,Kurta,M,3,Kurta,25,12,0.92,27.1,"5. Over 13 weeks",Other
MEN5006-KR-S,MEN5006,Kurta,S,2,Kurta,26,2,0.15,169.0,"5. Over 13 weeks",Other
MEN5006-KR-XL,MEN5006,Kurta,XL,5,Kurta,16,21,1.62,9.9,"4. 4-13 weeks",Other
MEN5006-KR-XXL,MEN5006,Kurta,XXL,6,Kurta,26,15,1.15,22.5,"5. Over 13 weeks",Other
MEN5006-KR-XXXL,MEN5006,Kurta,3XL,7,Kurta,2,13,1.0,2.0,"3. 2-4 weeks",Other
MEN5007-KR-L,MEN5007,Kurta,L,4,Kurta,30,9,0.69,43.3,"5. Over 13 weeks",Other
MEN5007-KR-M,MEN5007,Kurta,M,3,Kurta,31,19,1.46,21.2,"5. Over 13 weeks",Other
MEN5007-KR-S,MEN5007,Kurta,S,2,Kurta,4,4,0.31,13.0,"5. Over 13 weeks",Other
MEN5007-KR-XL,MEN5007,Kurta,XL,5,Kurta,30,11,0.85,35.5,"5. Over 13 weeks",Other
MEN5007-KR-XXL,MEN5007,Kurta,XXL,6,Kurta,24,12,0.92,26.0,"5. Over 13 weeks",Other
MEN5007-KR-XXXL,MEN5007,Kurta,3XL,7,Kurta,3,9,0.69,4.3,"4. 4-13 weeks",Other
MEN5008-KR-L,MEN5008,Kurta,L,4,Kurta,11,50,3.85,2.9,"3. 2-4 weeks","Best-seller (top 10%)"
MEN5008-KR-M,MEN5008,Kurta,M,3,Kurta,3,36,2.77,1.1,"2. Under 2 weeks",Other
MEN5008-KR-S,MEN5008,Kurta,S,2,Kurta,5,13,1.0,5.0,"4. 4-13 weeks",Other
MEN5008-KR-XL,MEN5008,Kurta,XL,5,Kurta,32,27,2.08,15.4,"5. Over 13 weeks",Other
MEN5008-KR-XXL,MEN5008,Kurta,XXL,6,Kurta,5,24,1.85,2.7,"3. 2-4 weeks",Other
MEN5008-KR-XXXL,MEN5008,Kurta,3XL,7,Kurta,2,10,0.77,2.6,"3. 2-4 weeks",Other
MEN5009-KR-L,MEN5009,Kurta,L,4,Kurta,12,66,5.08,2.4,"3. 2-4 weeks","Best-seller (top 10%)"
MEN5009-KR-M,MEN5009,Kurta,M,3,Kurta,16,77,5.92,2.7,"3. 2-4 weeks","Best-seller (top 10%)"
MEN5009-KR-S,MEN5009,Kurta,S,2,Kurta,2,36,2.77,0.7,"2. Under 2 weeks",Other
MEN5009-KR-XL,MEN5009,Kurta,XL,5,Kurta,8,58,4.46,1.8,"2. Under 2 weeks","Best-seller (top 10%)"
MEN5009-KR-XXL,MEN5009,Kurta,XXL,6,Kurta,5,26,2.0,2.5,"3. 2-4 weeks",Other
MEN5009-KR-XXXL,MEN5009,Kurta,3XL,7,Kurta,3,29,2.23,1.3,"2. Under 2 weeks",Other
MEN5010-KR-L,MEN5010,Kurta,L,4,Kurta,2,5,0.38,5.2,"4. 4-13 weeks",Other
MEN5010-KR-M,MEN5010,Kurta,M,3,Kurta,9,9,0.69,13.0,"5. Over 13 weeks",Other
MEN5010-KR-XL,MEN5010,Kurta,XL,5,Kurta,3,6,0.46,6.5,"4. 4-13 weeks",Other
MEN5010-KR-XXL,MEN5010,Kurta,XXL,6,Kurta,5,6,0.46,10.8,"4. 4-13 weeks",Other
MEN5010-KR-XXXL,MEN5010,Kurta,3XL,7,Kurta,4,8,0.62,6.5,"4. 4-13 weeks",Other
MEN5011-KR-L,MEN5011,Kurta,L,4,Kurta,7,50,3.85,1.8,"2. Under 2 weeks","Best-seller (top 10%)"
MEN5011-KR-M,MEN5011,Kurta,M,3,Kurta,9,39,3.0,3.0,"3. 2-4 weeks",Other
MEN5011-KR-S,MEN5011,Kurta,S,2,Kurta,4,9,0.69,5.8,"4. 4-13 weeks",Other
MEN5011-KR-XL,MEN5011,Kurta,XL,5,Kurta,9,37,2.85,3.2,"3. 2-4 weeks",Other
MEN5011-KR-XXL,MEN5011,Kurta,XXL,6,Kurta,4,18,1.38,2.9,"3. 2-4 weeks",Other
MEN5011-KR-XXXL,MEN5011,Kurta,3XL,7,Kurta,3,2,0.15,19.5,"5. Over 13 weeks",Other
MEN5012-KR-L,MEN5012,Kurta,L,4,Kurta,58,14,1.08,53.9,"5. Over 13 weeks",Other
MEN5012-KR-M,MEN5012,Kurta,M,3,Kurta,62,6,0.46,134.3,"5. Over 13 weeks",Other
MEN5012-KR-S,MEN5012,Kurta,S,2,Kurta,21,2,0.15,136.5,"5. Over 13 weeks",Other
MEN5012-KR-XL,MEN5012,Kurta,XL,5,Kurta,40,5,0.38,104.0,"5. Over 13 weeks",Other
MEN5012-KR-XXXL,MEN5012,Kurta,3XL,7,Kurta,3,8,0.62,4.9,"4. 4-13 weeks",Other
MEN5013-KR-L,MEN5013,Kurta,L,4,Kurta,7,26,2.0,3.5,"3. 2-4 weeks",Other
MEN5013-KR-M,MEN5013,Kurta,M,3,Kurta,5,17,1.31,3.8,"3. 2-4 weeks",Other
MEN5013-KR-S,MEN5013,Kurta,S,2,Kurta,5,4,0.31,16.3,"5. Over 13 weeks",Other
MEN5013-KR-XL,MEN5013,Kurta,XL,5,Kurta,11,14,1.08,10.2,"4. 4-13 weeks",Other
MEN5013-KR-XXL,MEN5013,Kurta,XXL,6,Kurta,6,13,1.0,6.0,"4. 4-13 weeks",Other
MEN5013-KR-XXXL,MEN5013,Kurta,3XL,7,Kurta,2,10,0.77,2.6,"3. 2-4 weeks",Other
MEN5014-KR-L,MEN5014,Kurta,L,4,Kurta,26,16,1.23,21.1,"5. Over 13 weeks",Other
MEN5014-KR-M,MEN5014,Kurta,M,3,Kurta,34,13,1.0,34.0,"5. Over 13 weeks",Other
MEN5014-KR-S,MEN5014,Kurta,S,2,Kurta,28,5,0.38,72.8,"5. Over 13 weeks",Other
MEN5014-KR-XL,MEN5014,Kurta,XL,5,Kurta,14,9,0.69,20.2,"5. Over 13 weeks",Other
MEN5014-KR-XXL,MEN5014,Kurta,XXL,6,Kurta,8,11,0.85,9.5,"4. 4-13 weeks",Other
MEN5014-KR-XXXL,MEN5014,Kurta,3XL,7,Kurta,8,13,1.0,8.0,"4. 4-13 weeks",Other
MEN5015-KR-L,MEN5015,Kurta,L,4,Kurta,11,27,2.08,5.3,"4. 4-13 weeks",Other
MEN5015-KR-M,MEN5015,Kurta,M,3,Kurta,26,25,1.92,13.5,"5. Over 13 weeks",Other
MEN5015-KR-S,MEN5015,Kurta,S,2,Kurta,34,2,0.15,221.0,"5. Over 13 weeks",Other
MEN5015-KR-XL,MEN5015,Kurta,XL,5,Kurta,16,33,2.54,6.3,"4. 4-13 weeks",Other
MEN5015-KR-XXL,MEN5015,Kurta,XXL,6,Kurta,4,15,1.15,3.5,"3. 2-4 weeks",Other
MEN5016-KR-M,MEN5016,Kurta,M,3,Kurta,4,2,0.15,26.0,"5. Over 13 weeks",Other
MEN5016-KR-S,MEN5016,Kurta,S,2,Kurta,7,3,0.23,30.3,"5. Over 13 weeks",Other
MEN5016-KR-XXL,MEN5016,Kurta,XXL,6,Kurta,3,1,0.08,39.0,"5. Over 13 weeks",Other
MEN5016-KR-XXXL,MEN5016,Kurta,3XL,7,Kurta,7,8,0.62,11.4,"4. 4-13 weeks",Other
MEN5017-KR-L,MEN5017,Kurta,L,4,Kurta,2,11,0.85,2.4,"3. 2-4 weeks",Other
MEN5017-KR-M,MEN5017,Kurta,M,3,Kurta,4,10,0.77,5.2,"4. 4-13 weeks",Other
MEN5017-KR-S,MEN5017,Kurta,S,2,Kurta,11,10,0.77,14.3,"5. Over 13 weeks",Other
MEN5017-KR-XL,MEN5017,Kurta,XL,5,Kurta,4,16,1.23,3.3,"3. 2-4 weeks",Other
MEN5018-KR-L,MEN5018,Kurta,L,4,Kurta,12,25,1.92,6.2,"4. 4-13 weeks",Other
MEN5018-KR-M,MEN5018,Kurta,M,3,Kurta,33,8,0.62,53.6,"5. Over 13 weeks",Other
MEN5018-KR-S,MEN5018,Kurta,S,2,Kurta,23,5,0.38,59.8,"5. Over 13 weeks",Other
MEN5018-KR-XL,MEN5018,Kurta,XL,5,Kurta,23,11,0.85,27.2,"5. Over 13 weeks",Other
MEN5018-KR-XXL,MEN5018,Kurta,XXL,6,Kurta,32,6,0.46,69.3,"5. Over 13 weeks",Other
MEN5018-KR-XXXL,MEN5018,Kurta,3XL,7,Kurta,35,11,0.85,41.4,"5. Over 13 weeks",Other
MEN5019-KR-L,MEN5019,Kurta,L,4,Kurta,23,3,0.23,99.7,"5. Over 13 weeks",Other
MEN5019-KR-M,MEN5019,Kurta,M,3,Kurta,11,25,1.92,5.7,"4. 4-13 weeks",Other
MEN5019-KR-S,MEN5019,Kurta,S,2,Kurta,6,7,0.54,11.1,"4. 4-13 weeks",Other
MEN5019-KR-XL,MEN5019,Kurta,XL,5,Kurta,5,33,2.54,2.0,"2. Under 2 weeks",Other
MEN5019-KR-XXL,MEN5019,Kurta,XXL,6,Kurta,3,19,1.46,2.1,"3. 2-4 weeks",Other
MEN5019-KR-XXXL,MEN5019,Kurta,3XL,7,Kurta,3,16,1.23,2.4,"3. 2-4 weeks",Other
MEN5020-KR-S,MEN5020,Kurta,S,2,Kurta,6,5,0.38,15.6,"5. Over 13 weeks",Other
MEN5020-KR-XXXL,MEN5020,Kurta,3XL,7,Kurta,4,16,1.23,3.3,"3. 2-4 weeks",Other
MEN5021-KR-L,MEN5021,Kurta,L,4,Kurta,7,33,2.54,2.8,"3. 2-4 weeks",Other
MEN5021-KR-M,MEN5021,Kurta,M,3,Kurta,7,33,2.54,2.8,"3. 2-4 weeks",Other
MEN5021-KR-S,MEN5021,Kurta,S,2,Kurta,8,8,0.62,13.0,"5. Over 13 weeks",Other
MEN5021-KR-XL,MEN5021,Kurta,XL,5,Kurta,6,38,2.92,2.1,"3. 2-4 weeks",Other
MEN5021-KR-XXL,MEN5021,Kurta,XXL,6,Kurta,7,19,1.46,4.8,"4. 4-13 weeks",Other
MEN5021-KR-XXXL,MEN5021,Kurta,3XL,7,Kurta,8,17,1.31,6.1,"4. 4-13 weeks",Other
MEN5022-KR-L,MEN5022,Kurta,L,4,Kurta,4,43,3.31,1.2,"2. Under 2 weeks","Best-seller (top 10%)"
MEN5022-KR-M,MEN5022,Kurta,M,3,Kurta,2,25,1.92,1.0,"2. Under 2 weeks",Other
MEN5022-KR-S,MEN5022,Kurta,S,2,Kurta,12,20,1.54,7.8,"4. 4-13 weeks",Other
MEN5022-KR-XL,MEN5022,Kurta,XL,5,Kurta,2,40,3.08,0.6,"2. Under 2 weeks","Best-seller (top 10%)"
MEN5022-KR-XXL,MEN5022,Kurta,XXL,6,Kurta,27,49,3.77,7.2,"4. 4-13 weeks","Best-seller (top 10%)"
MEN5022-KR-XXXL,MEN5022,Kurta,3XL,7,Kurta,6,37,2.85,2.1,"3. 2-4 weeks",Other
MEN5023-KR-L,MEN5023,Kurta,L,4,Kurta,2,33,2.54,0.8,"2. Under 2 weeks",Other
MEN5023-KR-M,MEN5023,Kurta,M,3,Kurta,5,34,2.62,1.9,"2. Under 2 weeks",Other
MEN5023-KR-S,MEN5023,Kurta,S,2,Kurta,8,14,1.08,7.4,"4. 4-13 weeks",Other
MEN5023-KR-XL,MEN5023,Kurta,XL,5,Kurta,11,46,3.54,3.1,"3. 2-4 weeks","Best-seller (top 10%)"
MEN5023-KR-XXL,MEN5023,Kurta,XXL,6,Kurta,3,27,2.08,1.4,"2. Under 2 weeks",Other
MEN5023-KR-XXXL,MEN5023,Kurta,3XL,7,Kurta,6,22,1.69,3.5,"3. 2-4 weeks",Other
MEN5024-KR-L,MEN5024,Kurta,L,4,Kurta,11,28,2.15,5.1,"4. 4-13 weeks",Other
MEN5024-KR-M,MEN5024,Kurta,M,3,Kurta,8,27,2.08,3.9,"3. 2-4 weeks",Other
MEN5024-KR-S,MEN5024,Kurta,S,2,Kurta,10,11,0.85,11.8,"4. 4-13 weeks",Other
MEN5024-KR-XL,MEN5024,Kurta,XL,5,Kurta,25,10,0.77,32.5,"5. Over 13 weeks",Other
MEN5024-KR-XXL,MEN5024,Kurta,XXL,6,Kurta,31,11,0.85,36.6,"5. Over 13 weeks",Other
MEN5024-KR-XXXL,MEN5024,Kurta,3XL,7,Kurta,8,15,1.15,6.9,"4. 4-13 weeks",Other
MEN5025-KR-L,MEN5025,Kurta,L,4,Kurta,4,24,1.85,2.2,"3. 2-4 weeks",Other
MEN5025-KR-M,MEN5025,Kurta,M,3,Kurta,3,31,2.38,1.3,"2. Under 2 weeks",Other
MEN5025-KR-S,MEN5025,Kurta,S,2,Kurta,10,31,2.38,4.2,"4. 4-13 weeks",Other
MEN5025-KR-XL,MEN5025,Kurta,XL,5,Kurta,4,45,3.46,1.2,"2. Under 2 weeks","Best-seller (top 10%)"
MEN5025-KR-XXL,MEN5025,Kurta,XXL,6,Kurta,4,33,2.54,1.6,"2. Under 2 weeks",Other
MEN5025-KR-XXXL,MEN5025,Kurta,3XL,7,Kurta,4,31,2.38,1.7,"2. Under 2 weeks",Other
MEN5026-KR-L,MEN5026,Kurta,L,4,Kurta,5,12,0.92,5.4,"4. 4-13 weeks",Other
MEN5026-KR-M,MEN5026,Kurta,M,3,Kurta,3,15,1.15,2.6,"3. 2-4 weeks",Other
MEN5026-KR-S,MEN5026,Kurta,S,2,Kurta,9,4,0.31,29.3,"5. Over 13 weeks",Other
MEN5026-KR-XL,MEN5026,Kurta,XL,5,Kurta,7,23,1.77,4.0,"3. 2-4 weeks",Other
MEN5026-KR-XXL,MEN5026,Kurta,XXL,6,Kurta,12,9,0.69,17.3,"5. Over 13 weeks",Other
MEN5026-KR-XXXL,MEN5026,Kurta,3XL,7,Kurta,8,11,0.85,9.5,"4. 4-13 weeks",Other
MEN5027-KR-L,MEN5027,Kurta,L,4,Kurta,18,23,1.77,10.2,"4. 4-13 weeks",Other
MEN5027-KR-M,MEN5027,Kurta,M,3,Kurta,27,19,1.46,18.5,"5. Over 13 weeks",Other
MEN5027-KR-S,MEN5027,Kurta,S,2,Kurta,3,7,0.54,5.6,"4. 4-13 weeks",Other
MEN5027-KR-XL,MEN5027,Kurta,XL,5,Kurta,25,20,1.54,16.3,"5. Over 13 weeks",Other
MEN5027-KR-XXL,MEN5027,Kurta,XXL,6,Kurta,12,18,1.38,8.7,"4. 4-13 weeks",Other
MEN5027-KR-XXXL,MEN5027,Kurta,3XL,7,Kurta,2,4,0.31,6.5,"4. 4-13 weeks",Other
MEN5028-KR-L,MEN5028,Kurta,L,4,Kurta,19,20,1.54,12.3,"4. 4-13 weeks",Other
MEN5028-KR-M,MEN5028,Kurta,M,3,Kurta,7,18,1.38,5.1,"4. 4-13 weeks",Other
MEN5028-KR-S,MEN5028,Kurta,S,2,Kurta,15,1,0.08,195.0,"5. Over 13 weeks",Other
MEN5028-KR-XL,MEN5028,Kurta,XL,5,Kurta,9,19,1.46,6.2,"4. 4-13 weeks",Other
MEN5028-KR-XXL,MEN5028,Kurta,XXL,6,Kurta,15,14,1.08,13.9,"5. Over 13 weeks",Other
MEN5028-KR-XXXL,MEN5028,Kurta,3XL,7,Kurta,4,9,0.69,5.8,"4. 4-13 weeks",Other
MEN5029-KR-L,MEN5029,Kurta,L,4,Kurta,24,22,1.69,14.2,"5. Over 13 weeks",Other
MEN5029-KR-M,MEN5029,Kurta,M,3,Kurta,32,20,1.54,20.8,"5. Over 13 weeks",Other
MEN5029-KR-S,MEN5029,Kurta,S,2,Kurta,9,9,0.69,13.0,"5. Over 13 weeks",Other
MEN5029-KR-XL,MEN5029,Kurta,XL,5,Kurta,19,15,1.15,16.5,"5. Over 13 weeks",Other
MEN5029-KR-XXL,MEN5029,Kurta,XXL,6,Kurta,16,12,0.92,17.3,"5. Over 13 weeks",Other
MEN5029-KR-XXXL,MEN5029,Kurta,3XL,7,Kurta,5,1,0.08,65.0,"5. Over 13 weeks",Other
MEN5030-KR-L,MEN5030,Kurta,L,4,Kurta,3,1,0.08,39.0,"5. Over 13 weeks",Other
MEN5030-KR-M,MEN5030,Kurta,M,3,Kurta,6,4,0.31,19.5,"5. Over 13 weeks",Other
MEN5030-KR-S,MEN5030,Kurta,S,2,Kurta,30,2,0.15,195.0,"5. Over 13 weeks",Other
MEN5030-KR-XL,MEN5030,Kurta,XL,5,Kurta,2,3,0.23,8.7,"4. 4-13 weeks",Other
MEN5030-KR-XXL,MEN5030,Kurta,XXL,6,Kurta,3,5,0.38,7.8,"4. 4-13 weeks",Other
MEN5030-KR-XXXL,MEN5030,Kurta,3XL,7,Kurta,4,9,0.69,5.8,"4. 4-13 weeks",Other
MEN5031-KR-L,MEN5031,Kurta,L,4,Kurta,39,7,0.54,72.4,"5. Over 13 weeks",Other
MEN5031-KR-M,MEN5031,Kurta,M,3,Kurta,21,10,0.77,27.3,"5. Over 13 weeks",Other
MEN5031-KR-S,MEN5031,Kurta,S,2,Kurta,14,5,0.38,36.4,"5. Over 13 weeks",Other
MEN5031-KR-XL,MEN5031,Kurta,XL,5,Kurta,21,13,1.0,21.0,"5. Over 13 weeks",Other
MEN5031-KR-XXL,MEN5031,Kurta,XXL,6,Kurta,28,12,0.92,30.3,"5. Over 13 weeks",Other
MEN5031-KR-XXXL,MEN5031,Kurta,3XL,7,Kurta,10,10,0.77,13.0,"5. Over 13 weeks",Other
MEN5032-KR-L,MEN5032,Kurta,L,4,Kurta,4,32,2.46,1.6,"2. Under 2 weeks",Other
MEN5032-KR-M,MEN5032,Kurta,M,3,Kurta,3,24,1.85,1.6,"2. Under 2 weeks",Other
MEN5032-KR-S,MEN5032,Kurta,S,2,Kurta,8,37,2.85,2.8,"3. 2-4 weeks","Best-seller (top 10%)"
MEN5032-KR-XL,MEN5032,Kurta,XL,5,Kurta,2,33,2.54,0.8,"2. Under 2 weeks",Other
MEN5032-KR-XXL,MEN5032,Kurta,XXL,6,Kurta,15,38,2.92,5.1,"4. 4-13 weeks","Best-seller (top 10%)"
MEN5032-KR-XXXL,MEN5032,Kurta,3XL,7,Kurta,2,18,1.38,1.4,"2. Under 2 weeks",Other
NW001-TP-PJ-L,NW001,Set,L,4,Set,4,16,1.23,3.3,"3. 2-4 weeks",Other
NW001-TP-PJ-M,NW001,Set,M,3,Set,6,15,1.15,5.2,"4. 4-13 weeks",Other
NW001-TP-PJ-S,NW001,Set,S,2,Set,26,10,0.77,33.8,"5. Over 13 weeks",Other
NW001-TP-PJ-XL,NW001,Set,XL,5,Set,3,13,1.0,3.0,"3. 2-4 weeks",Other
NW001-TP-PJ-XS,NW001,Set,XS,1,Set,42,4,0.31,136.5,"5. Over 13 weeks",Other
NW001-TP-PJ-XXL,NW001,Set,XXL,6,Set,9,16,1.23,7.3,"4. 4-13 weeks",Other
NW001-TP-PJ-XXXL,NW001,Set,3XL,7,Set,7,8,0.62,11.4,"4. 4-13 weeks",Other
NW002-TP-PJ-L,NW002,Set,L,4,Set,36,11,0.85,42.5,"5. Over 13 weeks",Other
NW002-TP-PJ-M,NW002,Set,M,3,Set,25,7,0.54,46.4,"5. Over 13 weeks",Other
NW002-TP-PJ-S,NW002,Set,S,2,Set,39,2,0.15,253.5,"5. Over 13 weeks",Other
NW002-TP-PJ-XL,NW002,Set,XL,5,Set,29,7,0.54,53.9,"5. Over 13 weeks",Other
NW002-TP-PJ-XS,NW002,Set,XS,1,Set,19,1,0.08,247.0,"5. Over 13 weeks",Other
NW002-TP-PJ-XXL,NW002,Set,XXL,6,Set,26,1,0.08,338.0,"5. Over 13 weeks",Other
NW002-TP-PJ-XXXL,NW002,Set,3XL,7,Set,53,9,0.69,76.6,"5. Over 13 weeks",Other
NW003-TP-PJ-L,NW003,Set,L,4,Set,6,17,1.31,4.6,"4. 4-13 weeks",Other
NW003-TP-PJ-M,NW003,Set,M,3,Set,15,15,1.15,13.0,"5. Over 13 weeks",Other
NW003-TP-PJ-S,NW003,Set,S,2,Set,8,6,0.46,17.3,"5. Over 13 weeks",Other
NW003-TP-PJ-XL,NW003,Set,XL,5,Set,12,12,0.92,13.0,"5. Over 13 weeks",Other
NW003-TP-PJ-XS,NW003,Set,XS,1,Set,14,6,0.46,30.3,"5. Over 13 weeks",Other
NW003-TP-PJ-XXL,NW003,Set,XXL,6,Set,26,12,0.92,28.2,"5. Over 13 weeks",Other
NW003-TP-PJ-XXXL,NW003,Set,3XL,7,Set,25,9,0.69,36.1,"5. Over 13 weeks",Other
NW004-TP-PJ-L,NW004,Set,L,4,Set,40,19,1.46,27.4,"5. Over 13 weeks",Other
NW004-TP-PJ-M,NW004,Set,M,3,Set,61,12,0.92,66.1,"5. Over 13 weeks",Other
NW004-TP-PJ-S,NW004,Set,S,2,Set,56,6,0.46,121.3,"5. Over 13 weeks",Other
NW004-TP-PJ-XL,NW004,Set,XL,5,Set,50,12,0.92,54.2,"5. Over 13 weeks",Other
NW004-TP-PJ-XS,NW004,Set,XS,1,Set,72,4,0.31,234.0,"5. Over 13 weeks",Other
NW004-TP-PJ-XXL,NW004,Set,XXL,6,Set,41,12,0.92,44.4,"5. Over 13 weeks",Other
NW004-TP-PJ-XXXL,NW004,Set,3XL,7,Set,12,26,2.0,6.0,"4. 4-13 weeks",Other
NW005-ST-PJ-L,NW005,Set,L,4,Set,3,19,1.46,2.1,"3. 2-4 weeks",Other
NW005-ST-PJ-M,NW005,Set,M,3,Set,6,23,1.77,3.4,"3. 2-4 weeks",Other
NW005-ST-PJ-S,NW005,Set,S,2,Set,31,12,0.92,33.6,"5. Over 13 weeks",Other
NW005-ST-PJ-XL,NW005,Set,XL,5,Set,11,32,2.46,4.5,"4. 4-13 weeks",Other
NW005-ST-PJ-XS,NW005,Set,XS,1,Set,5,8,0.62,8.1,"4. 4-13 weeks",Other
NW005-ST-PJ-XXL,NW005,Set,XXL,6,Set,9,21,1.62,5.6,"4. 4-13 weeks",Other
NW005-ST-PJ-XXXL,NW005,Set,3XL,7,Set,10,18,1.38,7.2,"4. 4-13 weeks",Other
NW006-ST-SR-L,NW006,Set,L,4,Set,35,1,0.08,455.0,"5. Over 13 weeks",Other
NW006-ST-SR-M,NW006,Set,M,3,Set,27,2,0.15,175.5,"5. Over 13 weeks",Other
NW006-ST-SR-S,NW006,Set,S,2,Set,13,4,0.31,42.3,"5. Over 13 weeks",Other
NW006-ST-SR-XL,NW006,Set,XL,5,Set,31,3,0.23,134.3,"5. Over 13 weeks",Other
NW006-ST-SR-XS,NW006,Set,XS,1,Set,28,1,0.08,364.0,"5. Over 13 weeks",Other
NW006-ST-SR-XXXL,NW006,Set,3XL,7,Set,7,2,0.15,45.5,"5. Over 13 weeks",Other
NW007-ST-CP-L,NW007,Set,L,4,Set,23,3,0.23,99.7,"5. Over 13 weeks",Other
NW007-ST-CP-XL,NW007,Set,XL,5,Set,26,1,0.08,338.0,"5. Over 13 weeks",Other
NW007-ST-CP-XXL,NW007,Set,XXL,6,Set,18,5,0.38,46.8,"5. Over 13 weeks",Other
NW007-ST-CP-XXXL,NW007,Set,3XL,7,Set,8,6,0.46,17.3,"5. Over 13 weeks",Other
NW008-ST-CP-L,NW008,Set,L,4,Set,28,7,0.54,52.0,"5. Over 13 weeks",Other
NW008-ST-CP-M,NW008,Set,M,3,Set,51,5,0.38,132.6,"5. Over 13 weeks",Other
NW008-ST-CP-S,NW008,Set,S,2,Set,41,5,0.38,106.6,"5. Over 13 weeks",Other
NW008-ST-CP-XL,NW008,Set,XL,5,Set,58,6,0.46,125.7,"5. Over 13 weeks",Other
NW008-ST-CP-XS,NW008,Set,XS,1,Set,26,2,0.15,169.0,"5. Over 13 weeks",Other
NW008-ST-CP-XXL,NW008,Set,XXL,6,Set,43,6,0.46,93.2,"5. Over 13 weeks",Other
NW008-ST-CP-XXXL,NW008,Set,3XL,7,Set,29,12,0.92,31.4,"5. Over 13 weeks",Other
NW009-ST-CP-L,NW009,Set,L,4,Set,11,11,0.85,13.0,"5. Over 13 weeks",Other
NW009-ST-CP-M,NW009,Set,M,3,Set,7,7,0.54,13.0,"5. Over 13 weeks",Other
NW009-ST-CP-S,NW009,Set,S,2,Set,18,3,0.23,78.0,"5. Over 13 weeks",Other
NW009-ST-CP-XL,NW009,Set,XL,5,Set,12,4,0.31,39.0,"5. Over 13 weeks",Other
NW009-ST-CP-XS,NW009,Set,XS,1,Set,16,4,0.31,52.0,"5. Over 13 weeks",Other
NW009-ST-CP-XXL,NW009,Set,XXL,6,Set,5,7,0.54,9.3,"4. 4-13 weeks",Other
NW009-ST-CP-XXXL,NW009,Set,3XL,7,Set,2,7,0.54,3.7,"3. 2-4 weeks",Other
NW012-TP-PJ-L,NW012,Set,L,4,Set,2,25,1.92,1.0,"2. Under 2 weeks",Other
NW012-TP-PJ-M,NW012,Set,M,3,Set,5,38,2.92,1.7,"2. Under 2 weeks",Other
NW012-TP-PJ-S,NW012,Set,S,2,Set,3,10,0.77,3.9,"3. 2-4 weeks",Other
NW012-TP-PJ-XL,NW012,Set,XL,5,Set,4,38,2.92,1.4,"2. Under 2 weeks",Other
NW012-TP-PJ-XS,NW012,Set,XS,1,Set,9,27,2.08,4.3,"4. 4-13 weeks",Other
NW012-TP-PJ-XXL,NW012,Set,XXL,6,Set,4,40,3.08,1.3,"2. Under 2 weeks",Other
NW012-TP-PJ-XXXL,NW012,Set,3XL,7,Set,2,36,2.77,0.7,"2. Under 2 weeks",Other
NW013-ST-SR-L,NW013,Set,L,4,Set,11,16,1.23,8.9,"4. 4-13 weeks",Other
NW013-ST-SR-M,NW013,Set,M,3,Set,12,16,1.23,9.8,"4. 4-13 weeks",Other
NW013-ST-SR-S,NW013,Set,S,2,Set,13,10,0.77,16.9,"5. Over 13 weeks",Other
NW013-ST-SR-XL,NW013,Set,XL,5,Set,33,5,0.38,85.8,"5. Over 13 weeks",Other
NW013-ST-SR-XS,NW013,Set,XS,1,Set,6,6,0.46,13.0,"5. Over 13 weeks",Other
NW013-ST-SR-XXL,NW013,Set,XXL,6,Set,18,12,0.92,19.5,"5. Over 13 weeks",Other
NW013-ST-SR-XXXL,NW013,Set,3XL,7,Set,2,21,1.62,1.2,"2. Under 2 weeks",Other
NW014-ST-SR-L,NW014,Set,L,4,Set,8,18,1.38,5.8,"4. 4-13 weeks",Other
NW014-ST-SR-M,NW014,Set,M,3,Set,44,16,1.23,35.8,"5. Over 13 weeks",Other
NW014-ST-SR-S,NW014,Set,S,2,Set,9,11,0.85,10.6,"4. 4-13 weeks",Other
NW014-ST-SR-XL,NW014,Set,XL,5,Set,22,10,0.77,28.6,"5. Over 13 weeks",Other
NW014-ST-SR-XS,NW014,Set,XS,1,Set,25,4,0.31,81.3,"5. Over 13 weeks",Other
NW014-ST-SR-XXL,NW014,Set,XXL,6,Set,26,11,0.85,30.7,"5. Over 13 weeks",Other
NW014-ST-SR-XXXL,NW014,Set,3XL,7,Set,23,14,1.08,21.4,"5. Over 13 weeks",Other
NW015-TP-PJ-L,NW015,Set,L,4,Set,2,2,0.15,13.0,"5. Over 13 weeks",Other
NW015-TP-PJ-M,NW015,Set,M,3,Set,3,19,1.46,2.1,"3. 2-4 weeks",Other
NW015-TP-PJ-S,NW015,Set,S,2,Set,20,13,1.0,20.0,"5. Over 13 weeks",Other
NW015-TP-PJ-XL,NW015,Set,XL,5,Set,2,5,0.38,5.2,"4. 4-13 weeks",Other
NW015-TP-PJ-XS,NW015,Set,XS,1,Set,42,4,0.31,136.5,"5. Over 13 weeks",Other
NW015-TP-PJ-XXL,NW015,Set,XXL,6,Set,6,25,1.92,3.1,"3. 2-4 weeks",Other
NW015-TP-PJ-XXXL,NW015,Set,3XL,7,Set,2,2,0.15,13.0,"5. Over 13 weeks",Other
NW016-ST-SR-L,NW016,Set,L,4,Set,8,15,1.15,6.9,"4. 4-13 weeks",Other
NW016-ST-SR-M,NW016,Set,M,3,Set,2,17,1.31,1.5,"2. Under 2 weeks",Other
NW016-ST-SR-S,NW016,Set,S,2,Set,4,23,1.77,2.3,"3. 2-4 weeks",Other
NW016-ST-SR-XL,NW016,Set,XL,5,Set,7,15,1.15,6.1,"4. 4-13 weeks",Other
NW016-ST-SR-XS,NW016,Set,XS,1,Set,5,16,1.23,4.1,"4. 4-13 weeks",Other
NW016-ST-SR-XXL,NW016,Set,XXL,6,Set,16,6,0.46,34.7,"5. Over 13 weeks",Other
NW016-ST-SR-XXXL,NW016,Set,3XL,7,Set,25,8,0.62,40.6,"5. Over 13 weeks",Other
NW020-ST-SR-L,NW020,Set,L,4,Set,2,19,1.46,1.4,"2. Under 2 weeks",Other
NW020-ST-SR-S,NW020,Set,S,2,Set,3,10,0.77,3.9,"3. 2-4 weeks",Other
NW020-ST-SR-XL,NW020,Set,XL,5,Set,6,15,1.15,5.2,"4. 4-13 weeks",Other
NW020-ST-SR-XS,NW020,Set,XS,1,Set,3,18,1.38,2.2,"3. 2-4 weeks",Other
NW020-ST-SR-XXL,NW020,Set,XXL,6,Set,9,14,1.08,8.4,"4. 4-13 weeks",Other
NW020-ST-SR-XXXL,NW020,Set,3XL,7,Set,9,19,1.46,6.2,"4. 4-13 weeks",Other
NW022-TP-PJ-L,NW022,Set,L,4,Set,2,3,0.23,8.7,"4. 4-13 weeks",Other
NW022-TP-PJ-M,NW022,Set,M,3,Set,3,4,0.31,9.8,"4. 4-13 weeks",Other
NW022-TP-PJ-S,NW022,Set,S,2,Set,2,1,0.08,26.0,"5. Over 13 weeks",Other
NW022-TP-PJ-XL,NW022,Set,XL,5,Set,3,8,0.62,4.9,"4. 4-13 weeks",Other
NW022-TP-PJ-XS,NW022,Set,XS,1,Set,7,11,0.85,8.3,"4. 4-13 weeks",Other
NW022-TP-PJ-XXL,NW022,Set,XXL,6,Set,11,9,0.69,15.9,"5. Over 13 weeks",Other
NW022-TP-PJ-XXXL,NW022,Set,3XL,7,Set,2,3,0.23,8.7,"4. 4-13 weeks",Other
NW023-ST-SR-L,NW023,Set,L,4,Set,32,,,,"No paid units",Other
NW023-ST-SR-XL,NW023,Set,XL,5,Set,41,1,0.08,533.0,"5. Over 13 weeks",Other
NW024-TP-PJ-L,NW024,Set,L,4,Set,2,2,0.15,13.0,"5. Over 13 weeks",Other
NW024-TP-PJ-M,NW024,Set,M,3,Set,1,4,0.31,3.3,"3. 2-4 weeks",Other
NW024-TP-PJ-S,NW024,Set,S,2,Set,8,9,0.69,11.6,"4. 4-13 weeks",Other
NW024-TP-PJ-XL,NW024,Set,XL,5,Set,3,8,0.62,4.9,"4. 4-13 weeks",Other
NW024-TP-PJ-XS,NW024,Set,XS,1,Set,29,6,0.46,62.8,"5. Over 13 weeks",Other
NW024-TP-PJ-XXL,NW024,Set,XXL,6,Set,4,12,0.92,4.3,"4. 4-13 weeks",Other
NW024-TP-PJ-XXXL,NW024,Set,3XL,7,Set,2,3,0.23,8.7,"4. 4-13 weeks",Other
NW027-TP-PJ-M,NW027,Set,M,3,Set,3,2,0.15,19.5,"5. Over 13 weeks",Other
NW027-TP-PJ-S,NW027,Set,S,2,Set,3,6,0.46,6.5,"4. 4-13 weeks",Other
NW027-TP-PJ-XL,NW027,Set,XL,5,Set,2,1,0.08,26.0,"5. Over 13 weeks",Other
NW027-TP-PJ-XS,NW027,Set,XS,1,Set,7,2,0.15,45.5,"5. Over 13 weeks",Other
NW027-TP-PJ-XXL,NW027,Set,XXL,6,Set,10,8,0.62,16.3,"5. Over 13 weeks",Other
NW027-TP-PJ-XXXL,NW027,Set,3XL,7,Set,2,7,0.54,3.7,"3. 2-4 weeks",Other
NW028-TP-PJ-L,NW028,Set,L,4,Set,1,1,0.08,13.0,"5. Over 13 weeks",Other
NW028-TP-PJ-M,NW028,Set,M,3,Set,9,3,0.23,39.0,"5. Over 13 weeks",Other
NW028-TP-PJ-S,NW028,Set,S,2,Set,23,1,0.08,299.0,"5. Over 13 weeks",Other
NW028-TP-PJ-XL,NW028,Set,XL,5,Set,5,3,0.23,21.7,"5. Over 13 weeks",Other
NW028-TP-PJ-XS,NW028,Set,XS,1,Set,30,1,0.08,390.0,"5. Over 13 weeks",Other
NW028-TP-PJ-XXL,NW028,Set,XXL,6,Set,4,3,0.23,17.3,"5. Over 13 weeks",Other
NW028-TP-PJ-XXXL,NW028,Set,3XL,7,Set,2,2,0.15,13.0,"5. Over 13 weeks",Other
NW029-ST-SR-L,NW029,Set,L,4,Set,7,14,1.08,6.5,"4. 4-13 weeks",Other
NW029-ST-SR-M,NW029,Set,M,3,Set,1,13,1.0,1.0,"2. Under 2 weeks",Other
NW029-ST-SR-S,NW029,Set,S,2,Set,3,19,1.46,2.1,"3. 2-4 weeks",Other
NW029-ST-SR-XL,NW029,Set,XL,5,Set,24,9,0.69,34.7,"5. Over 13 weeks",Other
NW029-ST-SR-XS,NW029,Set,XS,1,Set,27,12,0.92,29.3,"5. Over 13 weeks",Other
NW029-ST-SR-XXL,NW029,Set,XXL,6,Set,26,14,1.08,24.1,"5. Over 13 weeks",Other
NW029-ST-SR-XXXL,NW029,Set,3XL,7,Set,8,13,1.0,8.0,"4. 4-13 weeks",Other
NW030-TP-PJ-L,NW030,Set,L,4,Set,4,21,1.62,2.5,"3. 2-4 weeks",Other
NW030-TP-PJ-M,NW030,Set,M,3,Set,2,25,1.92,1.0,"2. Under 2 weeks",Other
NW030-TP-PJ-S,NW030,Set,S,2,Set,4,17,1.31,3.1,"3. 2-4 weeks",Other
NW030-TP-PJ-XL,NW030,Set,XL,5,Set,2,29,2.23,0.9,"2. Under 2 weeks",Other
NW030-TP-PJ-XS,NW030,Set,XS,1,Set,18,20,1.54,11.7,"4. 4-13 weeks",Other
NW030-TP-PJ-XXL,NW030,Set,XXL,6,Set,3,28,2.15,1.4,"2. Under 2 weeks",Other
NW030-TP-PJ-XXXL,NW030,Set,3XL,7,Set,3,7,0.54,5.6,"4. 4-13 weeks",Other
NW031-TP-PJ-L,NW031,Set,L,4,Set,2,5,0.38,5.2,"4. 4-13 weeks",Other
NW031-TP-PJ-M,NW031,Set,M,3,Set,3,14,1.08,2.8,"3. 2-4 weeks",Other
NW031-TP-PJ-S,NW031,Set,S,2,Set,26,6,0.46,56.3,"5. Over 13 weeks",Other
NW031-TP-PJ-XL,NW031,Set,XL,5,Set,3,2,0.15,19.5,"5. Over 13 weeks",Other
NW031-TP-PJ-XS,NW031,Set,XS,1,Set,41,6,0.46,88.8,"5. Over 13 weeks",Other
NW031-TP-PJ-XXL,NW031,Set,XXL,6,Set,3,8,0.62,4.9,"4. 4-13 weeks",Other
NW031-TP-PJ-XXXL,NW031,Set,3XL,7,Set,2,6,0.46,4.3,"4. 4-13 weeks",Other
NW032-ST-CP-L,NW032,Set,L,4,Set,19,4,0.31,61.8,"5. Over 13 weeks",Other
NW032-ST-CP-M,NW032,Set,M,3,Set,24,4,0.31,78.0,"5. Over 13 weeks",Other
NW032-ST-CP-S,NW032,Set,S,2,Set,21,1,0.08,273.0,"5. Over 13 weeks",Other
NW032-ST-CP-XL,NW032,Set,XL,5,Set,24,5,0.38,62.4,"5. Over 13 weeks",Other
NW032-ST-CP-XS,NW032,Set,XS,1,Set,17,1,0.08,221.0,"5. Over 13 weeks",Other
NW032-ST-CP-XXL,NW032,Set,XXL,6,Set,14,7,0.54,26.0,"5. Over 13 weeks",Other
NW032-ST-CP-XXXL,NW032,Set,3XL,7,Set,7,4,0.31,22.8,"5. Over 13 weeks",Other
NW033-ST-CP-L,NW033,Set,L,4,Set,30,2,0.15,195.0,"5. Over 13 weeks",Other
NW033-ST-CP-M,NW033,Set,M,3,Set,25,2,0.15,162.5,"5. Over 13 weeks",Other
NW033-ST-CP-S,NW033,Set,S,2,Set,30,2,0.15,195.0,"5. Over 13 weeks",Other
NW033-ST-CP-XL,NW033,Set,XL,5,Set,22,1,0.08,286.0,"5. Over 13 weeks",Other
NW033-ST-CP-XS,NW033,Set,XS,1,Set,19,6,0.46,41.2,"5. Over 13 weeks",Other
NW033-ST-CP-XXL,NW033,Set,XXL,6,Set,22,4,0.31,71.5,"5. Over 13 weeks",Other
NW033-ST-CP-XXXL,NW033,Set,3XL,7,Set,19,5,0.38,49.4,"5. Over 13 weeks",Other
NW034-TP-PJ-L,NW034,Set,L,4,Set,2,14,1.08,1.9,"2. Under 2 weeks",Other
NW034-TP-PJ-M,NW034,Set,M,3,Set,2,13,1.0,2.0,"3. 2-4 weeks",Other
NW034-TP-PJ-S,NW034,Set,S,2,Set,3,3,0.23,13.0,"5. Over 13 weeks",Other
NW034-TP-PJ-XL,NW034,Set,XL,5,Set,2,26,2.0,1.0,"2. Under 2 weeks",Other
NW034-TP-PJ-XS,NW034,Set,XS,1,Set,7,13,1.0,7.0,"4. 4-13 weeks",Other
NW034-TP-PJ-XXL,NW034,Set,XXL,6,Set,6,25,1.92,3.1,"3. 2-4 weeks",Other
NW034-TP-PJ-XXXL,NW034,Set,3XL,7,Set,3,18,1.38,2.2,"3. 2-4 weeks",Other
NW035-ST-CP-L,NW035,Set,L,4,Set,14,5,0.38,36.4,"5. Over 13 weeks",Other
NW035-ST-CP-M,NW035,Set,M,3,Set,6,7,0.54,11.1,"4. 4-13 weeks",Other
NW035-ST-CP-S,NW035,Set,S,2,Set,13,4,0.31,42.3,"5. Over 13 weeks",Other
NW035-ST-CP-XL,NW035,Set,XL,5,Set,18,1,0.08,234.0,"5. Over 13 weeks",Other
NW035-ST-CP-XS,NW035,Set,XS,1,Set,9,7,0.54,16.7,"5. Over 13 weeks",Other
NW035-ST-CP-XXL,NW035,Set,XXL,6,Set,20,3,0.23,86.7,"5. Over 13 weeks",Other
NW035-ST-CP-XXXL,NW035,Set,3XL,7,Set,6,7,0.54,11.1,"4. 4-13 weeks",Other
NW036-ST-SR-L,NW036,Set,L,4,Set,24,1,0.08,312.0,"5. Over 13 weeks",Other
NW036-ST-SR-M,NW036,Set,M,3,Set,21,4,0.31,68.3,"5. Over 13 weeks",Other
NW036-ST-SR-S,NW036,Set,S,2,Set,11,8,0.62,17.9,"5. Over 13 weeks",Other
NW036-ST-SR-XS,NW036,Set,XS,1,Set,19,3,0.23,82.3,"5. Over 13 weeks",Other
NW036-ST-SR-XXL,NW036,Set,XXL,6,Set,20,2,0.15,130.0,"5. Over 13 weeks",Other
NW036-ST-SR-XXXL,NW036,Set,3XL,7,Set,13,2,0.15,84.5,"5. Over 13 weeks",Other
NW037-TP-SR-L,NW037,Set,L,4,Set,3,21,1.62,1.9,"2. Under 2 weeks",Other
NW037-TP-SR-M,NW037,Set,M,3,Set,7,13,1.0,7.0,"4. 4-13 weeks",Other
NW037-TP-SR-S,NW037,Set,S,2,Set,10,11,0.85,11.8,"4. 4-13 weeks",Other
NW037-TP-SR-XL,NW037,Set,XL,5,Set,9,15,1.15,7.8,"4. 4-13 weeks",Other
NW037-TP-SR-XS,NW037,Set,XS,1,Set,10,9,0.69,14.4,"5. Over 13 weeks",Other
NW037-TP-SR-XXL,NW037,Set,XXL,6,Set,9,16,1.23,7.3,"4. 4-13 weeks",Other
NW037-TP-SR-XXXL,NW037,Set,3XL,7,Set,3,8,0.62,4.9,"4. 4-13 weeks",Other
NW038-ST-SR-L,NW038,Set,L,4,Set,2,3,0.23,8.7,"4. 4-13 weeks",Other
NW038-ST-SR-M,NW038,Set,M,3,Set,2,2,0.15,13.0,"5. Over 13 weeks",Other
NW038-ST-SR-XL,NW038,Set,XL,5,Set,15,7,0.54,27.9,"5. Over 13 weeks",Other
NW038-ST-SR-XS,NW038,Set,XS,1,Set,3,1,0.08,39.0,"5. Over 13 weeks",Other
NW038-ST-SR-XXL,NW038,Set,XXL,6,Set,9,8,0.62,14.6,"5. Over 13 weeks",Other
NW038-ST-SR-XXXL,NW038,Set,3XL,7,Set,6,2,0.15,39.0,"5. Over 13 weeks",Other
NW038-TP-SR-L,NW038,Set,L,4,Set,,1,0.08,,"No stock record",Other
NW039-TP-SR-L,NW039,Set,L,4,Set,7,10,0.77,9.1,"4. 4-13 weeks",Other
NW039-TP-SR-M,NW039,Set,M,3,Set,8,12,0.92,8.7,"4. 4-13 weeks",Other
NW039-TP-SR-S,NW039,Set,S,2,Set,4,11,0.85,4.7,"4. 4-13 weeks",Other
NW039-TP-SR-XL,NW039,Set,XL,5,Set,6,11,0.85,7.1,"4. 4-13 weeks",Other
NW039-TP-SR-XS,NW039,Set,XS,1,Set,7,6,0.46,15.2,"5. Over 13 weeks",Other
NW039-TP-SR-XXL,NW039,Set,XXL,6,Set,9,8,0.62,14.6,"5. Over 13 weeks",Other
NW039-TP-SR-XXXL,NW039,Set,3XL,7,Set,2,12,0.92,2.2,"3. 2-4 weeks",Other
PJ0096-KR-N-4XL,PJ0096,Kurta,4XL,8,Kurta,,5,0.38,,"No stock record",Other
PJ0096-KR-N-5XL,PJ0096,Kurta,5XL,9,Kurta,,17,1.31,,"No stock record",Other
PJ0096-KR-N-6XL,PJ0096,Kurta,6XL,10,Kurta,,10,0.77,,"No stock record",Other
PJNE1906-KR-N-4XL,PJNE1906,Kurta,4XL,8,Kurta,,8,0.62,,"No stock record",Other
PJNE1906-KR-N-5XL,PJNE1906,Kurta,5XL,9,Kurta,,9,0.69,,"No stock record",Other
PJNE1906-KR-N-6XL,PJNE1906,Kurta,6XL,10,Kurta,,4,0.31,,"No stock record",Other
PJNE2014-KR-N-4XL,PJNE2014,Kurta,4XL,8,Kurta,,15,1.15,,"No stock record",Other
PJNE2014-KR-N-5XL,PJNE2014,Kurta,5XL,9,Kurta,,25,1.92,,"No stock record",Other
PJNE2014-KR-N-6XL,PJNE2014,Kurta,6XL,10,Kurta,,39,3.0,,"No stock record","Best-seller (top 10%)"
PJNE2100-KR-N-4XL,PJNE2100,Kurta,4XL,8,Kurta,,15,1.15,,"No stock record",Other
PJNE2100-KR-N-5XL,PJNE2100,Kurta,5XL,9,Kurta,,35,2.69,,"No stock record",Other
PJNE2100-KR-N-6XL,PJNE2100,Kurta,6XL,10,Kurta,,45,3.46,,"No stock record","Best-seller (top 10%)"
PJNE2171-KR-N-4XL,PJNE2171,Kurta,4XL,8,Kurta,,11,0.85,,"No stock record",Other
PJNE2171-KR-N-5XL,PJNE2171,Kurta,5XL,9,Kurta,,23,1.77,,"No stock record",Other
PJNE2171-KR-N-6XL,PJNE2171,Kurta,6XL,10,Kurta,,33,2.54,,"No stock record","Best-seller (top 10%)"
PJNE2199-KR-N-4XL,PJNE2199,Kurta,4XL,8,Kurta,,45,3.46,,"No stock record","Best-seller (top 10%)"
PJNE2199-KR-N-5XL,PJNE2199,Kurta,5XL,9,Kurta,,45,3.46,,"No stock record","Best-seller (top 10%)"
PJNE2199-KR-N-6XL,PJNE2199,Kurta,6XL,10,Kurta,,69,5.31,,"No stock record","Best-seller (top 10%)"
PJNE2270-KR-N-4XL,PJNE2270,Kurta,4XL,8,Kurta,,7,0.54,,"No stock record",Other
PJNE2270-KR-N-5XL,PJNE2270,Kurta,5XL,9,Kurta,,7,0.54,,"No stock record",Other
PJNE2270-KR-N-6XL,PJNE2270,Kurta,6XL,10,Kurta,,6,0.46,,"No stock record",Other
PJNE3068-KR-4XL,PJNE3068,Kurta,4XL,8,Kurta,25,54,4.15,6.0,"4. 4-13 weeks","Best-seller (top 10%)"
PJNE3068-KR-5XL,PJNE3068,Kurta,5XL,9,Kurta,31,22,1.69,18.3,"5. Over 13 weeks",Other
PJNE3068-KR-6XL,PJNE3068,Kurta,6XL,10,Kurta,27,49,3.77,7.2,"4. 4-13 weeks","Best-seller (top 10%)"
PJNE3252-KR-N-4XL,PJNE3252,Kurta,4XL,8,Kurta,,20,1.54,,"No stock record",Other
PJNE3252-KR-N-5XL,PJNE3252,Kurta,5XL,9,Kurta,,29,2.23,,"No stock record","Best-seller (top 10%)"
PJNE3252-KR-N-6XL,PJNE3252,Kurta,6XL,10,Kurta,,58,4.46,,"No stock record","Best-seller (top 10%)"
PJNE3291-KR-4XL,PJNE3291,Kurta,4XL,8,Kurta,22,12,0.92,23.8,"5. Over 13 weeks",Other
PJNE3291-KR-5XL,PJNE3291,Kurta,5XL,9,Kurta,47,22,1.69,27.8,"5. Over 13 weeks",Other
PJNE3291-KR-6XL,PJNE3291,Kurta,6XL,10,Kurta,24,31,2.38,10.1,"4. 4-13 weeks","Best-seller (top 10%)"
PJNE3363-KR-N-4XL,PJNE3363,Kurta,4XL,8,Kurta,,5,0.38,,"No stock record",Other
PJNE3363-KR-N-5XL,PJNE3363,Kurta,5XL,9,Kurta,,20,1.54,,"No stock record",Other
PJNE3363-KR-N-6XL,PJNE3363,Kurta,6XL,10,Kurta,,4,0.31,,"No stock record",Other
PJNE3364-KR-4XL,PJNE3364,Kurta,4XL,8,Kurta,9,3,0.23,39.0,"5. Over 13 weeks",Other
PJNE3364-KR-5XL,PJNE3364,Kurta,5XL,9,Kurta,9,11,0.85,10.6,"4. 4-13 weeks",Other
PJNE3364-KR-6XL,PJNE3364,Kurta,6XL,10,Kurta,8,15,1.15,6.9,"4. 4-13 weeks",Other
PJNE3368-KR-4XL,PJNE3368,Kurta,4XL,8,Kurta,12,15,1.15,10.4,"4. 4-13 weeks",Other
PJNE3368-KR-5XL,PJNE3368,Kurta,5XL,9,Kurta,6,21,1.62,3.7,"3. 2-4 weeks",Other
PJNE3368-KR-6XL,PJNE3368,Kurta,6XL,10,Kurta,34,19,1.46,23.3,"5. Over 13 weeks",Other
PJNE3373-KR-N-4XL,PJNE3373,Kurta,4XL,8,Kurta,,20,1.54,,"No stock record",Other
PJNE3373-KR-N-5XL,PJNE3373,Kurta,5XL,9,Kurta,,11,0.85,,"No stock record",Other
PJNE3373-KR-N-6XL,PJNE3373,Kurta,6XL,10,Kurta,,64,4.92,,"No stock record","Best-seller (top 10%)"
PJNE3399-KR-N-4XL,PJNE3399,Kurta,4XL,8,Kurta,,37,2.85,,"No stock record","Best-seller (top 10%)"
PJNE3399-KR-N-5XL,PJNE3399,Kurta,5XL,9,Kurta,,41,3.15,,"No stock record","Best-seller (top 10%)"
PJNE3399-KR-N-6XL,PJNE3399,Kurta,6XL,10,Kurta,,67,5.15,,"No stock record","Best-seller (top 10%)"
PJNE3404-KR-N-4XL,PJNE3404,Kurta,4XL,8,Kurta,,5,0.38,,"No stock record",Other
PJNE3404-KR-N-5XL,PJNE3404,Kurta,5XL,9,Kurta,,3,0.23,,"No stock record",Other
PJNE3404-KR-N-6XL,PJNE3404,Kurta,6XL,10,Kurta,,4,0.31,,"No stock record",Other
PJNE3405-KR-N-4XL,PJNE3405,Kurta,4XL,8,Kurta,,2,0.15,,"No stock record",Other
PJNE3405-KR-N-5XL,PJNE3405,Kurta,5XL,9,Kurta,,11,0.85,,"No stock record",Other
PJNE3405-KR-N-6XL,PJNE3405,Kurta,6XL,10,Kurta,,4,0.31,,"No stock record",Other
PJNE3421-KR-N-4XL,PJNE3421,Kurta,4XL,8,Kurta,,6,0.46,,"No stock record",Other
PJNE3421-KR-N-5XL,PJNE3421,Kurta,5XL,9,Kurta,,8,0.62,,"No stock record",Other
PJNE3421-KR-N-6XL,PJNE3421,Kurta,6XL,10,Kurta,,9,0.69,,"No stock record",Other
PJNE3423-KR-N-4XL,PJNE3423,Kurta,4XL,8,Kurta,,9,0.69,,"No stock record",Other
PJNE3423-KR-N-5XL,PJNE3423,Kurta,5XL,9,Kurta,,13,1.0,,"No stock record",Other
PJNE3423-KR-N-6XL,PJNE3423,Kurta,6XL,10,Kurta,,6,0.46,,"No stock record",Other
PJNE3439-KR-N-4XL,PJNE3439,Kurta,4XL,8,Kurta,,3,0.23,,"No stock record",Other
PJNE3439-KR-N-5XL,PJNE3439,Kurta,5XL,9,Kurta,,1,0.08,,"No stock record",Other
PJNE3439-KR-N-6XL,PJNE3439,Kurta,6XL,10,Kurta,,1,0.08,,"No stock record",Other
PJNE3440-KR-N-4XL,PJNE3440,Kurta,4XL,8,Kurta,,16,1.23,,"No stock record",Other
PJNE3440-KR-N-5XL,PJNE3440,Kurta,5XL,9,Kurta,,25,1.92,,"No stock record",Other
PJNE3440-KR-N-6XL,PJNE3440,Kurta,6XL,10,Kurta,,20,1.54,,"No stock record",Other
PJNE3445-KR-N-4XL,PJNE3445,Kurta,4XL,8,Kurta,,1,0.08,,"No stock record",Other
PJNE3445-KR-N-5XL,PJNE3445,Kurta,5XL,9,Kurta,,4,0.31,,"No stock record",Other
PJNE3445-KR-N-6XL,PJNE3445,Kurta,6XL,10,Kurta,,3,0.23,,"No stock record",Other
PJNE3568-KR-N-4XL,PJNE3568,Kurta,4XL,8,Kurta,,10,0.77,,"No stock record",Other
PJNE3568-KR-N-5XL,PJNE3568,Kurta,5XL,9,Kurta,,9,0.69,,"No stock record",Other
PJNE3568-KR-N-6XL,PJNE3568,Kurta,6XL,10,Kurta,,14,1.08,,"No stock record",Other
PJNE3607-KR-4XL,PJNE3607,Kurta,4XL,8,Kurta,7,7,0.54,13.0,"5. Over 13 weeks",Other
PJNE3607-KR-5XL,PJNE3607,Kurta,5XL,9,Kurta,2,14,1.08,1.9,"2. Under 2 weeks",Other
PJNE3607-KR-6XL,PJNE3607,Kurta,6XL,10,Kurta,21,14,1.08,19.5,"5. Over 13 weeks",Other
PSET043-KR-NP-4XL,PSET043,Set,4XL,8,Set,2,3,0.23,8.7,"4. 4-13 weeks",Other
PSET043-KR-NP-5XL,PSET043,Set,5XL,9,Set,0,5,0.38,0.0,"1. Out of stock",Other
PSET043-KR-NP-6XL,PSET043,Set,6XL,10,Set,0,6,0.46,0.0,"1. Out of stock",Other
PSET058-KR-NP-4XL,PSET058,Set,4XL,8,Set,2,5,0.38,5.2,"4. 4-13 weeks",Other
PSET058-KR-NP-5XL,PSET058,Set,5XL,9,Set,2,1,0.08,26.0,"5. Over 13 weeks",Other
PSET058-KR-NP-6XL,PSET058,Set,6XL,10,Set,0,,,,"No paid units",Other
PSET264-KR-NP-4XL,PSET264,Set,4XL,8,Set,30,21,1.62,18.6,"5. Over 13 weeks","Best-seller (top 10%)"
PSET264-KR-NP-5XL,PSET264,Set,5XL,9,Set,39,25,1.92,20.3,"5. Over 13 weeks","Best-seller (top 10%)"
PSET264-KR-NP-6XL,PSET264,Set,6XL,10,Set,24,38,2.92,8.2,"4. 4-13 weeks","Best-seller (top 10%)"
PSET268-KR-NP-4XL,PSET268,Set,4XL,8,Set,45,13,1.0,45.0,"5. Over 13 weeks",Other
PSET268-KR-NP-5XL,PSET268,Set,5XL,9,Set,26,23,1.77,14.7,"5. Over 13 weeks","Best-seller (top 10%)"
PSET268-KR-NP-6XL,PSET268,Set,6XL,10,Set,37,23,1.77,20.9,"5. Over 13 weeks","Best-seller (top 10%)"
SAR023,SAR023,Saree,Free,11,Other,5,1,0.08,65.0,"5. Over 13 weeks",Other
SAR024,SAR024,Saree,Free,11,Other,4,2,0.15,26.0,"5. Over 13 weeks",Other
SAR025,SAR025,Saree,Free,11,Other,1,1,0.08,13.0,"5. Over 13 weeks",Other
SAR026,SAR026,Saree,Free,11,Other,4,1,0.08,52.0,"5. Over 13 weeks",Other
SAR027,SAR027,Saree,Free,11,Other,3,2,0.15,19.5,"5. Over 13 weeks",Other
SAR028,SAR028,Saree,Free,11,Other,19,1,0.08,247.0,"5. Over 13 weeks",Other
SAR029,SAR029,Saree,Free,11,Other,3,3,0.23,13.0,"5. Over 13 weeks",Other
SAR030,SAR030,Saree,Free,11,Other,10,1,0.08,130.0,"5. Over 13 weeks",Other
SAR032,SAR032,Saree,Free,11,Other,2,1,0.08,26.0,"5. Over 13 weeks",Other
SAR034,SAR034,Saree,Free,11,Other,0,1,0.08,0.0,"1. Out of stock",Other
SAR036,SAR036,Saree,Free,11,Other,8,3,0.23,34.7,"5. Over 13 weeks",Other
SAR037,SAR037,Saree,Free,11,Other,3,1,0.08,39.0,"5. Over 13 weeks",Other
SAR039,SAR039,Saree,Free,11,Other,2,1,0.08,26.0,"5. Over 13 weeks",Other
SAR040,SAR040,Saree,Free,11,Other,3,2,0.15,19.5,"5. Over 13 weeks",Other
SAR041,SAR041,Saree,Free,11,Other,6,1,0.08,78.0,"5. Over 13 weeks",Other
SAR042,SAR042,Saree,Free,11,Other,2,1,0.08,26.0,"5. Over 13 weeks",Other
SAR046,SAR046,Saree,Free,11,Other,93,1,0.08,1209.0,"5. Over 13 weeks",Other
SAR048,SAR048,Saree,Free,11,Other,30,3,0.23,130.0,"5. Over 13 weeks",Other
SAR049,SAR049,Saree,Free,11,Other,79,1,0.08,1027.0,"5. Over 13 weeks",Other
SAR051,SAR051,Saree,Free,11,Other,46,2,0.15,299.0,"5. Over 13 weeks",Other
SAR053,SAR053,Saree,Free,11,Other,37,2,0.15,240.5,"5. Over 13 weeks",Other
SAR056,SAR056,Saree,Free,11,Other,2,1,0.08,26.0,"5. Over 13 weeks",Other
SAR059,SAR059,Saree,Free,11,Other,26,1,0.08,338.0,"5. Over 13 weeks",Other
SAR060,SAR060,Saree,Free,11,Other,40,,,,"No paid units",Other
SAR061,SAR061,Saree,Free,11,Other,25,3,0.23,108.3,"5. Over 13 weeks",Other
SAR062,SAR062,Saree,Free,11,Other,18,6,0.46,39.0,"5. Over 13 weeks",Other
SAR066,SAR066,Saree,Free,11,Other,0,3,0.23,0.0,"1. Out of stock",Other
SAR068,SAR068,Saree,Free,11,Other,5,2,0.15,32.5,"5. Over 13 weeks",Other
SAR069,SAR069,Saree,Free,11,Other,20,12,0.92,21.7,"5. Over 13 weeks",Other
SAR070,SAR070,Saree,Free,11,Other,30,4,0.31,97.5,"5. Over 13 weeks",Other
SAR071,SAR071,Saree,Free,11,Other,6,1,0.08,78.0,"5. Over 13 weeks",Other
SAR076,SAR076,Saree,Free,11,Other,3,1,0.08,39.0,"5. Over 13 weeks",Other
SAR091,SAR091,Saree,Free,11,Other,50,2,0.15,325.0,"5. Over 13 weeks",Other
SAR092,SAR092,Saree,Free,11,Other,14,2,0.15,91.0,"5. Over 13 weeks",Other
SAR096,SAR096,Saree,Free,11,Other,47,1,0.08,611.0,"5. Over 13 weeks",Other
SAR097,SAR097,Saree,Free,11,Other,52,1,0.08,676.0,"5. Over 13 weeks",Other
SAR098,SAR098,Saree,Free,11,Other,5,1,0.08,65.0,"5. Over 13 weeks",Other
SAR100,SAR100,Saree,Free,11,Other,46,1,0.08,598.0,"5. Over 13 weeks",Other
SAR101,SAR101,Saree,Free,11,Other,3,1,0.08,39.0,"5. Over 13 weeks",Other
SAR102,SAR102,Saree,Free,11,Other,4,1,0.08,52.0,"5. Over 13 weeks",Other
SAR107,SAR107,Saree,Free,11,Other,4,1,0.08,52.0,"5. Over 13 weeks",Other
SAR108,SAR108,Saree,Free,11,Other,5,1,0.08,65.0,"5. Over 13 weeks",Other
SAR109,SAR109,Saree,Free,11,Other,7,1,0.08,91.0,"5. Over 13 weeks",Other
SAR110,SAR110,Saree,Free,11,Other,7,2,0.15,45.5,"5. Over 13 weeks",Other
SAR112,SAR112,Saree,Free,11,Other,25,2,0.15,162.5,"5. Over 13 weeks",Other
SAR113,SAR113,Saree,Free,11,Other,10,1,0.08,130.0,"5. Over 13 weeks",Other
SAR114,SAR114,Saree,Free,11,Other,13,2,0.15,84.5,"5. Over 13 weeks",Other
SAR130,SAR130,Saree,Free,11,Other,62,1,0.08,806.0,"5. Over 13 weeks",Other
SAR132,SAR132,Saree,Free,11,Other,0,1,0.08,0.0,"1. Out of stock",Other
SAR134,SAR134,Saree,Free,11,Other,14,1,0.08,182.0,"5. Over 13 weeks",Other
SAR135,SAR135,Saree,Free,11,Other,7,5,0.38,18.2,"5. Over 13 weeks",Other
SAR136,SAR136,Saree,Free,11,Other,6,2,0.15,39.0,"5. Over 13 weeks",Other
SAR137,SAR137,Saree,Free,11,Other,6,7,0.54,11.1,"4. 4-13 weeks",Other
SAR138,SAR138,Saree,Free,11,Other,1,2,0.15,6.5,"4. 4-13 weeks",Other
SAR140,SAR140,Saree,Free,11,Other,2,1,0.08,26.0,"5. Over 13 weeks",Other
SAR148,SAR148,Saree,Free,11,Other,28,1,0.08,364.0,"5. Over 13 weeks",Other
SAR149,SAR149,Saree,Free,11,Other,31,1,0.08,403.0,"5. Over 13 weeks",Other
SAR152,SAR152,Saree,Free,11,Other,16,5,0.38,41.6,"5. Over 13 weeks",Other
SAR154,SAR154,Saree,Free,11,Other,23,1,0.08,299.0,"5. Over 13 weeks",Other
SAR159,SAR159,Saree,Free,11,Other,31,1,0.08,403.0,"5. Over 13 weeks",Other
SAR163,SAR163,Saree,Free,11,Other,25,2,0.15,162.5,"5. Over 13 weeks",Other
SAR165,SAR165,Saree,Free,11,Other,21,1,0.08,273.0,"5. Over 13 weeks",Other
SAR166,SAR166,Saree,Free,11,Other,16,,,,"No paid units",Other
SAR173,SAR173,Saree,Free,11,Other,8,2,0.15,52.0,"5. Over 13 weeks",Other
SAR174,SAR174,Saree,Free,11,Other,7,2,0.15,45.5,"5. Over 13 weeks",Other
SAR181,SAR181,Saree,Free,11,Other,7,2,0.15,45.5,"5. Over 13 weeks",Other
SAR182,SAR182,Saree,Free,11,Other,4,,,,"No paid units",Other
SET003-KR-NP-A-S,SET003,Set,S,2,Set,,1,0.08,,"No stock record",Other
SET003-KR-NP-A-XXL,SET003,Set,XXL,6,Set,,1,0.08,,"No stock record",Other
SET004-KR-SP-A-M,SET004,Set,M,3,Set,,2,0.15,,"No stock record",Other
SET004-KR-SP-A-S,SET004,Set,S,2,Set,,5,0.38,,"No stock record",Other
SET004-KR-SP-A-XL,SET004,Set,XL,5,Set,,3,0.23,,"No stock record",Other
SET004-KR-SP-A-XS,SET004,Set,XS,1,Set,,3,0.23,,"No stock record",Other
SET004-KR-SP-A-XXL,SET004,Set,XXL,6,Set,,1,0.08,,"No stock record",Other
SET004-KR-SP-A-XXXL,SET004,Set,3XL,7,Set,,10,0.77,,"No stock record",Other
SET004-KR-SP-M,SET004,Set,M,3,Set,2,5,0.38,5.2,"4. 4-13 weeks",Other
SET004-KR-SP-S,SET004,Set,S,2,Set,19,1,0.08,247.0,"5. Over 13 weeks",Other
SET004-KR-SP-XL,SET004,Set,XL,5,Set,2,2,0.15,13.0,"5. Over 13 weeks",Other
SET004-KR-SP-XXL,SET004,Set,XXL,6,Set,1,2,0.15,6.5,"4. 4-13 weeks",Other
SET004-KR-SP-XXXL,SET004,Set,3XL,7,Set,1,2,0.15,6.5,"4. 4-13 weeks",Other
SET014-KR-PP-A-L,SET014,Set,L,4,Set,,2,0.15,,"No stock record",Other
SET014-KR-PP-A-M,SET014,Set,M,3,Set,,3,0.23,,"No stock record",Other
SET014-KR-PP-A-S,SET014,Set,S,2,Set,,1,0.08,,"No stock record",Other
SET014-KR-PP-A-XL,SET014,Set,XL,5,Set,,2,0.15,,"No stock record",Other
SET014-KR-PP-A-XS,SET014,Set,XS,1,Set,,,,,"No stock record",Other
SET014-KR-PP-A-XXL,SET014,Set,XXL,6,Set,,1,0.08,,"No stock record",Other
SET014-KR-PP-A-XXXL,SET014,Set,3XL,7,Set,,2,0.15,,"No stock record",Other
SET014-KR-PP-L,SET014,Set,L,4,Set,2,6,0.46,4.3,"4. 4-13 weeks",Other
SET014-KR-PP-M,SET014,Set,M,3,Set,10,6,0.46,21.7,"5. Over 13 weeks",Other
SET014-KR-PP-S,SET014,Set,S,2,Set,22,4,0.31,71.5,"5. Over 13 weeks",Other
SET014-KR-PP-XL,SET014,Set,XL,5,Set,8,19,1.46,5.5,"4. 4-13 weeks",Other
SET014-KR-PP-XS,SET014,Set,XS,1,Set,41,4,0.31,133.3,"5. Over 13 weeks",Other
SET014-KR-PP-XXL,SET014,Set,XXL,6,Set,2,24,1.85,1.1,"2. Under 2 weeks",Other
SET014-KR-PP-XXXL,SET014,Set,3XL,7,Set,3,4,0.31,9.8,"4. 4-13 weeks",Other
SET019-KR-PP-A-S,SET019,Set,S,2,Set,,1,0.08,,"No stock record",Other
SET022-KR-SP-A-XXL,SET022,Set,XXL,6,Set,,1,0.08,,"No stock record",Other
SET024-KR-SP-A-M,SET024,Kurta,M,3,Kurta,,1,0.08,,"No stock record",Other
SET025-KR-SP-A-XS,SET025,Set,XS,1,Set,,1,0.08,,"No stock record",Other
SET026-KR-PP-A-XS,SET026,Set,XS,1,Set,,1,0.08,,"No stock record",Other
SET034-KR-NP-S,SET034,Set,S,2,Set,3,1,0.08,39.0,"5. Over 13 weeks",Other
SET034-KR-NP-XL,SET034,Set,XL,5,Set,1,1,0.08,13.0,"5. Over 13 weeks",Other
SET034-KR-NP-XS,SET034,Set,XS,1,Set,5,,,,"No paid units",Other
SET034-KR-NP-XXL,SET034,Set,XXL,6,Set,1,2,0.15,6.5,"4. 4-13 weeks",Other
SET034-KR-NP-XXXL,SET034,Set,3XL,7,Set,1,3,0.23,4.3,"4. 4-13 weeks",Other
SET036-KR-NP-XXXL,SET036,Set,3XL,7,Set,0,1,0.08,0.0,"1. Out of stock",Other
SET037-KR-NP-L,SET037,Set,L,4,Set,11,2,0.15,71.5,"5. Over 13 weeks",Other
SET037-KR-NP-M,SET037,Set,M,3,Set,8,1,0.08,104.0,"5. Over 13 weeks",Other
SET037-KR-NP-S,SET037,Set,S,2,Set,11,5,0.38,28.6,"5. Over 13 weeks",Other
SET037-KR-NP-XL,SET037,Set,XL,5,Set,5,8,0.62,8.1,"4. 4-13 weeks",Other
SET037-KR-NP-XXL,SET037,Set,XXL,6,Set,7,2,0.15,45.5,"5. Over 13 weeks",Other
SET037-KR-NP-XXXL,SET037,Set,3XL,7,Set,4,9,0.69,5.8,"4. 4-13 weeks",Other
SET038-KR-PP-L,SET038,Set,L,4,Set,49,7,0.54,91.0,"5. Over 13 weeks",Other
SET038-KR-PP-M,SET038,Set,M,3,Set,15,5,0.38,39.0,"5. Over 13 weeks",Other
SET038-KR-PP-S,SET038,Set,S,2,Set,93,3,0.23,403.0,"5. Over 13 weeks",Other
SET038-KR-PP-XL,SET038,Set,XL,5,Set,5,2,0.15,32.5,"5. Over 13 weeks",Other
SET038-KR-PP-XS,SET038,Set,XS,1,Set,65,4,0.31,211.3,"5. Over 13 weeks",Other
SET038-KR-PP-XXL,SET038,Set,XXL,6,Set,37,11,0.85,43.7,"5. Over 13 weeks",Other
SET038-KR-PP-XXXL,SET038,Set,3XL,7,Set,1,2,0.15,6.5,"4. 4-13 weeks",Other
SET043-KR-NP-L,SET043,Set,L,4,Set,58,16,1.23,47.1,"5. Over 13 weeks",Other
SET043-KR-NP-M,SET043,Set,M,3,Set,94,6,0.46,203.7,"5. Over 13 weeks",Other
SET043-KR-NP-S,SET043,Set,S,2,Set,232,5,0.38,603.2,"5. Over 13 weeks",Other
SET043-KR-NP-XL,SET043,Set,XL,5,Set,115,6,0.46,249.2,"5. Over 13 weeks",Other
SET043-KR-NP-XS,SET043,Set,XS,1,Set,141,3,0.23,611.0,"5. Over 13 weeks",Other
SET043-KR-NP-XXL,SET043,Set,XXL,6,Set,60,,,,"No paid units",Other
SET043-KR-NP-XXXL,SET043,Set,3XL,7,Set,18,4,0.31,58.5,"5. Over 13 weeks",Other
SET044-KR-NP-L,SET044,Set,L,4,Set,19,32,2.46,7.7,"4. 4-13 weeks",Other
SET044-KR-NP-M,SET044,Set,M,3,Set,8,30,2.31,3.5,"3. 2-4 weeks",Other
SET044-KR-NP-S,SET044,Set,S,2,Set,9,26,2.0,4.5,"4. 4-13 weeks",Other
SET044-KR-NP-XL,SET044,Set,XL,5,Set,1,45,3.46,0.3,"2. Under 2 weeks","Best-seller (top 10%)"
SET044-KR-NP-XS,SET044,Set,XS,1,Set,14,14,1.08,13.0,"5. Over 13 weeks",Other
SET044-KR-NP-XXL,SET044,Set,XXL,6,Set,2,21,1.62,1.2,"2. Under 2 weeks",Other
SET044-KR-NP-XXXL,SET044,Set,3XL,7,Set,3,15,1.15,2.6,"3. 2-4 weeks",Other
SET045-KR-NP-M,SET045,Set,M,3,Set,,1,0.08,,"No stock record",Other
SET048-KR-NP-L,SET048,Set,L,4,Set,11,14,1.08,10.2,"4. 4-13 weeks",Other
SET048-KR-NP-M,SET048,Set,M,3,Set,7,23,1.77,4.0,"3. 2-4 weeks",Other
SET048-KR-NP-S,SET048,Set,S,2,Set,7,14,1.08,6.5,"4. 4-13 weeks",Other
SET048-KR-NP-XL,SET048,Set,XL,5,Set,5,4,0.31,16.3,"5. Over 13 weeks",Other
SET048-KR-NP-XS,SET048,Set,XS,1,Set,2,18,1.38,1.4,"2. Under 2 weeks",Other
SET048-KR-NP-XXL,SET048,Set,XXL,6,Set,7,3,0.23,30.3,"5. Over 13 weeks",Other
SET048-KR-NP-XXXL,SET048,Set,3XL,7,Set,1,8,0.62,1.6,"2. Under 2 weeks",Other
SET049-KR-NP-S,SET049,Set,S,2,Set,,1,0.08,,"No stock record",Other
SET051-KR-NP-XXXL,SET051,Set,3XL,7,Set,1,1,0.08,13.0,"5. Over 13 weeks",Other
SET053-KR-NP-L,SET053,Set,L,4,Set,1,5,0.38,2.6,"3. 2-4 weeks",Other
SET053-KR-NP-M,SET053,Set,M,3,Set,2,3,0.23,8.7,"4. 4-13 weeks",Other
SET053-KR-NP-S,SET053,Set,S,2,Set,13,3,0.23,56.3,"5. Over 13 weeks",Other
SET053-KR-NP-XL,SET053,Set,XL,5,Set,4,6,0.46,8.7,"4. 4-13 weeks",Other
SET053-KR-NP-XS,SET053,Set,XS,1,Set,8,3,0.23,34.7,"5. Over 13 weeks",Other
SET053-KR-NP-XXL,SET053,Set,XXL,6,Set,6,3,0.23,26.0,"5. Over 13 weeks",Other
SET053-KR-NP-XXXL,SET053,Set,3XL,7,Set,2,7,0.54,3.7,"3. 2-4 weeks",Other
SET055-KR-NP-L,SET055,Set,L,4,Set,11,5,0.38,28.6,"5. Over 13 weeks",Other
SET055-KR-NP-M,SET055,Set,M,3,Set,9,12,0.92,9.8,"4. 4-13 weeks",Other
SET055-KR-NP-S,SET055,Set,S,2,Set,5,3,0.23,21.7,"5. Over 13 weeks",Other
SET055-KR-NP-XL,SET055,Set,XL,5,Set,68,7,0.54,126.3,"5. Over 13 weeks",Other
SET055-KR-NP-XS,SET055,Set,XS,1,Set,15,4,0.31,48.8,"5. Over 13 weeks",Other
SET055-KR-NP-XXL,SET055,Set,XXL,6,Set,98,12,0.92,106.2,"5. Over 13 weeks",Other
SET055-KR-NP-XXXL,SET055,Set,3XL,7,Set,69,5,0.38,179.4,"5. Over 13 weeks",Other
SET058-KR-NP-L,SET058,Set,L,4,Set,9,57,4.38,2.1,"3. 2-4 weeks","Best-seller (top 10%)"
SET058-KR-NP-M,SET058,Set,M,3,Set,3,38,2.92,1.0,"2. Under 2 weeks","Best-seller (top 10%)"
SET058-KR-NP-S,SET058,Set,S,2,Set,326,22,1.69,192.6,"5. Over 13 weeks",Other
SET058-KR-NP-XL,SET058,Set,XL,5,Set,14,66,5.08,2.8,"3. 2-4 weeks","Best-seller (top 10%)"
SET058-KR-NP-XS,SET058,Set,XS,1,Set,696,3,0.23,3016.0,"5. Over 13 weeks",Other
SET058-KR-NP-XXL,SET058,Set,XXL,6,Set,33,18,1.38,23.8,"5. Over 13 weeks",Other
SET058-KR-NP-XXXL,SET058,Set,3XL,7,Set,65,8,0.62,105.6,"5. Over 13 weeks",Other
SET060-KR-NP-XL,SET060,Set,XL,5,Set,,1,0.08,,"No stock record",Other
SET062-KR-SP-L,SET062,Set,L,4,Set,0,3,0.23,0.0,"1. Out of stock",Other
SET062-KR-SP-M,SET062,Set,M,3,Set,3,6,0.46,6.5,"4. 4-13 weeks",Other
SET062-KR-SP-S,SET062,Set,S,2,Set,3,3,0.23,13.0,"5. Over 13 weeks",Other
SET062-KR-SP-XL,SET062,Set,XL,5,Set,11,3,0.23,47.7,"5. Over 13 weeks",Other
SET062-KR-SP-XS,SET062,Set,XS,1,Set,1,4,0.31,3.3,"3. 2-4 weeks",Other
SET062-KR-SP-XXL,SET062,Set,XXL,6,Set,54,5,0.38,140.4,"5. Over 13 weeks",Other
SET062-KR-SP-XXXL,SET062,Set,3XL,7,Set,2,7,0.54,3.7,"3. 2-4 weeks",Other
SET066-KR-PP-M,SET066,Set,M,3,Set,,1,0.08,,"No stock record",Other
SET069-KR-NP-XS,SET069,Set,XS,1,Set,,1,0.08,,"No stock record",Other
SET070-KR-NP-XS,SET070,Set,XS,1,Set,3,4,0.31,9.8,"4. 4-13 weeks",Other
SET072-KR-SHA-S,SET072,Set,S,2,Set,0,2,0.15,0.0,"1. Out of stock",Other
SET073-KR-SHA-L,SET073,Set,L,4,Set,113,14,1.08,104.9,"5. Over 13 weeks",Other
SET073-KR-SHA-M,SET073,Set,M,3,Set,250,24,1.85,135.4,"5. Over 13 weeks",Other
SET073-KR-SHA-S,SET073,Set,S,2,Set,249,17,1.31,190.4,"5. Over 13 weeks",Other
SET073-KR-SHA-XL,SET073,Set,XL,5,Set,216,12,0.92,234.0,"5. Over 13 weeks",Other
SET073-KR-SHA-XS,SET073,Set,XS,1,Set,289,12,0.92,313.1,"5. Over 13 weeks",Other
SET073-KR-SHA-XXL,SET073,Set,XXL,6,Set,23,3,0.23,99.7,"5. Over 13 weeks",Other
SET073-KR-SHA-XXXL,SET073,Set,3XL,7,Set,136,4,0.31,442.0,"5. Over 13 weeks",Other
SET075-KR-DH-L,SET075,Set,L,4,Set,0,8,0.62,0.0,"1. Out of stock",Other
SET075-KR-DH-S,SET075,Set,S,2,Set,5,4,0.31,16.3,"5. Over 13 weeks",Other
SET075-KR-DH-XS,SET075,Set,XS,1,Set,2,3,0.23,8.7,"4. 4-13 weeks",Other
SET075-KR-DH-XXL,SET075,Set,XXL,6,Set,0,3,0.23,0.0,"1. Out of stock",Other
SET075-KR-DH-XXXL,SET075,Set,3XL,7,Set,1,2,0.15,6.5,"4. 4-13 weeks",Other
SET078-KR-NP-S,SET078,Set,S,2,Set,3,3,0.23,13.0,"5. Over 13 weeks",Other
SET078-KR-NP-XS,SET078,Set,XS,1,Set,1,3,0.23,4.3,"4. 4-13 weeks",Other
SET083-KR-PP-L,SET083,Set,L,4,Set,2,,,,"No paid units",Other
SET083-KR-PP-XL,SET083,Set,XL,5,Set,1,3,0.23,4.3,"4. 4-13 weeks",Other
SET083-KR-PP-XXL,SET083,Set,XXL,6,Set,2,2,0.15,13.0,"5. Over 13 weeks",Other
SET083-KR-PP-XXXL,SET083,Set,3XL,7,Set,0,2,0.15,0.0,"1. Out of stock",Other
SET085-KR-PT-S,SET085,Set,S,2,Set,0,1,0.08,0.0,"1. Out of stock",Other
SET085-KR-PT-XS,SET085,Set,XS,1,Set,2,6,0.46,4.3,"4. 4-13 weeks",Other
SET087-KR-PP-L,SET087,Set,L,4,Set,3,4,0.31,9.8,"4. 4-13 weeks",Other
SET087-KR-PP-M,SET087,Set,M,3,Set,4,7,0.54,7.4,"4. 4-13 weeks",Other
SET087-KR-PP-S,SET087,Set,S,2,Set,30,4,0.31,97.5,"5. Over 13 weeks",Other
SET087-KR-PP-XL,SET087,Set,XL,5,Set,2,9,0.69,2.9,"3. 2-4 weeks",Other
SET087-KR-PP-XS,SET087,Set,XS,1,Set,4,1,0.08,52.0,"5. Over 13 weeks",Other
SET087-KR-PP-XXL,SET087,Set,XXL,6,Set,9,4,0.31,29.3,"5. Over 13 weeks",Other
SET087-KR-PP-XXXL,SET087,Set,3XL,7,Set,3,7,0.54,5.6,"4. 4-13 weeks",Other
SET091-KR-NP-S,SET091,Set,S,2,Set,3,2,0.15,19.5,"5. Over 13 weeks",Other
SET091-KR-NP-XXL,SET091,Set,XXL,6,Set,1,1,0.08,13.0,"5. Over 13 weeks",Other
SET091-KR-NP-XXXL,SET091,Set,3XL,7,Set,0,1,0.08,0.0,"1. Out of stock",Other
SET094-KR-NP-L,SET094,Set,L,4,Set,9,4,0.31,29.3,"5. Over 13 weeks",Other
SET094-KR-NP-M,SET094,Set,M,3,Set,10,2,0.15,65.0,"5. Over 13 weeks",Other
SET094-KR-NP-S,SET094,Set,S,2,Set,13,3,0.23,56.3,"5. Over 13 weeks",Other
SET094-KR-NP-XL,SET094,Set,XL,5,Set,41,3,0.23,177.7,"5. Over 13 weeks",Other
SET094-KR-NP-XS,SET094,Set,XS,1,Set,2,1,0.08,26.0,"5. Over 13 weeks",Other
SET094-KR-NP-XXL,SET094,Set,XXL,6,Set,58,1,0.08,754.0,"5. Over 13 weeks",Other
SET094-KR-NP-XXXL,SET094,Set,3XL,7,Set,8,6,0.46,17.3,"5. Over 13 weeks",Other
SET097-KR-PP-L,SET097,Set,L,4,Set,13,3,0.23,56.3,"5. Over 13 weeks",Other
SET097-KR-PP-S,SET097,Set,S,2,Set,17,,,,"No paid units",Other
SET097-KR-PP-XL,SET097,Set,XL,5,Set,25,2,0.15,162.5,"5. Over 13 weeks",Other
SET097-KR-PP-XS,SET097,Set,XS,1,Set,57,1,0.08,741.0,"5. Over 13 weeks",Other
SET097-KR-PP-XXL,SET097,Set,XXL,6,Set,1,3,0.23,4.3,"4. 4-13 weeks",Other
SET097-KR-PP-XXXL,SET097,Set,3XL,7,Set,6,4,0.31,19.5,"5. Over 13 weeks",Other
SET098-KR-PP-L,SET098,Set,L,4,Set,66,32,2.46,26.8,"5. Over 13 weeks",Other
SET098-KR-PP-M,SET098,Set,M,3,Set,163,57,4.38,37.2,"5. Over 13 weeks","Best-seller (top 10%)"
SET098-KR-PP-S,SET098,Set,S,2,Set,53,73,5.62,9.4,"4. 4-13 weeks","Best-seller (top 10%)"
SET098-KR-PP-XL,SET098,Set,XL,5,Set,50,12,0.92,54.2,"5. Over 13 weeks",Other
SET098-KR-PP-XXL,SET098,Set,XXL,6,Set,16,7,0.54,29.7,"5. Over 13 weeks",Other
SET098-KR-PP-XXXL,SET098,Set,3XL,7,Set,25,5,0.38,65.0,"5. Over 13 weeks",Other
SET100-KR-PP-L,SET100,Set,L,4,Set,3,1,0.08,39.0,"5. Over 13 weeks",Other
SET100-KR-PP-M,SET100,Set,M,3,Set,3,1,0.08,39.0,"5. Over 13 weeks",Other
SET100-KR-PP-S,SET100,Set,S,2,Set,22,1,0.08,286.0,"5. Over 13 weeks",Other
SET100-KR-PP-XL,SET100,Set,XL,5,Set,2,3,0.23,8.7,"4. 4-13 weeks",Other
SET100-KR-PP-XS,SET100,Set,XS,1,Set,40,2,0.15,260.0,"5. Over 13 weeks",Other
SET100-KR-PP-XXL,SET100,Set,XXL,6,Set,2,2,0.15,13.0,"5. Over 13 weeks",Other
SET100-KR-PP-XXXL,SET100,Set,3XL,7,Set,0,3,0.23,0.0,"1. Out of stock",Other
SET103-KR-SP-S,SET103,Set,S,2,Set,,1,0.08,,"No stock record",Other
SET110-KR-PP-L,SET110,Set,L,4,Set,5,62,4.77,1.0,"2. Under 2 weeks","Best-seller (top 10%)"
SET110-KR-PP-M,SET110,Set,M,3,Set,9,130,10.0,0.9,"2. Under 2 weeks","Best-seller (top 10%)"
SET110-KR-PP-S,SET110,Set,S,2,Set,37,108,8.31,4.5,"4. 4-13 weeks","Best-seller (top 10%)"
SET110-KR-PP-XL,SET110,Set,XL,5,Set,2,43,3.31,0.6,"2. Under 2 weeks","Best-seller (top 10%)"
SET110-KR-PP-XS,SET110,Set,XS,1,Set,47,74,5.69,8.3,"4. 4-13 weeks","Best-seller (top 10%)"
SET110-KR-PP-XXL,SET110,Set,XXL,6,Set,9,26,2.0,4.5,"4. 4-13 weeks",Other
SET110-KR-PP-XXXL,SET110,Set,3XL,7,Set,44,9,0.69,63.6,"5. Over 13 weeks",Other
SET111-KR-SP-XL,SET111,Set,XL,5,Set,,1,0.08,,"No stock record",Other
SET111-KR-SP-XXL,SET111,Set,XXL,6,Set,,1,0.08,,"No stock record",Other
SET112-KR-SP-XS,SET112,Set,XS,1,Set,,1,0.08,,"No stock record",Other
SET114-KR-PP-XS,SET114,Set,XS,1,Set,,2,0.15,,"No stock record",Other
SET116-KR-NP-L,SET116,Set,L,4,Set,3,14,1.08,2.8,"3. 2-4 weeks",Other
SET116-KR-NP-M,SET116,Set,M,3,Set,0,6,0.46,0.0,"1. Out of stock",Other
SET116-KR-NP-S,SET116,Set,S,2,Set,4,4,0.31,13.0,"5. Over 13 weeks",Other
SET116-KR-NP-XL,SET116,Set,XL,5,Set,3,4,0.31,9.8,"4. 4-13 weeks",Other
SET116-KR-NP-XS,SET116,Set,XS,1,Set,5,9,0.69,7.2,"4. 4-13 weeks",Other
SET116-KR-NP-XXL,SET116,Set,XXL,6,Set,5,7,0.54,9.3,"4. 4-13 weeks",Other
SET116-KR-NP-XXXL,SET116,Set,3XL,7,Set,6,11,0.85,7.1,"4. 4-13 weeks",Other
SET121-KR-NP-L,SET121,Set,L,4,Set,0,1,0.08,0.0,"1. Out of stock",Other
SET121-KR-NP-XS,SET121,Set,XS,1,Set,0,2,0.15,0.0,"1. Out of stock",Other
SET121-KR-NP-XXXL,SET121,Set,3XL,7,Set,0,2,0.15,0.0,"1. Out of stock",Other
SET128-KR-DH-L,SET128,Set,L,4,Set,16,16,1.23,13.0,"5. Over 13 weeks",Other
SET128-KR-DH-M,SET128,Set,M,3,Set,10,9,0.69,14.4,"5. Over 13 weeks",Other
SET128-KR-DH-S,SET128,Set,S,2,Set,48,6,0.46,104.0,"5. Over 13 weeks",Other
SET128-KR-DH-XL,SET128,Set,XL,5,Set,4,8,0.62,6.5,"4. 4-13 weeks",Other
SET128-KR-DH-XS,SET128,Set,XS,1,Set,63,3,0.23,273.0,"5. Over 13 weeks",Other
SET128-KR-DH-XXL,SET128,Set,XXL,6,Set,10,9,0.69,14.4,"5. Over 13 weeks",Other
SET128-KR-DH-XXXL,SET128,Set,3XL,7,Set,18,5,0.38,46.8,"5. Over 13 weeks",Other
SET129-KR-NP-XL,SET129,Set,XL,5,Set,,2,0.15,,"No stock record",Other
SET130-KR-NP-L,SET130,Set,L,4,Set,3,6,0.46,6.5,"4. 4-13 weeks",Other
SET130-KR-NP-M,SET130,Set,M,3,Set,77,8,0.62,125.1,"5. Over 13 weeks",Other
SET130-KR-NP-S,SET130,Set,S,2,Set,43,11,0.85,50.8,"5. Over 13 weeks",Other
SET130-KR-NP-XL,SET130,Set,XL,5,Set,41,5,0.38,106.6,"5. Over 13 weeks",Other
SET130-KR-NP-XS,SET130,Set,XS,1,Set,46,8,0.62,74.8,"5. Over 13 weeks",Other
SET130-KR-NP-XXL,SET130,Set,XXL,6,Set,10,12,0.92,10.8,"4. 4-13 weeks",Other
SET130-KR-NP-XXXL,SET130,Set,3XL,7,Set,7,14,1.08,6.5,"4. 4-13 weeks",Other
SET131-KR-NP-A-L,SET131,Set,L,4,Set,,4,0.31,,"No stock record",Other
SET131-KR-NP-A-M,SET131,Set,M,3,Set,,6,0.46,,"No stock record",Other
SET131-KR-NP-A-S,SET131,Set,S,2,Set,,5,0.38,,"No stock record",Other
SET131-KR-NP-A-XL,SET131,Set,XL,5,Set,,4,0.31,,"No stock record",Other
SET131-KR-NP-A-XS,SET131,Set,XS,1,Set,,2,0.15,,"No stock record",Other
SET131-KR-NP-A-XXL,SET131,Set,XXL,6,Set,,11,0.85,,"No stock record",Other
SET131-KR-NP-A-XXXL,SET131,Set,3XL,7,Set,,5,0.38,,"No stock record",Other
SET131-KR-NP-L,SET131,Set,L,4,Set,5,6,0.46,10.8,"4. 4-13 weeks",Other
SET131-KR-NP-M,SET131,Set,M,3,Set,4,14,1.08,3.7,"3. 2-4 weeks",Other
SET131-KR-NP-S,SET131,Set,S,2,Set,10,2,0.15,65.0,"5. Over 13 weeks",Other
SET131-KR-NP-XL,SET131,Set,XL,5,Set,12,6,0.46,26.0,"5. Over 13 weeks",Other
SET131-KR-NP-XS,SET131,Set,XS,1,Set,114,3,0.23,494.0,"5. Over 13 weeks",Other
SET131-KR-NP-XXL,SET131,Set,XXL,6,Set,5,6,0.46,10.8,"4. 4-13 weeks",Other
SET131-KR-NP-XXXL,SET131,Set,3XL,7,Set,10,6,0.46,21.7,"5. Over 13 weeks",Other
SET132-KR-NP-L,SET132,Set,L,4,Set,3,3,0.23,13.0,"5. Over 13 weeks",Other
SET132-KR-NP-M,SET132,Set,M,3,Set,8,2,0.15,52.0,"5. Over 13 weeks",Other
SET132-KR-NP-S,SET132,Set,S,2,Set,38,5,0.38,98.8,"5. Over 13 weeks",Other
SET132-KR-NP-XL,SET132,Set,XL,5,Set,4,5,0.38,10.4,"4. 4-13 weeks",Other
SET132-KR-NP-XS,SET132,Set,XS,1,Set,23,4,0.31,74.8,"5. Over 13 weeks",Other
SET132-KR-NP-XXL,SET132,Set,XXL,6,Set,10,8,0.62,16.3,"5. Over 13 weeks",Other
SET132-KR-NP-XXXL,SET132,Set,3XL,7,Set,3,5,0.38,7.8,"4. 4-13 weeks",Other
SET135-KR-PP-XL,SET135,Set,XL,5,Set,1,1,0.08,13.0,"5. Over 13 weeks",Other
SET135-KR-PP-XS,SET135,Set,XS,1,Set,3,1,0.08,39.0,"5. Over 13 weeks",Other
SET135-KR-PP-XXXL,SET135,Set,3XL,7,Set,3,2,0.15,19.5,"5. Over 13 weeks",Other
SET136-KR-PP-L,SET136,Set,L,4,Set,,1,0.08,,"No stock record",Other
SET138-KR-PP-L,SET138,Set,L,4,Set,1,5,0.38,2.6,"3. 2-4 weeks",Other
SET138-KR-PP-M,SET138,Set,M,3,Set,2,10,0.77,2.6,"3. 2-4 weeks",Other
SET138-KR-PP-S,SET138,Set,S,2,Set,4,1,0.08,52.0,"5. Over 13 weeks",Other
SET138-KR-PP-XL,SET138,Set,XL,5,Set,2,3,0.23,8.7,"4. 4-13 weeks",Other
SET138-KR-PP-XS,SET138,Set,XS,1,Set,6,5,0.38,15.6,"5. Over 13 weeks",Other
SET138-KR-PP-XXL,SET138,Set,XXL,6,Set,3,2,0.15,19.5,"5. Over 13 weeks",Other
SET138-KR-PP-XXXL,SET138,Set,3XL,7,Set,2,3,0.23,8.7,"4. 4-13 weeks",Other
SET139-KR-PP-S,SET139,Set,S,2,Set,0,2,0.15,0.0,"1. Out of stock",Other
SET139-KR-PP-XS,SET139,Set,XS,1,Set,1,1,0.08,13.0,"5. Over 13 weeks",Other
SET139-KR-PP-XXXL,SET139,Set,3XL,7,Set,0,1,0.08,0.0,"1. Out of stock",Other
SET141-KR-NP-S,SET141,Set,S,2,Set,,1,0.08,,"No stock record",Other
SET142-KR-PP-L,SET142,Set,L,4,Set,,1,0.08,,"No stock record",Other
SET143-KR-PP-M,SET143,Set,M,3,Set,3,1,0.08,39.0,"5. Over 13 weeks",Other
SET143-KR-PP-S,SET143,Set,S,2,Set,2,1,0.08,26.0,"5. Over 13 weeks",Other
SET143-KR-PP-XS,SET143,Set,XS,1,Set,2,1,0.08,26.0,"5. Over 13 weeks",Other
SET143-KR-PP-XXL,SET143,Set,XXL,6,Set,0,2,0.15,0.0,"1. Out of stock",Other
SET144-KR-NP-L,SET144,Set,L,4,Set,51,38,2.92,17.4,"5. Over 13 weeks","Best-seller (top 10%)"
SET144-KR-NP-M,SET144,Set,M,3,Set,51,36,2.77,18.4,"5. Over 13 weeks","Best-seller (top 10%)"
SET144-KR-NP-S,SET144,Set,S,2,Set,61,19,1.46,41.7,"5. Over 13 weeks",Other
SET144-KR-NP-XL,SET144,Set,XL,5,Set,48,15,1.15,41.6,"5. Over 13 weeks",Other
SET144-KR-NP-XS,SET144,Set,XS,1,Set,19,24,1.85,10.3,"4. 4-13 weeks",Other
SET144-KR-NP-XXL,SET144,Set,XXL,6,Set,23,15,1.15,19.9,"5. Over 13 weeks",Other
SET144-KR-NP-XXXL,SET144,Set,3XL,7,Set,33,22,1.69,19.5,"5. Over 13 weeks",Other
SET145-KR-NP-L,SET145,Set,L,4,Set,4,49,3.77,1.1,"2. Under 2 weeks","Best-seller (top 10%)"
SET145-KR-NP-M,SET145,Set,M,3,Set,3,57,4.38,0.7,"2. Under 2 weeks","Best-seller (top 10%)"
SET145-KR-NP-S,SET145,Set,S,2,Set,5,30,2.31,2.2,"3. 2-4 weeks",Other
SET145-KR-NP-XL,SET145,Set,XL,5,Set,5,40,3.08,1.6,"2. Under 2 weeks","Best-seller (top 10%)"
SET145-KR-NP-XS,SET145,Set,XS,1,Set,7,29,2.23,3.1,"3. 2-4 weeks",Other
SET145-KR-NP-XXL,SET145,Set,XXL,6,Set,3,47,3.62,0.8,"2. Under 2 weeks","Best-seller (top 10%)"
SET145-KR-NP-XXXL,SET145,Set,3XL,7,Set,3,21,1.62,1.9,"2. Under 2 weeks",Other
SET147-KR-NP-M,SET147,Set,M,3,Set,1,2,0.15,6.5,"4. 4-13 weeks",Other
SET147-KR-NP-S,SET147,Set,S,2,Set,0,4,0.31,0.0,"1. Out of stock",Other
SET147-KR-NP-XL,SET147,Set,XL,5,Set,1,9,0.69,1.4,"2. Under 2 weeks",Other
SET147-KR-NP-XS,SET147,Set,XS,1,Set,2,3,0.23,8.7,"4. 4-13 weeks",Other
SET147-KR-NP-XXL,SET147,Set,XXL,6,Set,0,3,0.23,0.0,"1. Out of stock",Other
SET147-KR-NP-XXXL,SET147,Set,3XL,7,Set,3,5,0.38,7.8,"4. 4-13 weeks",Other
SET152-KR-NP-S,SET152,Set,S,2,Set,0,3,0.23,0.0,"1. Out of stock",Other
SET152-KR-NP-XS,SET152,Set,XS,1,Set,3,4,0.31,9.8,"4. 4-13 weeks",Other
SET153-KR-NP-XS,SET153,Set,XS,1,Set,3,3,0.23,13.0,"5. Over 13 weeks",Other
SET153-KR-NP-XXL,SET153,Set,XXL,6,Set,0,1,0.08,0.0,"1. Out of stock",Other
SET153-KR-NP-XXXL,SET153,Set,3XL,7,Set,0,1,0.08,0.0,"1. Out of stock",Other
SET154-KR-NP-L,SET154,Set,L,4,Set,20,9,0.69,28.9,"5. Over 13 weeks",Other
SET154-KR-NP-M,SET154,Set,M,3,Set,38,6,0.46,82.3,"5. Over 13 weeks",Other
SET154-KR-NP-S,SET154,Set,S,2,Set,16,4,0.31,52.0,"5. Over 13 weeks",Other
SET154-KR-NP-XL,SET154,Set,XL,5,Set,19,12,0.92,20.6,"5. Over 13 weeks",Other
SET154-KR-NP-XS,SET154,Set,XS,1,Set,22,2,0.15,143.0,"5. Over 13 weeks",Other
SET154-KR-NP-XXL,SET154,Set,XXL,6,Set,3,6,0.46,6.5,"4. 4-13 weeks",Other
SET154-KR-NP-XXXL,SET154,Set,3XL,7,Set,4,11,0.85,4.7,"4. 4-13 weeks",Other
SET155-KR-PP-S,SET155,Set,S,2,Set,1,2,0.15,6.5,"4. 4-13 weeks",Other
SET155-KR-PP-XS,SET155,Set,XS,1,Set,2,3,0.23,8.7,"4. 4-13 weeks",Other
SET156-KR-NP-L,SET156,Set,L,4,Set,10,10,0.77,13.0,"5. Over 13 weeks",Other
SET156-KR-NP-M,SET156,Set,M,3,Set,9,6,0.46,19.5,"5. Over 13 weeks",Other
SET156-KR-NP-S,SET156,Set,S,2,Set,21,5,0.38,54.6,"5. Over 13 weeks",Other
SET156-KR-NP-XL,SET156,Set,XL,5,Set,14,4,0.31,45.5,"5. Over 13 weeks",Other
SET156-KR-NP-XS,SET156,Set,XS,1,Set,9,2,0.15,58.5,"5. Over 13 weeks",Other
SET156-KR-NP-XXL,SET156,Set,XXL,6,Set,25,3,0.23,108.3,"5. Over 13 weeks",Other
SET156-KR-NP-XXXL,SET156,Set,3XL,7,Set,14,5,0.38,36.4,"5. Over 13 weeks",Other
SET158-KR-PP-L,SET158,Set,L,4,Set,28,9,0.69,40.4,"5. Over 13 weeks",Other
SET158-KR-PP-M,SET158,Set,M,3,Set,35,6,0.46,75.8,"5. Over 13 weeks",Other
SET158-KR-PP-S,SET158,Set,S,2,Set,52,2,0.15,338.0,"5. Over 13 weeks",Other
SET158-KR-PP-XL,SET158,Set,XL,5,Set,51,3,0.23,221.0,"5. Over 13 weeks",Other
SET158-KR-PP-XS,SET158,Set,XS,1,Set,49,4,0.31,159.3,"5. Over 13 weeks",Other
SET158-KR-PP-XXL,SET158,Set,XXL,6,Set,71,4,0.31,230.8,"5. Over 13 weeks",Other
SET158-KR-PP-XXXL,SET158,Set,3XL,7,Set,21,13,1.0,21.0,"5. Over 13 weeks",Other
SET159-KR-NP-XS,SET159,Set,XS,1,Set,0,4,0.31,0.0,"1. Out of stock",Other
SET159-KR-NP-XXL,SET159,Set,XXL,6,Set,0,1,0.08,0.0,"1. Out of stock",Other
SET162-KR-PP-XL,SET162,Set,XL,5,Set,,1,0.08,,"No stock record",Other
SET165-KR-PP-L,SET165,Set,L,4,Set,4,3,0.23,17.3,"5. Over 13 weeks",Other
SET165-KR-PP-M,SET165,Set,M,3,Set,1,4,0.31,3.3,"3. 2-4 weeks",Other
SET165-KR-PP-S,SET165,Set,S,2,Set,1,2,0.15,6.5,"4. 4-13 weeks",Other
SET165-KR-PP-XL,SET165,Set,XL,5,Set,4,3,0.23,17.3,"5. Over 13 weeks",Other
SET165-KR-PP-XS,SET165,Set,XS,1,Set,8,2,0.15,52.0,"5. Over 13 weeks",Other
SET165-KR-PP-XXL,SET165,Set,XXL,6,Set,7,4,0.31,22.8,"5. Over 13 weeks",Other
SET165-KR-PP-XXXL,SET165,Set,3XL,7,Set,0,4,0.31,0.0,"1. Out of stock",Other
SET171-KR-NP-L,SET171,Set,L,4,Set,6,43,3.31,1.8,"2. Under 2 weeks","Best-seller (top 10%)"
SET171-KR-NP-M,SET171,Set,M,3,Set,2,13,1.0,2.0,"3. 2-4 weeks",Other
SET171-KR-NP-S,SET171,Set,S,2,Set,5,17,1.31,3.8,"3. 2-4 weeks",Other
SET171-KR-NP-XL,SET171,Set,XL,5,Set,4,29,2.23,1.8,"2. Under 2 weeks",Other
SET171-KR-NP-XS,SET171,Set,XS,1,Set,52,13,1.0,52.0,"5. Over 13 weeks",Other
SET171-KR-NP-XXL,SET171,Set,XXL,6,Set,1,8,0.62,1.6,"2. Under 2 weeks",Other
SET171-KR-NP-XXXL,SET171,Set,3XL,7,Set,9,31,2.38,3.8,"3. 2-4 weeks","Best-seller (top 10%)"
SET172-KR-PP-B-L,SET172,Set,L,4,Set,,11,0.85,,"No stock record",Other
SET172-KR-PP-B-M,SET172,Set,M,3,Set,,20,1.54,,"No stock record",Other
SET172-KR-PP-B-S,SET172,Set,S,2,Set,,4,0.31,,"No stock record",Other
SET172-KR-PP-B-XL,SET172,Set,XL,5,Set,,14,1.08,,"No stock record",Other
SET172-KR-PP-B-XS,SET172,Set,XS,1,Set,,1,0.08,,"No stock record",Other
SET172-KR-PP-B-XXL,SET172,Set,XXL,6,Set,,3,0.23,,"No stock record",Other
SET172-KR-PP-B-XXXL,SET172,Set,3XL,7,Set,,1,0.08,,"No stock record",Other
SET179-KR-PP-L,SET179,Set,L,4,Set,0,2,0.15,0.0,"1. Out of stock",Other
SET179-KR-PP-S,SET179,Set,S,2,Set,0,4,0.31,0.0,"1. Out of stock",Other
SET179-KR-PP-XL,SET179,Set,XL,5,Set,0,1,0.08,0.0,"1. Out of stock",Other
SET179-KR-PP-XS,SET179,Set,XS,1,Set,6,17,1.31,4.6,"4. 4-13 weeks",Other
SET179-KR-PP-XXL,SET179,Set,XXL,6,Set,1,3,0.23,4.3,"4. 4-13 weeks",Other
SET179-KR-PP-XXXL,SET179,Set,3XL,7,Set,3,17,1.31,2.3,"3. 2-4 weeks",Other
SET182-KR-DH-K-M,SET182,Set,M,3,Set,,1,0.08,,"No stock record",Other
SET182-KR-DH-L,SET182,Set,L,4,Set,18,11,0.85,21.3,"5. Over 13 weeks",Other
SET182-KR-DH-M,SET182,Set,M,3,Set,4,32,2.46,1.6,"2. Under 2 weeks",Other
SET182-KR-DH-S,SET182,Set,S,2,Set,6,19,1.46,4.1,"4. 4-13 weeks",Other
SET182-KR-DH-XL,SET182,Set,XL,5,Set,44,5,0.38,114.4,"5. Over 13 weeks",Other
SET182-KR-DH-XS,SET182,Set,XS,1,Set,109,22,1.69,64.4,"5. Over 13 weeks",Other
SET182-KR-DH-XXL,SET182,Set,XXL,6,Set,2,6,0.46,4.3,"4. 4-13 weeks",Other
SET182-KR-DH-XXXL,SET182,Set,3XL,7,Set,4,8,0.62,6.5,"4. 4-13 weeks",Other
SET183-KR-DH-L,SET183,Set,L,4,Set,123,18,1.38,88.8,"5. Over 13 weeks",Other
SET183-KR-DH-M,SET183,Set,M,3,Set,73,270,20.77,3.5,"3. 2-4 weeks","Best-seller (top 10%)"
SET183-KR-DH-S,SET183,Set,S,2,Set,293,64,4.92,59.5,"5. Over 13 weeks","Best-seller (top 10%)"
SET183-KR-DH-XL,SET183,Set,XL,5,Set,116,81,6.23,18.6,"5. Over 13 weeks","Best-seller (top 10%)"
SET183-KR-DH-XS,SET183,Set,XS,1,Set,45,40,3.08,14.6,"5. Over 13 weeks","Best-seller (top 10%)"
SET183-KR-DH-XXL,SET183,Set,XXL,6,Set,52,13,1.0,52.0,"5. Over 13 weeks",Other
SET183-KR-DH-XXXL,SET183,Set,3XL,7,Set,26,94,7.23,3.6,"3. 2-4 weeks","Best-seller (top 10%)"
SET184-KR-PP-L,SET184,Set,L,4,Set,11,69,5.31,2.1,"3. 2-4 weeks","Best-seller (top 10%)"
SET184-KR-PP-M,SET184,Set,M,3,Set,6,65,5.0,1.2,"2. Under 2 weeks","Best-seller (top 10%)"
SET184-KR-PP-S,SET184,Set,S,2,Set,10,56,4.31,2.3,"3. 2-4 weeks","Best-seller (top 10%)"
SET184-KR-PP-XL,SET184,Set,XL,5,Set,11,55,4.23,2.6,"3. 2-4 weeks","Best-seller (top 10%)"
SET184-KR-PP-XS,SET184,Set,XS,1,Set,10,43,3.31,3.0,"3. 2-4 weeks","Best-seller (top 10%)"
SET184-KR-PP-XXL,SET184,Set,XXL,6,Set,2,46,3.54,0.6,"2. Under 2 weeks","Best-seller (top 10%)"
SET184-KR-PP-XXXL,SET184,Set,3XL,7,Set,4,31,2.38,1.7,"2. Under 2 weeks",Other
SET185-KR-NP-L,SET185,Set,L,4,Set,39,6,0.46,84.5,"5. Over 13 weeks",Other
SET185-KR-NP-M,SET185,Set,M,3,Set,31,9,0.69,44.8,"5. Over 13 weeks",Other
SET185-KR-NP-S,SET185,Set,S,2,Set,39,2,0.15,253.5,"5. Over 13 weeks",Other
SET185-KR-NP-XL,SET185,Set,XL,5,Set,42,6,0.46,91.0,"5. Over 13 weeks",Other
SET185-KR-NP-XS,SET185,Set,XS,1,Set,26,3,0.23,112.7,"5. Over 13 weeks",Other
SET185-KR-NP-XXL,SET185,Set,XXL,6,Set,38,2,0.15,247.0,"5. Over 13 weeks",Other
SET185-KR-NP-XXXL,SET185,Set,3XL,7,Set,7,,,,"No paid units",Other
SET186-KR-DH-K-M,SET186,Set,M,3,Set,,17,1.31,,"No stock record",Other
SET186-KR-DH-L,SET186,Set,L,4,Set,13,17,1.31,9.9,"4. 4-13 weeks",Other
SET186-KR-DH-M,SET186,Set,M,3,Set,94,14,1.08,87.3,"5. Over 13 weeks",Other
SET186-KR-DH-S,SET186,Set,S,2,Set,38,20,1.54,24.7,"5. Over 13 weeks",Other
SET186-KR-DH-XL,SET186,Set,XL,5,Set,38,7,0.54,70.6,"5. Over 13 weeks",Other
SET186-KR-DH-XS,SET186,Set,XS,1,Set,108,11,0.85,127.6,"5. Over 13 weeks",Other
SET186-KR-DH-XXL,SET186,Set,XXL,6,Set,1,5,0.38,2.6,"3. 2-4 weeks",Other
SET186-KR-DH-XXXL,SET186,Set,3XL,7,Set,0,4,0.31,0.0,"1. Out of stock",Other
SET187-KR-DH-L,SET187,Set,L,4,Set,113,22,1.69,66.8,"5. Over 13 weeks",Other
SET187-KR-DH-M,SET187,Set,M,3,Set,318,76,5.85,54.4,"5. Over 13 weeks","Best-seller (top 10%)"
SET187-KR-DH-S,SET187,Set,S,2,Set,136,18,1.38,98.2,"5. Over 13 weeks",Other
SET187-KR-DH-XL,SET187,Set,XL,5,Set,71,129,9.92,7.2,"4. 4-13 weeks","Best-seller (top 10%)"
SET187-KR-DH-XS,SET187,Set,XS,1,Set,102,24,1.85,55.3,"5. Over 13 weeks",Other
SET187-KR-DH-XXL,SET187,Set,XXL,6,Set,63,22,1.69,37.2,"5. Over 13 weeks",Other
SET187-KR-DH-XXXL,SET187,Set,3XL,7,Set,52,6,0.46,112.7,"5. Over 13 weeks",Other
SET188-KR-NP-L,SET188,Set,L,4,Set,30,11,0.85,35.5,"5. Over 13 weeks",Other
SET188-KR-NP-M,SET188,Set,M,3,Set,85,7,0.54,157.9,"5. Over 13 weeks",Other
SET188-KR-NP-S,SET188,Set,S,2,Set,31,6,0.46,67.2,"5. Over 13 weeks",Other
SET188-KR-NP-XL,SET188,Set,XL,5,Set,10,6,0.46,21.7,"5. Over 13 weeks",Other
SET188-KR-NP-XS,SET188,Set,XS,1,Set,106,5,0.38,275.6,"5. Over 13 weeks",Other
SET188-KR-NP-XXL,SET188,Set,XXL,6,Set,13,7,0.54,24.1,"5. Over 13 weeks",Other
SET188-KR-NP-XXXL,SET188,Set,3XL,7,Set,58,13,1.0,58.0,"5. Over 13 weeks",Other
SET191-KR-PP-M,SET191,Set,M,3,Set,2,1,0.08,26.0,"5. Over 13 weeks",Other
SET191-KR-PP-XL,SET191,Set,XL,5,Set,3,1,0.08,39.0,"5. Over 13 weeks",Other
SET192-KR-NP-L,SET192,Set,L,4,Set,3,12,0.92,3.3,"3. 2-4 weeks",Other
SET192-KR-NP-M,SET192,Set,M,3,Set,6,6,0.46,13.0,"5. Over 13 weeks",Other
SET192-KR-NP-S,SET192,Set,S,2,Set,18,7,0.54,33.4,"5. Over 13 weeks",Other
SET192-KR-NP-XL,SET192,Set,XL,5,Set,4,1,0.08,52.0,"5. Over 13 weeks",Other
SET192-KR-NP-XS,SET192,Set,XS,1,Set,25,7,0.54,46.4,"5. Over 13 weeks",Other
SET192-KR-NP-XXL,SET192,Set,XXL,6,Set,7,6,0.46,15.2,"5. Over 13 weeks",Other
SET192-KR-NP-XXXL,SET192,Set,3XL,7,Set,8,11,0.85,9.5,"4. 4-13 weeks",Other
SET193-KR-NP-A-M,SET193,Set,M,3,Set,,7,0.54,,"No stock record",Other
SET193-KR-NP-A-S,SET193,Set,S,2,Set,,6,0.46,,"No stock record",Other
SET193-KR-NP-A-XL,SET193,Set,XL,5,Set,,4,0.31,,"No stock record",Other
SET193-KR-NP-A-XS,SET193,Set,XS,1,Set,,2,0.15,,"No stock record",Other
SET193-KR-NP-A-XXL,SET193,Set,XXL,6,Set,,5,0.38,,"No stock record",Other
SET193-KR-NP-A-XXXL,SET193,Set,3XL,7,Set,,3,0.23,,"No stock record",Other
SET194-KR-NP-L,SET194,Set,L,4,Set,84,5,0.38,218.4,"5. Over 13 weeks",Other
SET194-KR-NP-M,SET194,Set,M,3,Set,96,23,1.77,54.3,"5. Over 13 weeks",Other
SET194-KR-NP-S,SET194,Set,S,2,Set,53,3,0.23,229.7,"5. Over 13 weeks",Other
SET194-KR-NP-XL,SET194,Set,XL,5,Set,27,8,0.62,43.9,"5. Over 13 weeks",Other
SET194-KR-NP-XS,SET194,Set,XS,1,Set,114,1,0.08,1482.0,"5. Over 13 weeks",Other
SET194-KR-NP-XXL,SET194,Set,XXL,6,Set,167,11,0.85,197.4,"5. Over 13 weeks",Other
SET194-KR-NP-XXXL,SET194,Set,3XL,7,Set,82,4,0.31,266.5,"5. Over 13 weeks",Other
SET195-KR-NP-A-L,SET195,Set,L,4,Set,,3,0.23,,"No stock record",Other
SET195-KR-NP-A-S,SET195,Set,S,2,Set,,2,0.15,,"No stock record",Other
SET195-KR-NP-A-XL,SET195,Set,XL,5,Set,,5,0.38,,"No stock record",Other
SET195-KR-NP-A-XS,SET195,Set,XS,1,Set,,1,0.08,,"No stock record",Other
SET195-KR-NP-A-XXL,SET195,Set,XXL,6,Set,,2,0.15,,"No stock record",Other
SET196-KR-NP-L,SET196,Set,L,4,Set,51,10,0.77,66.3,"5. Over 13 weeks",Other
SET196-KR-NP-M,SET196,Set,M,3,Set,85,7,0.54,157.9,"5. Over 13 weeks",Other
SET196-KR-NP-S,SET196,Set,S,2,Set,81,2,0.15,526.5,"5. Over 13 weeks",Other
SET196-KR-NP-XL,SET196,Set,XL,5,Set,40,7,0.54,74.3,"5. Over 13 weeks",Other
SET196-KR-NP-XS,SET196,Set,XS,1,Set,67,1,0.08,871.0,"5. Over 13 weeks",Other
SET196-KR-NP-XXL,SET196,Set,XXL,6,Set,26,9,0.69,37.6,"5. Over 13 weeks",Other
SET196-KR-NP-XXXL,SET196,Set,3XL,7,Set,22,8,0.62,35.8,"5. Over 13 weeks",Other
SET197-KR-NP-L,SET197,Set,L,4,Set,358,134,10.31,34.7,"5. Over 13 weeks","Best-seller (top 10%)"
SET197-KR-NP-M,SET197,Set,M,3,Set,11,43,3.31,3.3,"3. 2-4 weeks","Best-seller (top 10%)"
SET197-KR-NP-S,SET197,Set,S,2,Set,196,33,2.54,77.2,"5. Over 13 weeks","Best-seller (top 10%)"
SET197-KR-NP-XL,SET197,Set,XL,5,Set,117,35,2.69,43.5,"5. Over 13 weeks","Best-seller (top 10%)"
SET197-KR-NP-XS,SET197,Set,XS,1,Set,191,14,1.08,177.4,"5. Over 13 weeks",Other
SET197-KR-NP-XXL,SET197,Set,XXL,6,Set,104,82,6.31,16.5,"5. Over 13 weeks","Best-seller (top 10%)"
SET197-KR-NP-XXXL,SET197,Set,3XL,7,Set,49,15,1.15,42.5,"5. Over 13 weeks",Other
SET198-KR-NP-A-L,SET198,Set,L,4,Set,,3,0.23,,"No stock record",Other
SET198-KR-NP-A-M,SET198,Set,M,3,Set,,6,0.46,,"No stock record",Other
SET198-KR-NP-A-S,SET198,Set,S,2,Set,,8,0.62,,"No stock record",Other
SET198-KR-NP-A-XS,SET198,Set,XS,1,Set,,5,0.38,,"No stock record",Other
SET198-KR-NP-A-XXL,SET198,Set,XXL,6,Set,,5,0.38,,"No stock record",Other
SET198-KR-NP-A-XXXL,SET198,Set,3XL,7,Set,,3,0.23,,"No stock record",Other
SET199-KR-NP-L,SET199,Set,L,4,Set,11,3,0.23,47.7,"5. Over 13 weeks",Other
SET199-KR-NP-M,SET199,Set,M,3,Set,44,2,0.15,286.0,"5. Over 13 weeks",Other
SET199-KR-NP-XL,SET199,Set,XL,5,Set,5,2,0.15,32.5,"5. Over 13 weeks",Other
SET199-KR-NP-XS,SET199,Set,XS,1,Set,40,,,,"No paid units",Other
SET199-KR-NP-XXL,SET199,Set,XXL,6,Set,7,5,0.38,18.2,"5. Over 13 weeks",Other
SET199-KR-NP-XXXL,SET199,Set,3XL,7,Set,21,1,0.08,273.0,"5. Over 13 weeks",Other
SET200-KR-NP-A-L,SET200,Set,L,4,Set,,8,0.62,,"No stock record",Other
SET200-KR-NP-A-M,SET200,Set,M,3,Set,,1,0.08,,"No stock record",Other
SET200-KR-NP-A-S,SET200,Set,S,2,Set,,2,0.15,,"No stock record",Other
SET200-KR-NP-A-XL,SET200,Set,XL,5,Set,,3,0.23,,"No stock record",Other
SET200-KR-NP-A-XS,SET200,Set,XS,1,Set,,2,0.15,,"No stock record",Other
SET200-KR-NP-A-XXL,SET200,Set,XXL,6,Set,,6,0.46,,"No stock record",Other
SET200-KR-NP-A-XXXL,SET200,Set,3XL,7,Set,,11,0.85,,"No stock record",Other
SET201-KR-NP-A-L,SET201,Set,L,4,Set,,2,0.15,,"No stock record",Other
SET201-KR-NP-A-M,SET201,Set,M,3,Set,,1,0.08,,"No stock record",Other
SET201-KR-NP-A-S,SET201,Set,S,2,Set,,6,0.46,,"No stock record",Other
SET201-KR-NP-A-XL,SET201,Set,XL,5,Set,,1,0.08,,"No stock record",Other
SET201-KR-NP-A-XS,SET201,Set,XS,1,Set,,6,0.46,,"No stock record",Other
SET201-KR-NP-A-XXL,SET201,Set,XXL,6,Set,,11,0.85,,"No stock record",Other
SET201-KR-NP-A-XXXL,SET201,Set,3XL,7,Set,,5,0.38,,"No stock record",Other
SET202-KR-NP-M,SET202,Set,M,3,Set,0,2,0.15,0.0,"1. Out of stock",Other
SET202-KR-NP-XL,SET202,Set,XL,5,Set,1,1,0.08,13.0,"5. Over 13 weeks",Other
SET202-KR-NP-XXXL,SET202,Set,3XL,7,Set,1,1,0.08,13.0,"5. Over 13 weeks",Other
SET203-KR-DPT-L,SET203,Set,L,4,Set,8,51,3.92,2.0,"3. 2-4 weeks",Other
SET203-KR-DPT-S,SET203,Set,S,2,Set,16,36,2.77,5.8,"4. 4-13 weeks",Other
SET203-KR-DPT-XL,SET203,Set,XL,5,Set,7,40,3.08,2.3,"3. 2-4 weeks",Other
SET203-KR-DPT-XS,SET203,Set,XS,1,Set,14,17,1.31,10.7,"4. 4-13 weeks",Other
SET203-KR-DPT-XXL,SET203,Set,XXL,6,Set,12,16,1.23,9.8,"4. 4-13 weeks",Other
SET203-KR-DPT-XXXL,SET203,Set,3XL,7,Set,8,26,2.0,4.0,"4. 4-13 weeks",Other
SET204-KR-DPT-L,SET204,Set,L,4,Set,4,2,0.15,26.0,"5. Over 13 weeks",Other
SET204-KR-DPT-M,SET204,Set,M,3,Set,2,1,0.08,26.0,"5. Over 13 weeks",Other
SET204-KR-DPT-S,SET204,Set,S,2,Set,5,7,0.54,9.3,"4. 4-13 weeks",Other
SET204-KR-DPT-XL,SET204,Set,XL,5,Set,4,2,0.15,26.0,"5. Over 13 weeks",Other
SET204-KR-DPT-XS,SET204,Set,XS,1,Set,3,11,0.85,3.5,"3. 2-4 weeks",Other
SET204-KR-DPT-XXL,SET204,Set,XXL,6,Set,3,11,0.85,3.5,"3. 2-4 weeks",Other
SET204-KR-DPT-XXXL,SET204,Set,3XL,7,Set,5,14,1.08,4.6,"4. 4-13 weeks",Other
SET205-KR-DPT-A-M,SET205,Set,M,3,Set,,5,0.38,,"No stock record",Other
SET205-KR-DPT-A-S,SET205,Set,S,2,Set,,2,0.15,,"No stock record",Other
SET205-KR-DPT-A-XL,SET205,Set,XL,5,Set,,1,0.08,,"No stock record",Other
SET205-KR-DPT-A-XS,SET205,Set,XS,1,Set,,4,0.31,,"No stock record",Other
SET205-KR-DPT-A-XXL,SET205,Set,XXL,6,Set,,7,0.54,,"No stock record",Other
SET205-KR-DPT-A-XXXL,SET205,Set,3XL,7,Set,,6,0.46,,"No stock record",Other
SET206-KR-PP-S,SET206,Set,S,2,Set,1,2,0.15,6.5,"4. 4-13 weeks",Other
SET209-KR-PP-L,SET209,Set,L,4,Set,7,23,1.77,4.0,"3. 2-4 weeks",Other
SET209-KR-PP-M,SET209,Set,M,3,Set,15,17,1.31,11.5,"4. 4-13 weeks",Other
SET209-KR-PP-S,SET209,Set,S,2,Set,38,8,0.62,61.8,"5. Over 13 weeks",Other
SET209-KR-PP-XL,SET209,Set,XL,5,Set,8,11,0.85,9.5,"4. 4-13 weeks",Other
SET209-KR-PP-XS,SET209,Set,XS,1,Set,27,5,0.38,70.2,"5. Over 13 weeks",Other
SET209-KR-PP-XXL,SET209,Set,XXL,6,Set,15,17,1.31,11.5,"4. 4-13 weeks",Other
SET209-KR-PP-XXXL,SET209,Set,3XL,7,Set,2,20,1.54,1.3,"2. Under 2 weeks",Other
SET210-KR-PP-L,SET210,Set,L,4,Set,2,15,1.15,1.7,"2. Under 2 weeks",Other
SET210-KR-PP-M,SET210,Set,M,3,Set,5,8,0.62,8.1,"4. 4-13 weeks",Other
SET210-KR-PP-S,SET210,Set,S,2,Set,2,7,0.54,3.7,"3. 2-4 weeks",Other
SET210-KR-PP-XL,SET210,Set,XL,5,Set,3,10,0.77,3.9,"3. 2-4 weeks",Other
SET210-KR-PP-XS,SET210,Set,XS,1,Set,18,4,0.31,58.5,"5. Over 13 weeks",Other
SET210-KR-PP-XXXL,SET210,Set,3XL,7,Set,0,4,0.31,0.0,"1. Out of stock",Other
SET211-KR-DPT-XXL,SET211,Set,XXL,6,Set,3,1,0.08,39.0,"5. Over 13 weeks",Other
SET214-KR-DPT-XL,SET214,Set,XL,5,Set,2,1,0.08,26.0,"5. Over 13 weeks",Other
SET214-KR-DPT-XXXL,SET214,Set,3XL,7,Set,2,1,0.08,26.0,"5. Over 13 weeks",Other
SET216-KR-PP-XL,SET216,Set,XL,5,Set,2,2,0.15,13.0,"5. Over 13 weeks",Other
SET217-KR-PP-L,SET217,Set,L,4,Set,3,25,1.92,1.6,"2. Under 2 weeks",Other
SET217-KR-PP-M,SET217,Set,M,3,Set,7,25,1.92,3.6,"3. 2-4 weeks",Other
SET217-KR-PP-S,SET217,Set,S,2,Set,10,14,1.08,9.3,"4. 4-13 weeks",Other
SET217-KR-PP-XL,SET217,Set,XL,5,Set,6,31,2.38,2.5,"3. 2-4 weeks","Best-seller (top 10%)"
SET217-KR-PP-XS,SET217,Set,XS,1,Set,18,7,0.54,33.4,"5. Over 13 weeks",Other
SET217-KR-PP-XXL,SET217,Set,XXL,6,Set,9,30,2.31,3.9,"3. 2-4 weeks",Other
SET217-KR-PP-XXXL,SET217,Set,3XL,7,Set,4,13,1.0,4.0,"4. 4-13 weeks",Other
SET218-KR-NP-L,SET218,Set,L,4,Set,4,,,,"No paid units",Other
SET218-KR-NP-M,SET218,Set,M,3,Set,3,2,0.15,19.5,"5. Over 13 weeks",Other
SET218-KR-NP-S,SET218,Set,S,2,Set,5,4,0.31,16.3,"5. Over 13 weeks",Other
SET218-KR-NP-XL,SET218,Set,XL,5,Set,4,7,0.54,7.4,"4. 4-13 weeks",Other
SET218-KR-NP-XS,SET218,Set,XS,1,Set,9,4,0.31,29.3,"5. Over 13 weeks",Other
SET218-KR-NP-XXL,SET218,Set,XXL,6,Set,10,4,0.31,32.5,"5. Over 13 weeks",Other
SET218-KR-NP-XXXL,SET218,Set,3XL,7,Set,5,7,0.54,9.3,"4. 4-13 weeks",Other
SET219-KR-PP-L,SET219,Set,L,4,Set,6,2,0.15,39.0,"5. Over 13 weeks",Other
SET219-KR-PP-M,SET219,Set,M,3,Set,5,7,0.54,9.3,"4. 4-13 weeks",Other
SET219-KR-PP-S,SET219,Set,S,2,Set,23,7,0.54,42.7,"5. Over 13 weeks",Other
SET219-KR-PP-XL,SET219,Set,XL,5,Set,5,11,0.85,5.9,"4. 4-13 weeks",Other
SET219-KR-PP-XS,SET219,Set,XS,1,Set,65,2,0.15,422.5,"5. Over 13 weeks",Other
SET219-KR-PP-XXL,SET219,Set,XXL,6,Set,2,8,0.62,3.3,"3. 2-4 weeks",Other
SET219-KR-PP-XXXL,SET219,Set,3XL,7,Set,2,18,1.38,1.4,"2. Under 2 weeks",Other
SET220-KR-PP-L,SET220,Set,L,4,Set,2,25,1.92,1.0,"2. Under 2 weeks","Best-seller (top 10%)"
SET220-KR-PP-M,SET220,Set,M,3,Set,3,23,1.77,1.7,"2. Under 2 weeks","Best-seller (top 10%)"
SET220-KR-PP-S,SET220,Set,S,2,Set,33,11,0.85,39.0,"5. Over 13 weeks",Other
SET220-KR-PP-XL,SET220,Set,XL,5,Set,3,21,1.62,1.9,"2. Under 2 weeks","Best-seller (top 10%)"
SET220-KR-PP-XS,SET220,Set,XS,1,Set,31,2,0.15,201.5,"5. Over 13 weeks",Other
SET220-KR-PP-XXL,SET220,Set,XXL,6,Set,7,18,1.38,5.1,"4. 4-13 weeks",Other
SET220-KR-PP-XXXL,SET220,Set,3XL,7,Set,3,15,1.15,2.6,"3. 2-4 weeks",Other
SET221-KR-NP-L,SET221,Set,L,4,Set,0,3,0.23,0.0,"1. Out of stock",Other
SET221-KR-NP-M,SET221,Set,M,3,Set,8,3,0.23,34.7,"5. Over 13 weeks",Other
SET221-KR-NP-S,SET221,Set,S,2,Set,13,3,0.23,56.3,"5. Over 13 weeks",Other
SET221-KR-NP-XL,SET221,Set,XL,5,Set,2,3,0.23,8.7,"4. 4-13 weeks",Other
SET221-KR-NP-XXL,SET221,Set,XXL,6,Set,11,4,0.31,35.8,"5. Over 13 weeks",Other
SET221-KR-NP-XXXL,SET221,Set,3XL,7,Set,29,3,0.23,125.7,"5. Over 13 weeks",Other
SET223-KR-NP-S,SET223,Set,S,2,Set,5,9,0.69,7.2,"4. 4-13 weeks",Other
SET223-KR-NP-XS,SET223,Set,XS,1,Set,28,4,0.31,91.0,"5. Over 13 weeks",Other
SET223-KR-NP-XXL,SET223,Set,XXL,6,Set,4,5,0.38,10.4,"4. 4-13 weeks",Other
SET223-KR-NP-XXXL,SET223,Set,3XL,7,Set,3,10,0.77,3.9,"3. 2-4 weeks",Other
SET224-KR-NP-L,SET224,Set,L,4,Set,2,1,0.08,26.0,"5. Over 13 weeks",Other
SET224-KR-NP-S,SET224,Set,S,2,Set,6,9,0.69,8.7,"4. 4-13 weeks",Other
SET224-KR-NP-XL,SET224,Set,XL,5,Set,3,16,1.23,2.4,"3. 2-4 weeks",Other
SET224-KR-NP-XS,SET224,Set,XS,1,Set,6,27,2.08,2.9,"3. 2-4 weeks","Best-seller (top 10%)"
SET224-KR-NP-XXL,SET224,Set,XXL,6,Set,5,30,2.31,2.2,"3. 2-4 weeks","Best-seller (top 10%)"
SET224-KR-NP-XXXL,SET224,Set,3XL,7,Set,65,20,1.54,42.3,"5. Over 13 weeks",Other
SET225-KR-NP-M,SET225,Set,M,3,Set,2,2,0.15,13.0,"5. Over 13 weeks",Other
SET225-KR-NP-XXXL,SET225,Set,3XL,7,Set,4,1,0.08,52.0,"5. Over 13 weeks",Other
SET226-KR-PP-L,SET226,Set,L,4,Set,33,,,,"No paid units",Other
SET226-KR-PP-M,SET226,Set,M,3,Set,13,1,0.08,169.0,"5. Over 13 weeks",Other
SET226-KR-PP-S,SET226,Set,S,2,Set,49,1,0.08,637.0,"5. Over 13 weeks",Other
SET226-KR-PP-XL,SET226,Set,XL,5,Set,4,2,0.15,26.0,"5. Over 13 weeks",Other
SET226-KR-PP-XS,SET226,Set,XS,1,Set,4,1,0.08,52.0,"5. Over 13 weeks",Other
SET226-KR-PP-XXL,SET226,Set,XXL,6,Set,6,1,0.08,78.0,"5. Over 13 weeks",Other
SET226-KR-PP-XXXL,SET226,Set,3XL,7,Set,4,1,0.08,52.0,"5. Over 13 weeks",Other
SET227-KR-PP-A-L,SET227,Set,L,4,Set,,18,1.38,,"No stock record",Other
SET227-KR-PP-A-M,SET227,Set,M,3,Set,,17,1.31,,"No stock record",Other
SET227-KR-PP-A-S,SET227,Set,S,2,Set,,14,1.08,,"No stock record",Other
SET227-KR-PP-A-XL,SET227,Set,XL,5,Set,,14,1.08,,"No stock record",Other
SET227-KR-PP-A-XS,SET227,Set,XS,1,Set,,8,0.62,,"No stock record",Other
SET227-KR-PP-A-XXL,SET227,Set,XXL,6,Set,,2,0.15,,"No stock record",Other
SET227-KR-PP-A-XXXL,SET227,Set,3XL,7,Set,,3,0.23,,"No stock record",Other
SET228-KR-PP-A-L,SET228,Set,L,4,Set,,6,0.46,,"No stock record",Other
SET228-KR-PP-A-M,SET228,Set,M,3,Set,,6,0.46,,"No stock record",Other
SET228-KR-PP-A-S,SET228,Set,S,2,Set,,7,0.54,,"No stock record",Other
SET228-KR-PP-A-XL,SET228,Set,XL,5,Set,,8,0.62,,"No stock record",Other
SET228-KR-PP-A-XS,SET228,Set,XS,1,Set,,1,0.08,,"No stock record",Other
SET228-KR-PP-A-XXL,SET228,Set,XXL,6,Set,,5,0.38,,"No stock record",Other
SET228-KR-PP-A-XXXL,SET228,Set,3XL,7,Set,,18,1.38,,"No stock record",Other
SET229-KR-PP-L,SET229,Set,L,4,Set,21,14,1.08,19.5,"5. Over 13 weeks",Other
SET229-KR-PP-M,SET229,Set,M,3,Set,25,12,0.92,27.1,"5. Over 13 weeks",Other
SET229-KR-PP-XL,SET229,Set,XL,5,Set,18,12,0.92,19.5,"5. Over 13 weeks",Other
SET229-KR-PP-XS,SET229,Set,XS,1,Set,25,7,0.54,46.4,"5. Over 13 weeks",Other
SET229-KR-PP-XXL,SET229,Set,XXL,6,Set,28,13,1.0,28.0,"5. Over 13 weeks",Other
SET229-KR-PP-XXXL,SET229,Set,3XL,7,Set,29,22,1.69,17.1,"5. Over 13 weeks",Other
SET230-KR-PP-L,SET230,Set,L,4,Set,29,4,0.31,94.3,"5. Over 13 weeks",Other
SET230-KR-PP-S,SET230,Set,S,2,Set,35,12,0.92,37.9,"5. Over 13 weeks",Other
SET230-KR-PP-XL,SET230,Set,XL,5,Set,53,6,0.46,114.8,"5. Over 13 weeks",Other
SET230-KR-PP-XS,SET230,Set,XS,1,Set,23,6,0.46,49.8,"5. Over 13 weeks",Other
SET230-KR-PP-XXL,SET230,Set,XXL,6,Set,21,1,0.08,273.0,"5. Over 13 weeks",Other
SET230-KR-PP-XXXL,SET230,Set,3XL,7,Set,10,19,1.46,6.8,"4. 4-13 weeks",Other
SET232-KR-PP-L,SET232,Set,L,4,Set,13,9,0.69,18.8,"5. Over 13 weeks",Other
SET232-KR-PP-M,SET232,Set,M,3,Set,37,3,0.23,160.3,"5. Over 13 weeks",Other
SET232-KR-PP-S,SET232,Set,S,2,Set,44,5,0.38,114.4,"5. Over 13 weeks",Other
SET232-KR-PP-XL,SET232,Set,XL,5,Set,4,4,0.31,13.0,"5. Over 13 weeks",Other
SET232-KR-PP-XS,SET232,Set,XS,1,Set,30,2,0.15,195.0,"5. Over 13 weeks",Other
SET232-KR-PP-XXL,SET232,Set,XXL,6,Set,2,3,0.23,8.7,"4. 4-13 weeks",Other
SET233-KR-PP-L,SET233,Set,L,4,Set,4,39,3.0,1.3,"2. Under 2 weeks",Other
SET233-KR-PP-M,SET233,Set,M,3,Set,4,32,2.46,1.6,"2. Under 2 weeks",Other
SET233-KR-PP-S,SET233,Set,S,2,Set,5,21,1.62,3.1,"3. 2-4 weeks",Other
SET233-KR-PP-XL,SET233,Set,XL,5,Set,2,19,1.46,1.4,"2. Under 2 weeks",Other
SET233-KR-PP-XS,SET233,Set,XS,1,Set,17,19,1.46,11.6,"4. 4-13 weeks",Other
SET233-KR-PP-XXL,SET233,Set,XXL,6,Set,1,38,2.92,0.3,"2. Under 2 weeks",Other
SET233-KR-PP-XXXL,SET233,Set,3XL,7,Set,2,28,2.15,0.9,"2. Under 2 weeks",Other
SET234-KR-PP-M,SET234,Set,M,3,Set,0,1,0.08,0.0,"1. Out of stock",Other
SET235-KR-PP-S,SET235,Set,S,2,Set,1,,,,"No paid units",Other
SET236-KR-PP-L,SET236,Set,L,4,Set,8,3,0.23,34.7,"5. Over 13 weeks",Other
SET236-KR-PP-M,SET236,Set,M,3,Set,6,5,0.38,15.6,"5. Over 13 weeks",Other
SET236-KR-PP-S,SET236,Set,S,2,Set,9,3,0.23,39.0,"5. Over 13 weeks",Other
SET236-KR-PP-XL,SET236,Set,XL,5,Set,8,4,0.31,26.0,"5. Over 13 weeks",Other
SET236-KR-PP-XS,SET236,Set,XS,1,Set,18,2,0.15,117.0,"5. Over 13 weeks",Other
SET236-KR-PP-XXL,SET236,Set,XXL,6,Set,0,5,0.38,0.0,"1. Out of stock",Other
SET236-KR-PP-XXXL,SET236,Set,3XL,7,Set,4,2,0.15,26.0,"5. Over 13 weeks",Other
SET238-KR-PP-M,SET238,Set,M,3,Set,2,3,0.23,8.7,"4. 4-13 weeks",Other
SET238-KR-PP-S,SET238,Set,S,2,Set,5,1,0.08,65.0,"5. Over 13 weeks",Other
SET238-KR-PP-XL,SET238,Set,XL,5,Set,1,4,0.31,3.3,"3. 2-4 weeks",Other
SET238-KR-PP-XXL,SET238,Set,XXL,6,Set,2,1,0.08,26.0,"5. Over 13 weeks",Other
SET239-KR-NP-L,SET239,Set,L,4,Set,4,19,1.46,2.7,"3. 2-4 weeks",Other
SET239-KR-NP-M,SET239,Set,M,3,Set,4,5,0.38,10.4,"4. 4-13 weeks",Other
SET239-KR-NP-S,SET239,Set,S,2,Set,7,35,2.69,2.6,"3. 2-4 weeks",Other
SET239-KR-NP-XL,SET239,Set,XL,5,Set,2,4,0.31,6.5,"4. 4-13 weeks",Other
SET239-KR-NP-XS,SET239,Set,XS,1,Set,3,20,1.54,1.9,"2. Under 2 weeks",Other
SET239-KR-NP-XXL,SET239,Set,XXL,6,Set,2,17,1.31,1.5,"2. Under 2 weeks",Other
SET239-KR-NP-XXXL,SET239,Set,3XL,7,Set,4,12,0.92,4.3,"4. 4-13 weeks",Other
SET240-KR-PP-L,SET240,Set,L,4,Set,17,6,0.46,36.8,"5. Over 13 weeks",Other
SET240-KR-PP-M,SET240,Set,M,3,Set,17,8,0.62,27.6,"5. Over 13 weeks",Other
SET240-KR-PP-S,SET240,Set,S,2,Set,43,10,0.77,55.9,"5. Over 13 weeks",Other
SET240-KR-PP-XL,SET240,Set,XL,5,Set,27,13,1.0,27.0,"5. Over 13 weeks",Other
SET240-KR-PP-XS,SET240,Set,XS,1,Set,26,4,0.31,84.5,"5. Over 13 weeks",Other
SET240-KR-PP-XXL,SET240,Set,XXL,6,Set,10,9,0.69,14.4,"5. Over 13 weeks",Other
SET240-KR-PP-XXXL,SET240,Set,3XL,7,Set,7,9,0.69,10.1,"4. 4-13 weeks",Other
SET241-KR-PP-M,SET241,Set,M,3,Set,0,4,0.31,0.0,"1. Out of stock",Other
SET241-KR-PP-S,SET241,Set,S,2,Set,0,2,0.15,0.0,"1. Out of stock",Other
SET241-KR-PP-XS,SET241,Set,XS,1,Set,1,3,0.23,4.3,"4. 4-13 weeks",Other
SET242-KR-PP-M,SET242,Set,M,3,Set,2,1,0.08,26.0,"5. Over 13 weeks",Other
SET242-KR-PP-S,SET242,Set,S,2,Set,12,1,0.08,156.0,"5. Over 13 weeks",Other
SET242-KR-PP-XS,SET242,Set,XS,1,Set,5,3,0.23,21.7,"5. Over 13 weeks",Other
SET242-KR-PP-XXL,SET242,Set,XXL,6,Set,2,1,0.08,26.0,"5. Over 13 weeks",Other
SET243-KR-PP-L,SET243,Set,L,4,Set,4,7,0.54,7.4,"4. 4-13 weeks",Other
SET243-KR-PP-M,SET243,Set,M,3,Set,10,5,0.38,26.0,"5. Over 13 weeks",Other
SET243-KR-PP-S,SET243,Set,S,2,Set,8,2,0.15,52.0,"5. Over 13 weeks",Other
SET243-KR-PP-XL,SET243,Set,XL,5,Set,10,6,0.46,21.7,"5. Over 13 weeks",Other
SET243-KR-PP-XS,SET243,Set,XS,1,Set,12,5,0.38,31.2,"5. Over 13 weeks",Other
SET243-KR-PP-XXL,SET243,Set,XXL,6,Set,3,3,0.23,13.0,"5. Over 13 weeks",Other
SET243-KR-PP-XXXL,SET243,Set,3XL,7,Set,3,7,0.54,5.6,"4. 4-13 weeks",Other
SET244-KR-NP-L,SET244,Set,L,4,Set,30,2,0.15,195.0,"5. Over 13 weeks",Other
SET244-KR-NP-M,SET244,Set,M,3,Set,26,8,0.62,42.3,"5. Over 13 weeks",Other
SET244-KR-NP-S,SET244,Set,S,2,Set,35,3,0.23,151.7,"5. Over 13 weeks",Other
SET244-KR-NP-XL,SET244,Set,XL,5,Set,34,8,0.62,55.3,"5. Over 13 weeks",Other
SET244-KR-NP-XS,SET244,Set,XS,1,Set,20,1,0.08,260.0,"5. Over 13 weeks",Other
SET244-KR-NP-XXL,SET244,Set,XXL,6,Set,13,3,0.23,56.3,"5. Over 13 weeks",Other
SET244-KR-NP-XXXL,SET244,Set,3XL,7,Set,27,4,0.31,87.8,"5. Over 13 weeks",Other
SET245-KR-NP-L,SET245,Set,L,4,Set,85,1,0.08,1105.0,"5. Over 13 weeks",Other
SET245-KR-NP-M,SET245,Set,M,3,Set,113,1,0.08,1469.0,"5. Over 13 weeks",Other
SET245-KR-NP-S,SET245,Set,S,2,Set,131,6,0.46,283.8,"5. Over 13 weeks",Other
SET245-KR-NP-XL,SET245,Set,XL,5,Set,103,2,0.15,669.5,"5. Over 13 weeks",Other
SET245-KR-NP-XS,SET245,Set,XS,1,Set,92,2,0.15,598.0,"5. Over 13 weeks",Other
SET245-KR-NP-XXL,SET245,Set,XXL,6,Set,43,1,0.08,559.0,"5. Over 13 weeks",Other
SET245-KR-NP-XXXL,SET245,Set,3XL,7,Set,39,1,0.08,507.0,"5. Over 13 weeks",Other
SET246-KR-PP-L,SET246,Set,L,4,Set,8,8,0.62,13.0,"5. Over 13 weeks",Other
SET246-KR-PP-M,SET246,Set,M,3,Set,22,10,0.77,28.6,"5. Over 13 weeks",Other
SET246-KR-PP-S,SET246,Set,S,2,Set,39,8,0.62,63.4,"5. Over 13 weeks",Other
SET246-KR-PP-XL,SET246,Set,XL,5,Set,4,12,0.92,4.3,"4. 4-13 weeks",Other
SET246-KR-PP-XS,SET246,Set,XS,1,Set,42,3,0.23,182.0,"5. Over 13 weeks",Other
SET246-KR-PP-XXL,SET246,Set,XXL,6,Set,10,12,0.92,10.8,"4. 4-13 weeks",Other
SET246-KR-PP-XXXL,SET246,Set,3XL,7,Set,4,7,0.54,7.4,"4. 4-13 weeks",Other
SET247-KR-SHA-L,SET247,Set,L,4,Set,5,7,0.54,9.3,"4. 4-13 weeks",Other
SET247-KR-SHA-M,SET247,Set,M,3,Set,6,26,2.0,3.0,"3. 2-4 weeks",Other
SET247-KR-SHA-S,SET247,Set,S,2,Set,25,13,1.0,25.0,"5. Over 13 weeks",Other
SET247-KR-SHA-XL,SET247,Set,XL,5,Set,3,11,0.85,3.5,"3. 2-4 weeks",Other
SET247-KR-SHA-XS,SET247,Set,XS,1,Set,49,18,1.38,35.4,"5. Over 13 weeks",Other
SET247-KR-SHA-XXL,SET247,Set,XXL,6,Set,2,,,,"No paid units",Other
SET247-KR-SHA-XXXL,SET247,Set,3XL,7,Set,4,,,,"No paid units",Other
SET248-KR-NP-L,SET248,Set,L,4,Set,4,6,0.46,8.7,"4. 4-13 weeks",Other
SET248-KR-NP-M,SET248,Set,M,3,Set,7,3,0.23,30.3,"5. Over 13 weeks",Other
SET248-KR-NP-XL,SET248,Set,XL,5,Set,12,4,0.31,39.0,"5. Over 13 weeks",Other
SET248-KR-NP-XS,SET248,Set,XS,1,Set,7,2,0.15,45.5,"5. Over 13 weeks",Other
SET248-KR-NP-XXL,SET248,Set,XXL,6,Set,4,2,0.15,26.0,"5. Over 13 weeks",Other
SET248-KR-NP-XXXL,SET248,Set,3XL,7,Set,10,9,0.69,14.4,"5. Over 13 weeks",Other
SET249-KR-NP-L,SET249,Set,L,4,Set,2,8,0.62,3.3,"3. 2-4 weeks",Other
SET249-KR-NP-M,SET249,Set,M,3,Set,9,11,0.85,10.6,"4. 4-13 weeks",Other
SET249-KR-NP-S,SET249,Set,S,2,Set,18,8,0.62,29.3,"5. Over 13 weeks",Other
SET249-KR-NP-XL,SET249,Set,XL,5,Set,4,10,0.77,5.2,"4. 4-13 weeks",Other
SET249-KR-NP-XS,SET249,Set,XS,1,Set,52,6,0.46,112.7,"5. Over 13 weeks",Other
SET249-KR-NP-XXL,SET249,Set,XXL,6,Set,3,6,0.46,6.5,"4. 4-13 weeks",Other
SET249-KR-NP-XXXL,SET249,Set,3XL,7,Set,13,8,0.62,21.1,"5. Over 13 weeks",Other
SET250-KR-SHA-L,SET250,Set,L,4,Set,13,9,0.69,18.8,"5. Over 13 weeks",Other
SET250-KR-SHA-M,SET250,Set,M,3,Set,35,11,0.85,41.4,"5. Over 13 weeks",Other
SET250-KR-SHA-S,SET250,Set,S,2,Set,5,16,1.23,4.1,"4. 4-13 weeks",Other
SET250-KR-SHA-XL,SET250,Set,XL,5,Set,2,4,0.31,6.5,"4. 4-13 weeks",Other
SET250-KR-SHA-XS,SET250,Set,XS,1,Set,2,7,0.54,3.7,"3. 2-4 weeks",Other
SET250-KR-SHA-XXL,SET250,Set,XXL,6,Set,4,3,0.23,17.3,"5. Over 13 weeks",Other
SET250-KR-SHA-XXXL,SET250,Set,3XL,7,Set,5,8,0.62,8.1,"4. 4-13 weeks",Other
SET251-KR-PP-L,SET251,Set,L,4,Set,44,1,0.08,572.0,"5. Over 13 weeks",Other
SET251-KR-PP-M,SET251,Set,M,3,Set,15,51,3.92,3.8,"3. 2-4 weeks","Best-seller (top 10%)"
SET251-KR-PP-S,SET251,Set,S,2,Set,53,7,0.54,98.4,"5. Over 13 weeks",Other
SET251-KR-PP-XL,SET251,Set,XL,5,Set,32,6,0.46,69.3,"5. Over 13 weeks",Other
SET251-KR-PP-XS,SET251,Set,XS,1,Set,40,14,1.08,37.1,"5. Over 13 weeks",Other
SET251-KR-PP-XXL,SET251,Set,XXL,6,Set,31,1,0.08,403.0,"5. Over 13 weeks",Other
SET251-KR-PP-XXXL,SET251,Set,3XL,7,Set,26,4,0.31,84.5,"5. Over 13 weeks",Other
SET252-KR-PP-L,SET252,Set,L,4,Set,105,10,0.77,136.5,"5. Over 13 weeks",Other
SET252-KR-PP-M,SET252,Set,M,3,Set,154,35,2.69,57.2,"5. Over 13 weeks","Best-seller (top 10%)"
SET252-KR-PP-S,SET252,Set,S,2,Set,223,16,1.23,181.2,"5. Over 13 weeks",Other
SET252-KR-PP-XL,SET252,Set,XL,5,Set,55,8,0.62,89.4,"5. Over 13 weeks",Other
SET252-KR-PP-XS,SET252,Set,XS,1,Set,148,16,1.23,120.3,"5. Over 13 weeks",Other
SET252-KR-PP-XXL,SET252,Set,XXL,6,Set,76,3,0.23,329.3,"5. Over 13 weeks",Other
SET252-KR-PP-XXXL,SET252,Set,3XL,7,Set,95,5,0.38,247.0,"5. Over 13 weeks",Other
SET253-KR-NP-L,SET253,Set,L,4,Set,6,8,0.62,9.8,"4. 4-13 weeks",Other
SET253-KR-NP-M,SET253,Set,M,3,Set,11,3,0.23,47.7,"5. Over 13 weeks",Other
SET253-KR-NP-S,SET253,Set,S,2,Set,26,6,0.46,56.3,"5. Over 13 weeks",Other
SET253-KR-NP-XL,SET253,Set,XL,5,Set,8,6,0.46,17.3,"5. Over 13 weeks",Other
SET253-KR-NP-XS,SET253,Set,XS,1,Set,13,2,0.15,84.5,"5. Over 13 weeks",Other
SET253-KR-NP-XXL,SET253,Set,XXL,6,Set,8,7,0.54,14.9,"5. Over 13 weeks",Other
SET253-KR-NP-XXXL,SET253,Set,3XL,7,Set,2,7,0.54,3.7,"3. 2-4 weeks",Other
SET254-KR-NP-L,SET254,Set,L,4,Set,2,3,0.23,8.7,"4. 4-13 weeks",Other
SET254-KR-NP-M,SET254,Set,M,3,Set,3,8,0.62,4.9,"4. 4-13 weeks",Other
SET254-KR-NP-S,SET254,Set,S,2,Set,7,8,0.62,11.4,"4. 4-13 weeks",Other
SET254-KR-NP-XL,SET254,Set,XL,5,Set,2,1,0.08,26.0,"5. Over 13 weeks",Other
SET254-KR-NP-XS,SET254,Set,XS,1,Set,10,12,0.92,10.8,"4. 4-13 weeks",Other
SET254-KR-NP-XXL,SET254,Set,XXL,6,Set,3,14,1.08,2.8,"3. 2-4 weeks",Other
SET254-KR-NP-XXXL,SET254,Set,3XL,7,Set,2,3,0.23,8.7,"4. 4-13 weeks",Other
SET257-KR-PP-L,SET257,Set,L,4,Set,1,1,0.08,13.0,"5. Over 13 weeks",Other
SET257-KR-PP-M,SET257,Set,M,3,Set,3,12,0.92,3.3,"3. 2-4 weeks",Other
SET257-KR-PP-S,SET257,Set,S,2,Set,5,22,1.69,3.0,"3. 2-4 weeks",Other
SET257-KR-PP-XL,SET257,Set,XL,5,Set,3,5,0.38,7.8,"4. 4-13 weeks",Other
SET257-KR-PP-XS,SET257,Set,XS,1,Set,2,42,3.23,0.6,"2. Under 2 weeks",Other
SET257-KR-PP-XXL,SET257,Set,XXL,6,Set,0,4,0.31,0.0,"1. Out of stock",Other
SET257-KR-PP-XXXL,SET257,Set,3XL,7,Set,2,7,0.54,3.7,"3. 2-4 weeks",Other
SET258-KR-PP-L,SET258,Set,L,4,Set,0,8,0.62,0.0,"1. Out of stock",Other
SET258-KR-PP-M,SET258,Set,M,3,Set,1,9,0.69,1.4,"2. Under 2 weeks",Other
SET258-KR-PP-S,SET258,Set,S,2,Set,7,9,0.69,10.1,"4. 4-13 weeks",Other
SET258-KR-PP-XL,SET258,Set,XL,5,Set,1,11,0.85,1.2,"2. Under 2 weeks",Other
SET258-KR-PP-XS,SET258,Set,XS,1,Set,6,8,0.62,9.8,"4. 4-13 weeks",Other
SET258-KR-PP-XXL,SET258,Set,XXL,6,Set,1,11,0.85,1.2,"2. Under 2 weeks",Other
SET258-KR-PP-XXXL,SET258,Set,3XL,7,Set,3,3,0.23,13.0,"5. Over 13 weeks",Other
SET260-KR-PP-S,SET260,Set,S,2,Set,0,6,0.46,0.0,"1. Out of stock",Other
SET261-KR-PP-S,SET261,Set,S,2,Set,3,16,1.23,2.4,"3. 2-4 weeks",Other
SET262-KR-NP-A-XS,SET262,Set,XS,1,Set,,1,0.08,,"No stock record",Other
SET262-KR-NP-L,SET262,Set,L,4,Set,4,2,0.15,26.0,"5. Over 13 weeks",Other
SET262-KR-NP-M,SET262,Set,M,3,Set,1,6,0.46,2.2,"3. 2-4 weeks",Other
SET262-KR-NP-XL,SET262,Set,XL,5,Set,2,2,0.15,13.0,"5. Over 13 weeks",Other
SET262-KR-NP-XXL,SET262,Set,XXL,6,Set,2,2,0.15,13.0,"5. Over 13 weeks",Other
SET263-KR-NP-S,SET263,Set,S,2,Set,15,2,0.15,97.5,"5. Over 13 weeks",Other
SET263-KR-NP-XL,SET263,Set,XL,5,Set,5,3,0.23,21.7,"5. Over 13 weeks",Other
SET263-KR-NP-XS,SET263,Set,XS,1,Set,40,4,0.31,130.0,"5. Over 13 weeks",Other
SET264-KR-NP-L,SET264,Set,L,4,Set,76,45,3.46,22.0,"5. Over 13 weeks","Best-seller (top 10%)"
SET264-KR-NP-M,SET264,Set,M,3,Set,295,115,8.85,33.3,"5. Over 13 weeks","Best-seller (top 10%)"
SET264-KR-NP-S,SET264,Set,S,2,Set,330,13,1.0,330.0,"5. Over 13 weeks",Other
SET264-KR-NP-XL,SET264,Set,XL,5,Set,81,119,9.15,8.8,"4. 4-13 weeks","Best-seller (top 10%)"
SET264-KR-NP-XS,SET264,Set,XS,1,Set,237,8,0.62,385.1,"5. Over 13 weeks",Other
SET264-KR-NP-XXL,SET264,Set,XXL,6,Set,127,58,4.46,28.5,"5. Over 13 weeks","Best-seller (top 10%)"
SET264-KR-NP-XXXL,SET264,Set,3XL,7,Set,12,26,2.0,6.0,"4. 4-13 weeks",Other
SET265-KR-NP-L,SET265,Set,L,4,Set,9,50,3.85,2.3,"3. 2-4 weeks","Best-seller (top 10%)"
SET265-KR-NP-M,SET265,Set,M,3,Set,84,45,3.46,24.3,"5. Over 13 weeks","Best-seller (top 10%)"
SET265-KR-NP-S,SET265,Set,S,2,Set,19,32,2.46,7.7,"4. 4-13 weeks","Best-seller (top 10%)"
SET265-KR-NP-XL,SET265,Set,XL,5,Set,33,28,2.15,15.3,"5. Over 13 weeks","Best-seller (top 10%)"
SET265-KR-NP-XS,SET265,Set,XS,1,Set,18,23,1.77,10.2,"4. 4-13 weeks",Other
SET265-KR-NP-XXL,SET265,Set,XXL,6,Set,14,19,1.46,9.6,"4. 4-13 weeks",Other
SET265-KR-NP-XXXL,SET265,Set,3XL,7,Set,16,23,1.77,9.0,"4. 4-13 weeks",Other
SET266-KR-NP-L,SET266,Set,L,4,Set,35,4,0.31,113.8,"5. Over 13 weeks",Other
SET266-KR-NP-M,SET266,Set,M,3,Set,112,11,0.85,132.4,"5. Over 13 weeks",Other
SET266-KR-NP-S,SET266,Set,S,2,Set,57,1,0.08,741.0,"5. Over 13 weeks",Other
SET266-KR-NP-XL,SET266,Set,XL,5,Set,60,6,0.46,130.0,"5. Over 13 weeks",Other
SET266-KR-NP-XS,SET266,Set,XS,1,Set,47,2,0.15,305.5,"5. Over 13 weeks",Other
SET266-KR-NP-XXL,SET266,Set,XXL,6,Set,19,2,0.15,123.5,"5. Over 13 weeks",Other
SET266-KR-NP-XXXL,SET266,Set,3XL,7,Set,53,5,0.38,137.8,"5. Over 13 weeks",Other
SET267-KR-NP-L,SET267,Set,L,4,Set,97,4,0.31,315.3,"5. Over 13 weeks",Other
SET267-KR-NP-M,SET267,Set,M,3,Set,109,5,0.38,283.4,"5. Over 13 weeks",Other
SET267-KR-NP-S,SET267,Set,S,2,Set,128,7,0.54,237.7,"5. Over 13 weeks",Other
SET267-KR-NP-XL,SET267,Set,XL,5,Set,67,11,0.85,79.2,"5. Over 13 weeks",Other
SET267-KR-NP-XS,SET267,Set,XS,1,Set,107,7,0.54,198.7,"5. Over 13 weeks",Other
SET267-KR-NP-XXL,SET267,Set,XXL,6,Set,103,14,1.08,95.6,"5. Over 13 weeks",Other
SET267-KR-NP-XXXL,SET267,Set,3XL,7,Set,103,6,0.46,223.2,"5. Over 13 weeks",Other
SET268-KR-NP-L,SET268,Set,L,4,Set,384,326,25.08,15.3,"5. Over 13 weeks","Best-seller (top 10%)"
SET268-KR-NP-M,SET268,Set,M,3,Set,542,140,10.77,50.3,"5. Over 13 weeks","Best-seller (top 10%)"
SET268-KR-NP-S,SET268,Set,S,2,Set,807,318,24.46,33.0,"5. Over 13 weeks","Best-seller (top 10%)"
SET268-KR-NP-XL,SET268,Set,XL,5,Set,176,344,26.46,6.7,"4. 4-13 weeks","Best-seller (top 10%)"
SET268-KR-NP-XS,SET268,Set,XS,1,Set,403,159,12.23,32.9,"5. Over 13 weeks","Best-seller (top 10%)"
SET268-KR-NP-XXL,SET268,Set,XXL,6,Set,191,173,13.31,14.4,"5. Over 13 weeks","Best-seller (top 10%)"
SET268-KR-NP-XXXL,SET268,Set,3XL,7,Set,112,138,10.62,10.6,"4. 4-13 weeks","Best-seller (top 10%)"
SET269-KR-NP-L,SET269,Set,L,4,Set,89,73,5.62,15.8,"5. Over 13 weeks","Best-seller (top 10%)"
SET269-KR-NP-M,SET269,Set,M,3,Set,310,71,5.46,56.8,"5. Over 13 weeks","Best-seller (top 10%)"
SET269-KR-NP-S,SET269,Set,S,2,Set,143,51,3.92,36.5,"5. Over 13 weeks","Best-seller (top 10%)"
SET269-KR-NP-XL,SET269,Set,XL,5,Set,90,69,5.31,17.0,"5. Over 13 weeks","Best-seller (top 10%)"
SET269-KR-NP-XS,SET269,Set,XS,1,Set,162,32,2.46,65.8,"5. Over 13 weeks","Best-seller (top 10%)"
SET269-KR-NP-XXL,SET269,Set,XXL,6,Set,13,33,2.54,5.1,"4. 4-13 weeks","Best-seller (top 10%)"
SET269-KR-NP-XXXL,SET269,Set,3XL,7,Set,26,36,2.77,9.4,"4. 4-13 weeks","Best-seller (top 10%)"
SET270-KR-PP-L,SET270,Set,L,4,Set,0,7,0.54,0.0,"1. Out of stock",Other
SET270-KR-PP-M,SET270,Set,M,3,Set,1,1,0.08,13.0,"5. Over 13 weeks",Other
SET270-KR-PP-S,SET270,Set,S,2,Set,10,6,0.46,21.7,"5. Over 13 weeks",Other
SET270-KR-PP-XL,SET270,Set,XL,5,Set,3,4,0.31,9.8,"4. 4-13 weeks",Other
SET270-KR-PP-XXL,SET270,Set,XXL,6,Set,5,10,0.77,6.5,"4. 4-13 weeks",Other
SET271-KR-NP-M,SET271,Set,M,3,Set,2,1,0.08,26.0,"5. Over 13 weeks",Other
SET271-KR-NP-S,SET271,Set,S,2,Set,8,7,0.54,14.9,"5. Over 13 weeks",Other
SET271-KR-NP-XL,SET271,Set,XL,5,Set,5,,,,"No paid units",Other
SET271-KR-NP-XS,SET271,Set,XS,1,Set,1,4,0.31,3.3,"3. 2-4 weeks",Other
SET271-KR-NP-XXL,SET271,Set,XXL,6,Set,2,16,1.23,1.6,"2. Under 2 weeks",Other
SET271-KR-NP-XXXL,SET271,Set,3XL,7,Set,3,1,0.08,39.0,"5. Over 13 weeks",Other
SET272-KR-PP-A-S,SET272,Set,S,2,Set,,1,0.08,,"No stock record",Other
SET272-KR-PP-L,SET272,Set,L,4,Set,3,2,0.15,19.5,"5. Over 13 weeks",Other
SET272-KR-PP-M,SET272,Set,M,3,Set,8,6,0.46,17.3,"5. Over 13 weeks",Other
SET272-KR-PP-S,SET272,Set,S,2,Set,6,11,0.85,7.1,"4. 4-13 weeks",Other
SET272-KR-PP-XL,SET272,Set,XL,5,Set,4,13,1.0,4.0,"4. 4-13 weeks",Other
SET272-KR-PP-XXL,SET272,Set,XXL,6,Set,5,24,1.85,2.7,"3. 2-4 weeks",Other
SET273-KR-NP-L,SET273,Set,L,4,Set,637,6,0.46,1380.2,"5. Over 13 weeks",Other
SET273-KR-NP-M,SET273,Set,M,3,Set,880,75,5.77,152.5,"5. Over 13 weeks","Best-seller (top 10%)"
SET273-KR-NP-S,SET273,Set,S,2,Set,871,116,8.92,97.6,"5. Over 13 weeks","Best-seller (top 10%)"
SET273-KR-NP-XL,SET273,Set,XL,5,Set,445,9,0.69,642.8,"5. Over 13 weeks",Other
SET273-KR-NP-XS,SET273,Set,XS,1,Set,862,45,3.46,249.0,"5. Over 13 weeks","Best-seller (top 10%)"
SET273-KR-NP-XXL,SET273,Set,XXL,6,Set,146,9,0.69,210.9,"5. Over 13 weeks",Other
SET273-KR-NP-XXXL,SET273,Set,3XL,7,Set,51,4,0.31,165.8,"5. Over 13 weeks",Other
SET274-KR-PP-L,SET274,Set,L,4,Set,2,1,0.08,26.0,"5. Over 13 weeks",Other
SET274-KR-PP-M,SET274,Set,M,3,Set,11,2,0.15,71.5,"5. Over 13 weeks",Other
SET274-KR-PP-S,SET274,Set,S,2,Set,14,2,0.15,91.0,"5. Over 13 weeks",Other
SET274-KR-PP-XS,SET274,Set,XS,1,Set,25,2,0.15,162.5,"5. Over 13 weeks",Other
SET274-KR-PP-XXXL,SET274,Set,3XL,7,Set,3,2,0.15,19.5,"5. Over 13 weeks",Other
SET275-KR-NP-L,SET275,Set,L,4,Set,2,2,0.15,13.0,"5. Over 13 weeks",Other
SET275-KR-NP-S,SET275,Set,S,2,Set,6,10,0.77,7.8,"4. 4-13 weeks",Other
SET275-KR-NP-XL,SET275,Set,XL,5,Set,3,9,0.69,4.3,"4. 4-13 weeks",Other
SET275-KR-NP-XS,SET275,Set,XS,1,Set,21,3,0.23,91.0,"5. Over 13 weeks",Other
SET275-KR-NP-XXL,SET275,Set,XXL,6,Set,8,3,0.23,34.7,"5. Over 13 weeks",Other
SET275-KR-NP-XXXL,SET275,Set,3XL,7,Set,5,8,0.62,8.1,"4. 4-13 weeks",Other
SET276-KR-PP-L,SET276,Set,L,4,Set,45,6,0.46,97.5,"5. Over 13 weeks",Other
SET276-KR-PP-M,SET276,Set,M,3,Set,86,6,0.46,186.3,"5. Over 13 weeks",Other
SET276-KR-PP-S,SET276,Set,S,2,Set,72,5,0.38,187.2,"5. Over 13 weeks",Other
SET276-KR-PP-XL,SET276,Set,XL,5,Set,40,2,0.15,260.0,"5. Over 13 weeks",Other
SET276-KR-PP-XS,SET276,Set,XS,1,Set,82,5,0.38,213.2,"5. Over 13 weeks",Other
SET276-KR-PP-XXL,SET276,Set,XXL,6,Set,45,5,0.38,117.0,"5. Over 13 weeks",Other
SET276-KR-PP-XXXL,SET276,Set,3XL,7,Set,35,4,0.31,113.8,"5. Over 13 weeks",Other
SET277-KR-NP-L,SET277,Set,L,4,Set,6,27,2.08,2.9,"3. 2-4 weeks","Best-seller (top 10%)"
SET277-KR-NP-M,SET277,Set,M,3,Set,4,26,2.0,2.0,"3. 2-4 weeks","Best-seller (top 10%)"
SET277-KR-NP-S,SET277,Set,S,2,Set,32,15,1.15,27.7,"5. Over 13 weeks",Other
SET277-KR-NP-XL,SET277,Set,XL,5,Set,5,16,1.23,4.1,"4. 4-13 weeks",Other
SET277-KR-NP-XS,SET277,Set,XS,1,Set,8,8,0.62,13.0,"5. Over 13 weeks",Other
SET277-KR-NP-XXL,SET277,Set,XXL,6,Set,9,17,1.31,6.9,"4. 4-13 weeks",Other
SET277-KR-NP-XXXL,SET277,Set,3XL,7,Set,11,20,1.54,7.1,"4. 4-13 weeks","Best-seller (top 10%)"
SET278-KR-NP-L,SET278,Set,L,4,Set,7,65,5.0,1.4,"2. Under 2 weeks","Best-seller (top 10%)"
SET278-KR-NP-M,SET278,Set,M,3,Set,4,127,9.77,0.4,"2. Under 2 weeks","Best-seller (top 10%)"
SET278-KR-NP-S,SET278,Set,S,2,Set,10,71,5.46,1.8,"2. Under 2 weeks","Best-seller (top 10%)"
SET278-KR-NP-XL,SET278,Set,XL,5,Set,3,66,5.08,0.6,"2. Under 2 weeks","Best-seller (top 10%)"
SET278-KR-NP-XS,SET278,Set,XS,1,Set,16,48,3.69,4.3,"4. 4-13 weeks","Best-seller (top 10%)"
SET278-KR-NP-XXL,SET278,Set,XXL,6,Set,7,39,3.0,2.3,"3. 2-4 weeks","Best-seller (top 10%)"
SET278-KR-NP-XXXL,SET278,Set,3XL,7,Set,10,30,2.31,4.3,"4. 4-13 weeks","Best-seller (top 10%)"
SET279-LC-L,SET279,Set,L,4,Set,33,13,1.0,33.0,"5. Over 13 weeks",Other
SET279-LC-M,SET279,Set,M,3,Set,10,22,1.69,5.9,"4. 4-13 weeks",Other
SET279-LC-S,SET279,Set,S,2,Set,5,24,1.85,2.7,"3. 2-4 weeks",Other
SET279-LC-XL,SET279,Set,XL,5,Set,40,10,0.77,52.0,"5. Over 13 weeks",Other
SET279-LC-XS,SET279,Set,XS,1,Set,14,18,1.38,10.1,"4. 4-13 weeks",Other
SET279-LC-XXL,SET279,Set,XXL,6,Set,31,11,0.85,36.6,"5. Over 13 weeks",Other
SET279-LC-XXXL,SET279,Set,3XL,7,Set,15,7,0.54,27.9,"5. Over 13 weeks",Other
SET280-KR-PP-L,SET280,Set,L,4,Set,1,2,0.15,6.5,"4. 4-13 weeks",Other
SET280-KR-PP-M,SET280,Set,M,3,Set,3,9,0.69,4.3,"4. 4-13 weeks",Other
SET280-KR-PP-S,SET280,Set,S,2,Set,4,44,3.38,1.2,"2. Under 2 weeks","Best-seller (top 10%)"
SET280-KR-PP-XL,SET280,Set,XL,5,Set,2,2,0.15,13.0,"5. Over 13 weeks",Other
SET280-KR-PP-XS,SET280,Set,XS,1,Set,7,18,1.38,5.1,"4. 4-13 weeks",Other
SET280-KR-PP-XXL,SET280,Set,XXL,6,Set,2,21,1.62,1.2,"2. Under 2 weeks",Other
SET280-KR-PP-XXXL,SET280,Set,3XL,7,Set,3,2,0.15,19.5,"5. Over 13 weeks",Other
SET281-KR-PP-A-S,SET281,Set,S,2,Set,,1,0.08,,"No stock record",Other
SET281-KR-PP-A-XS,SET281,Set,XS,1,Set,,1,0.08,,"No stock record",Other
SET281-KR-PP-A-XXXL,SET281,Set,3XL,7,Set,,1,0.08,,"No stock record",Other
SET281-KR-PP-L,SET281,Set,L,4,Set,4,17,1.31,3.1,"3. 2-4 weeks",Other
SET281-KR-PP-M,SET281,Set,M,3,Set,4,12,0.92,4.3,"4. 4-13 weeks",Other
SET281-KR-PP-S,SET281,Set,S,2,Set,20,7,0.54,37.1,"5. Over 13 weeks",Other
SET281-KR-PP-XL,SET281,Set,XL,5,Set,3,13,1.0,3.0,"3. 2-4 weeks",Other
SET281-KR-PP-XXL,SET281,Set,XXL,6,Set,4,19,1.46,2.7,"3. 2-4 weeks",Other
SET282-KR-PP-L,SET282,Set,L,4,Set,2,26,2.0,1.0,"2. Under 2 weeks","Best-seller (top 10%)"
SET282-KR-PP-M,SET282,Set,M,3,Set,3,51,3.92,0.8,"2. Under 2 weeks","Best-seller (top 10%)"
SET282-KR-PP-S,SET282,Set,S,2,Set,14,22,1.69,8.3,"4. 4-13 weeks",Other
SET282-KR-PP-XL,SET282,Set,XL,5,Set,2,25,1.92,1.0,"2. Under 2 weeks","Best-seller (top 10%)"
SET282-KR-PP-XS,SET282,Set,XS,1,Set,32,13,1.0,32.0,"5. Over 13 weeks",Other
SET282-KR-PP-XXL,SET282,Set,XXL,6,Set,3,40,3.08,1.0,"2. Under 2 weeks","Best-seller (top 10%)"
SET282-KR-PP-XXXL,SET282,Set,3XL,7,Set,0,34,2.62,0.0,"1. Out of stock","Best-seller (top 10%)"
SET285-KR-SHA-L,SET285,Set,L,4,Set,7,17,1.31,5.4,"4. 4-13 weeks",Other
SET285-KR-SHA-M,SET285,Set,M,3,Set,2,15,1.15,1.7,"2. Under 2 weeks",Other
SET285-KR-SHA-S,SET285,Set,S,2,Set,5,18,1.38,3.6,"3. 2-4 weeks",Other
SET285-KR-SHA-XL,SET285,Set,XL,5,Set,2,5,0.38,5.2,"4. 4-13 weeks",Other
SET285-KR-SHA-XS,SET285,Set,XS,1,Set,19,17,1.31,14.5,"5. Over 13 weeks",Other
SET285-KR-SHA-XXL,SET285,Set,XXL,6,Set,4,9,0.69,5.8,"4. 4-13 weeks",Other
SET285-KR-SHA-XXXL,SET285,Set,3XL,7,Set,3,11,0.85,3.5,"3. 2-4 weeks",Other
SET286-KR-NP-L,SET286,Set,L,4,Set,27,26,2.0,13.5,"5. Over 13 weeks",Other
SET286-KR-NP-M,SET286,Set,M,3,Set,40,27,2.08,19.3,"5. Over 13 weeks",Other
SET286-KR-NP-S,SET286,Set,S,2,Set,33,23,1.77,18.7,"5. Over 13 weeks",Other
SET286-KR-NP-XL,SET286,Set,XL,5,Set,30,24,1.85,16.3,"5. Over 13 weeks",Other
SET286-KR-NP-XS,SET286,Set,XS,1,Set,31,24,1.85,16.8,"5. Over 13 weeks",Other
SET286-KR-NP-XXL,SET286,Set,XXL,6,Set,5,12,0.92,5.4,"4. 4-13 weeks",Other
SET286-KR-NP-XXXL,SET286,Set,3XL,7,Set,9,28,2.15,4.2,"4. 4-13 weeks",Other
SET287-KR-NP-L,SET287,Set,L,4,Set,139,20,1.54,90.3,"5. Over 13 weeks",Other
SET287-KR-NP-M,SET287,Set,M,3,Set,218,24,1.85,118.1,"5. Over 13 weeks",Other
SET287-KR-NP-S,SET287,Set,S,2,Set,162,11,0.85,191.5,"5. Over 13 weeks",Other
SET287-KR-NP-XL,SET287,Set,XL,5,Set,138,9,0.69,199.3,"5. Over 13 weeks",Other
SET287-KR-NP-XS,SET287,Set,XS,1,Set,104,8,0.62,169.0,"5. Over 13 weeks",Other
SET287-KR-NP-XXL,SET287,Set,XXL,6,Set,86,9,0.69,124.2,"5. Over 13 weeks",Other
SET287-KR-NP-XXXL,SET287,Set,3XL,7,Set,80,11,0.85,94.5,"5. Over 13 weeks",Other
SET288-KR-NP-L,SET288,Set,L,4,Set,5,21,1.62,3.1,"3. 2-4 weeks",Other
SET288-KR-NP-M,SET288,Set,M,3,Set,6,43,3.31,1.8,"2. Under 2 weeks","Best-seller (top 10%)"
SET288-KR-NP-S,SET288,Set,S,2,Set,16,17,1.31,12.2,"4. 4-13 weeks",Other
SET288-KR-NP-XL,SET288,Set,XL,5,Set,10,36,2.77,3.6,"3. 2-4 weeks",Other
SET288-KR-NP-XS,SET288,Set,XS,1,Set,44,20,1.54,28.6,"5. Over 13 weeks",Other
SET288-KR-NP-XXL,SET288,Set,XXL,6,Set,10,30,2.31,4.3,"4. 4-13 weeks",Other
SET288-KR-NP-XXXL,SET288,Set,3XL,7,Set,6,33,2.54,2.4,"3. 2-4 weeks",Other
SET289-KR-NP-L,SET289,Set,L,4,Set,14,3,0.23,60.7,"5. Over 13 weeks",Other
SET289-KR-NP-M,SET289,Set,M,3,Set,23,6,0.46,49.8,"5. Over 13 weeks",Other
SET289-KR-NP-S,SET289,Set,S,2,Set,26,2,0.15,169.0,"5. Over 13 weeks",Other
SET289-KR-NP-XL,SET289,Set,XL,5,Set,23,8,0.62,37.4,"5. Over 13 weeks",Other
SET289-KR-NP-XS,SET289,Set,XS,1,Set,42,4,0.31,136.5,"5. Over 13 weeks",Other
SET289-KR-NP-XXL,SET289,Set,XXL,6,Set,26,3,0.23,112.7,"5. Over 13 weeks",Other
SET289-KR-NP-XXXL,SET289,Set,3XL,7,Set,20,7,0.54,37.1,"5. Over 13 weeks",Other
SET290-KR-DPT-L,SET290,Set,L,4,Set,53,21,1.62,32.8,"5. Over 13 weeks",Other
SET290-KR-DPT-M,SET290,Set,M,3,Set,18,32,2.46,7.3,"4. 4-13 weeks","Best-seller (top 10%)"
SET290-KR-DPT-S,SET290,Set,S,2,Set,6,11,0.85,7.1,"4. 4-13 weeks",Other
SET290-KR-DPT-XL,SET290,Set,XL,5,Set,34,23,1.77,19.2,"5. Over 13 weeks",Other
SET290-KR-DPT-XS,SET290,Set,XS,1,Set,38,21,1.62,23.5,"5. Over 13 weeks",Other
SET290-KR-DPT-XXL,SET290,Set,XXL,6,Set,34,18,1.38,24.6,"5. Over 13 weeks",Other
SET290-KR-DPT-XXXL,SET290,Set,3XL,7,Set,37,20,1.54,24.0,"5. Over 13 weeks",Other
SET291-KR-PP-L,SET291,Set,L,4,Set,6,138,10.62,0.6,"2. Under 2 weeks","Best-seller (top 10%)"
SET291-KR-PP-M,SET291,Set,M,3,Set,13,183,14.08,0.9,"2. Under 2 weeks","Best-seller (top 10%)"
SET291-KR-PP-S,SET291,Set,S,2,Set,15,102,7.85,1.9,"2. Under 2 weeks","Best-seller (top 10%)"
SET291-KR-PP-XL,SET291,Set,XL,5,Set,3,102,7.85,0.4,"2. Under 2 weeks","Best-seller (top 10%)"
SET291-KR-PP-XS,SET291,Set,XS,1,Set,6,26,2.0,3.0,"3. 2-4 weeks",Other
SET291-KR-PP-XXL,SET291,Set,XXL,6,Set,4,69,5.31,0.8,"2. Under 2 weeks","Best-seller (top 10%)"
SET291-KR-PP-XXXL,SET291,Set,3XL,7,Set,8,91,7.0,1.1,"2. Under 2 weeks","Best-seller (top 10%)"
SET293-KR-NP-L,SET293,Set,L,4,Set,4,56,4.31,0.9,"2. Under 2 weeks","Best-seller (top 10%)"
SET293-KR-NP-M,SET293,Set,M,3,Set,6,99,7.62,0.8,"2. Under 2 weeks","Best-seller (top 10%)"
SET293-KR-NP-S,SET293,Set,S,2,Set,2,73,5.62,0.4,"2. Under 2 weeks","Best-seller (top 10%)"
SET293-KR-NP-XL,SET293,Set,XL,5,Set,4,65,5.0,0.8,"2. Under 2 weeks","Best-seller (top 10%)"
SET293-KR-NP-XS,SET293,Set,XS,1,Set,5,69,5.31,0.9,"2. Under 2 weeks","Best-seller (top 10%)"
SET293-KR-NP-XXL,SET293,Set,XXL,6,Set,7,64,4.92,1.4,"2. Under 2 weeks","Best-seller (top 10%)"
SET293-KR-NP-XXXL,SET293,Set,3XL,7,Set,7,37,2.85,2.5,"3. 2-4 weeks","Best-seller (top 10%)"
SET295-KR-NP-L,SET295,Set,L,4,Set,4,4,0.31,13.0,"5. Over 13 weeks",Other
SET295-KR-NP-M,SET295,Set,M,3,Set,2,3,0.23,8.7,"4. 4-13 weeks",Other
SET295-KR-NP-S,SET295,Set,S,2,Set,4,13,1.0,4.0,"4. 4-13 weeks",Other
SET295-KR-NP-XL,SET295,Set,XL,5,Set,2,6,0.46,4.3,"4. 4-13 weeks",Other
SET295-KR-NP-XS,SET295,Set,XS,1,Set,4,30,2.31,1.7,"2. Under 2 weeks",Other
SET295-KR-NP-XXL,SET295,Set,XXL,6,Set,2,11,0.85,2.4,"3. 2-4 weeks",Other
SET295-KR-NP-XXXL,SET295,Set,3XL,7,Set,4,26,2.0,2.0,"3. 2-4 weeks",Other
SET297-KR-NP-L,SET297,Set,L,4,Set,0,1,0.08,0.0,"1. Out of stock",Other
SET297-KR-NP-XXL,SET297,Set,XXL,6,Set,3,2,0.15,19.5,"5. Over 13 weeks",Other
SET297-KR-NP-XXXL,SET297,Set,3XL,7,Set,17,3,0.23,73.7,"5. Over 13 weeks",Other
SET299-KR-PP-L,SET299,Set,L,4,Set,49,2,0.15,318.5,"5. Over 13 weeks",Other
SET299-KR-PP-M,SET299,Set,M,3,Set,46,2,0.15,299.0,"5. Over 13 weeks",Other
SET299-KR-PP-S,SET299,Set,S,2,Set,45,6,0.46,97.5,"5. Over 13 weeks",Other
SET299-KR-PP-XL,SET299,Set,XL,5,Set,55,2,0.15,357.5,"5. Over 13 weeks",Other
SET299-KR-PP-XS,SET299,Set,XS,1,Set,47,1,0.08,611.0,"5. Over 13 weeks",Other
SET299-KR-PP-XXL,SET299,Set,XXL,6,Set,54,3,0.23,234.0,"5. Over 13 weeks",Other
SET299-KR-PP-XXXL,SET299,Set,3XL,7,Set,43,7,0.54,79.9,"5. Over 13 weeks",Other
SET300-KR-NP-L,SET300,Set,L,4,Set,16,9,0.69,23.1,"5. Over 13 weeks",Other
SET300-KR-NP-M,SET300,Set,M,3,Set,31,12,0.92,33.6,"5. Over 13 weeks",Other
SET300-KR-NP-S,SET300,Set,S,2,Set,33,4,0.31,107.3,"5. Over 13 weeks",Other
SET300-KR-NP-XL,SET300,Set,XL,5,Set,34,10,0.77,44.2,"5. Over 13 weeks",Other
SET300-KR-NP-XS,SET300,Set,XS,1,Set,18,5,0.38,46.8,"5. Over 13 weeks",Other
SET300-KR-NP-XXL,SET300,Set,XXL,6,Set,24,6,0.46,52.0,"5. Over 13 weeks",Other
SET300-KR-NP-XXXL,SET300,Set,3XL,7,Set,7,8,0.62,11.4,"4. 4-13 weeks",Other
SET301-KR-PP-L,SET301,Set,L,4,Set,53,1,0.08,689.0,"5. Over 13 weeks",Other
SET301-KR-PP-M,SET301,Set,M,3,Set,57,1,0.08,741.0,"5. Over 13 weeks",Other
SET301-KR-PP-S,SET301,Set,S,2,Set,66,1,0.08,858.0,"5. Over 13 weeks",Other
SET301-KR-PP-XL,SET301,Set,XL,5,Set,62,1,0.08,806.0,"5. Over 13 weeks",Other
SET301-KR-PP-XXL,SET301,Set,XXL,6,Set,53,1,0.08,689.0,"5. Over 13 weeks",Other
SET302-KR-PP-L,SET302,Set,L,4,Set,2,12,0.92,2.2,"3. 2-4 weeks",Other
SET302-KR-PP-M,SET302,Set,M,3,Set,12,11,0.85,14.2,"5. Over 13 weeks",Other
SET302-KR-PP-S,SET302,Set,S,2,Set,19,10,0.77,24.7,"5. Over 13 weeks",Other
SET302-KR-PP-XL,SET302,Set,XL,5,Set,5,8,0.62,8.1,"4. 4-13 weeks",Other
SET302-KR-PP-XS,SET302,Set,XS,1,Set,21,6,0.46,45.5,"5. Over 13 weeks",Other
SET302-KR-PP-XXL,SET302,Set,XXL,6,Set,17,9,0.69,24.6,"5. Over 13 weeks",Other
SET302-KR-PP-XXXL,SET302,Set,3XL,7,Set,9,24,1.85,4.9,"4. 4-13 weeks",Other
SET303-KR-NP-L,SET303,Set,L,4,Set,37,5,0.38,96.2,"5. Over 13 weeks",Other
SET303-KR-NP-M,SET303,Set,M,3,Set,41,7,0.54,76.1,"5. Over 13 weeks",Other
SET303-KR-NP-S,SET303,Set,S,2,Set,5,3,0.23,21.7,"5. Over 13 weeks",Other
SET303-KR-NP-XL,SET303,Set,XL,5,Set,32,2,0.15,208.0,"5. Over 13 weeks",Other
SET303-KR-NP-XS,SET303,Set,XS,1,Set,47,6,0.46,101.8,"5. Over 13 weeks",Other
SET303-KR-NP-XXL,SET303,Set,XXL,6,Set,24,5,0.38,62.4,"5. Over 13 weeks",Other
SET303-KR-NP-XXXL,SET303,Set,3XL,7,Set,8,2,0.15,52.0,"5. Over 13 weeks",Other
SET304-KR-DPT-L,SET304,Set,L,4,Set,22,66,5.08,4.3,"4. 4-13 weeks","Best-seller (top 10%)"
SET304-KR-DPT-M,SET304,Set,M,3,Set,154,56,4.31,35.8,"5. Over 13 weeks","Best-seller (top 10%)"
SET304-KR-DPT-S,SET304,Set,S,2,Set,74,46,3.54,20.9,"5. Over 13 weeks","Best-seller (top 10%)"
SET304-KR-DPT-XL,SET304,Set,XL,5,Set,59,46,3.54,16.7,"5. Over 13 weeks","Best-seller (top 10%)"
SET304-KR-DPT-XS,SET304,Set,XS,1,Set,180,86,6.62,27.2,"5. Over 13 weeks","Best-seller (top 10%)"
SET304-KR-DPT-XXL,SET304,Set,XXL,6,Set,14,38,2.92,4.8,"4. 4-13 weeks","Best-seller (top 10%)"
SET304-KR-DPT-XXXL,SET304,Set,3XL,7,Set,34,39,3.0,11.3,"4. 4-13 weeks","Best-seller (top 10%)"
SET305-KR-DPT-L,SET305,Set,L,4,Set,22,17,1.31,16.8,"5. Over 13 weeks",Other
SET305-KR-DPT-M,SET305,Set,M,3,Set,55,12,0.92,59.6,"5. Over 13 weeks",Other
SET305-KR-DPT-S,SET305,Set,S,2,Set,98,11,0.85,115.8,"5. Over 13 weeks",Other
SET305-KR-DPT-XL,SET305,Set,XL,5,Set,37,5,0.38,96.2,"5. Over 13 weeks",Other
SET305-KR-DPT-XS,SET305,Set,XS,1,Set,39,7,0.54,72.4,"5. Over 13 weeks",Other
SET305-KR-DPT-XXL,SET305,Set,XXL,6,Set,18,4,0.31,58.5,"5. Over 13 weeks",Other
SET305-KR-DPT-XXXL,SET305,Set,3XL,7,Set,7,8,0.62,11.4,"4. 4-13 weeks",Other
SET306-KR-PP-L,SET306,Set,L,4,Set,93,5,0.38,241.8,"5. Over 13 weeks",Other
SET306-KR-PP-M,SET306,Set,M,3,Set,75,7,0.54,139.3,"5. Over 13 weeks",Other
SET306-KR-PP-S,SET306,Set,S,2,Set,67,1,0.08,871.0,"5. Over 13 weeks",Other
SET306-KR-PP-XL,SET306,Set,XL,5,Set,77,7,0.54,143.0,"5. Over 13 weeks",Other
SET306-KR-PP-XS,SET306,Set,XS,1,Set,61,2,0.15,396.5,"5. Over 13 weeks",Other
SET306-KR-PP-XXL,SET306,Set,XXL,6,Set,45,4,0.31,146.3,"5. Over 13 weeks",Other
SET306-KR-PP-XXXL,SET306,Set,3XL,7,Set,23,9,0.69,33.2,"5. Over 13 weeks",Other
SET307-KR-DPT-L,SET307,Set,L,4,Set,34,8,0.62,55.3,"5. Over 13 weeks",Other
SET307-KR-DPT-M,SET307,Set,M,3,Set,46,13,1.0,46.0,"5. Over 13 weeks",Other
SET307-KR-DPT-S,SET307,Set,S,2,Set,53,5,0.38,137.8,"5. Over 13 weeks",Other
SET307-KR-DPT-XL,SET307,Set,XL,5,Set,29,5,0.38,75.4,"5. Over 13 weeks",Other
SET307-KR-DPT-XS,SET307,Set,XS,1,Set,37,3,0.23,160.3,"5. Over 13 weeks",Other
SET307-KR-DPT-XXL,SET307,Set,XXL,6,Set,15,7,0.54,27.9,"5. Over 13 weeks",Other
SET307-KR-DPT-XXXL,SET307,Set,3XL,7,Set,29,8,0.62,47.1,"5. Over 13 weeks",Other
SET308-KR-PP-L,SET308,Set,L,4,Set,48,5,0.38,124.8,"5. Over 13 weeks",Other
SET308-KR-PP-M,SET308,Set,M,3,Set,90,5,0.38,234.0,"5. Over 13 weeks",Other
SET308-KR-PP-S,SET308,Set,S,2,Set,58,7,0.54,107.7,"5. Over 13 weeks",Other
SET308-KR-PP-XL,SET308,Set,XL,5,Set,43,3,0.23,186.3,"5. Over 13 weeks",Other
SET308-KR-PP-XS,SET308,Set,XS,1,Set,29,2,0.15,188.5,"5. Over 13 weeks",Other
SET308-KR-PP-XXL,SET308,Set,XXL,6,Set,29,4,0.31,94.3,"5. Over 13 weeks",Other
SET308-KR-PP-XXXL,SET308,Set,3XL,7,Set,27,9,0.69,39.0,"5. Over 13 weeks",Other
SET310-KR-NP-L,SET310,Set,L,4,Set,6,32,2.46,2.4,"3. 2-4 weeks","Best-seller (top 10%)"
SET310-KR-NP-M,SET310,Set,M,3,Set,15,24,1.85,8.1,"4. 4-13 weeks",Other
SET310-KR-NP-S,SET310,Set,S,2,Set,27,15,1.15,23.4,"5. Over 13 weeks",Other
SET310-KR-NP-XL,SET310,Set,XL,5,Set,3,16,1.23,2.4,"3. 2-4 weeks",Other
SET310-KR-NP-XS,SET310,Set,XS,1,Set,34,15,1.15,29.5,"5. Over 13 weeks",Other
SET310-KR-NP-XXL,SET310,Set,XXL,6,Set,13,18,1.38,9.4,"4. 4-13 weeks",Other
SET310-KR-NP-XXXL,SET310,Set,3XL,7,Set,15,16,1.23,12.2,"4. 4-13 weeks",Other
SET311-KR-NP-L,SET311,Set,L,4,Set,53,3,0.23,229.7,"5. Over 13 weeks",Other
SET311-KR-NP-S,SET311,Set,S,2,Set,56,1,0.08,728.0,"5. Over 13 weeks",Other
SET311-KR-NP-XL,SET311,Set,XL,5,Set,60,1,0.08,780.0,"5. Over 13 weeks",Other
SET311-KR-NP-XS,SET311,Set,XS,1,Set,61,1,0.08,793.0,"5. Over 13 weeks",Other
SET313-KR-NP-L,SET313,Set,L,4,Set,33,5,0.38,85.8,"5. Over 13 weeks",Other
SET313-KR-NP-M,SET313,Set,M,3,Set,3,4,0.31,9.8,"4. 4-13 weeks",Other
SET313-KR-NP-S,SET313,Set,S,2,Set,14,1,0.08,182.0,"5. Over 13 weeks",Other
SET313-KR-NP-XL,SET313,Set,XL,5,Set,22,3,0.23,95.3,"5. Over 13 weeks",Other
SET313-KR-NP-XS,SET313,Set,XS,1,Set,7,3,0.23,30.3,"5. Over 13 weeks",Other
SET313-KR-NP-XXL,SET313,Set,XXL,6,Set,44,4,0.31,143.0,"5. Over 13 weeks",Other
SET313-KR-NP-XXXL,SET313,Set,3XL,7,Set,34,1,0.08,442.0,"5. Over 13 weeks",Other
SET315-KR-PP-L,SET315,Set,L,4,Set,62,1,0.08,806.0,"5. Over 13 weeks",Other
SET315-KR-PP-M,SET315,Set,M,3,Set,49,2,0.15,318.5,"5. Over 13 weeks",Other
SET315-KR-PP-XL,SET315,Set,XL,5,Set,55,3,0.23,238.3,"5. Over 13 weeks",Other
SET315-KR-PP-XXXL,SET315,Set,3XL,7,Set,38,3,0.23,164.7,"5. Over 13 weeks",Other
SET316-KR-DPT-L,SET316,Set,L,4,Set,93,11,0.85,109.9,"5. Over 13 weeks",Other
SET316-KR-DPT-M,SET316,Set,M,3,Set,52,9,0.69,75.1,"5. Over 13 weeks",Other
SET316-KR-DPT-S,SET316,Set,S,2,Set,63,10,0.77,81.9,"5. Over 13 weeks",Other
SET316-KR-DPT-XL,SET316,Set,XL,5,Set,42,9,0.69,60.7,"5. Over 13 weeks",Other
SET316-KR-DPT-XS,SET316,Set,XS,1,Set,76,8,0.62,123.5,"5. Over 13 weeks",Other
SET316-KR-DPT-XXL,SET316,Set,XXL,6,Set,52,5,0.38,135.2,"5. Over 13 weeks",Other
SET316-KR-DPT-XXXL,SET316,Set,3XL,7,Set,9,13,1.0,9.0,"4. 4-13 weeks",Other
SET317-KR-PP-L,SET317,Set,L,4,Set,6,23,1.77,3.4,"3. 2-4 weeks","Best-seller (top 10%)"
SET317-KR-PP-M,SET317,Set,M,3,Set,5,15,1.15,4.3,"4. 4-13 weeks",Other
SET317-KR-PP-S,SET317,Set,S,2,Set,9,18,1.38,6.5,"4. 4-13 weeks",Other
SET317-KR-PP-XL,SET317,Set,XL,5,Set,18,19,1.46,12.3,"4. 4-13 weeks",Other
SET317-KR-PP-XS,SET317,Set,XS,1,Set,20,9,0.69,28.9,"5. Over 13 weeks",Other
SET317-KR-PP-XXL,SET317,Set,XXL,6,Set,32,20,1.54,20.8,"5. Over 13 weeks",Other
SET317-KR-PP-XXXL,SET317,Set,3XL,7,Set,7,12,0.92,7.6,"4. 4-13 weeks",Other
SET318-KR-SHA-L,SET318,Set,L,4,Set,19,6,0.46,41.2,"5. Over 13 weeks",Other
SET318-KR-SHA-M,SET318,Set,M,3,Set,3,9,0.69,4.3,"4. 4-13 weeks",Other
SET318-KR-SHA-S,SET318,Set,S,2,Set,4,6,0.46,8.7,"4. 4-13 weeks",Other
SET318-KR-SHA-XL,SET318,Set,XL,5,Set,30,5,0.38,78.0,"5. Over 13 weeks",Other
SET318-KR-SHA-XS,SET318,Set,XS,1,Set,3,4,0.31,9.8,"4. 4-13 weeks",Other
SET318-KR-SHA-XXL,SET318,Set,XXL,6,Set,55,2,0.15,357.5,"5. Over 13 weeks",Other
SET318-KR-SHA-XXXL,SET318,Set,3XL,7,Set,38,2,0.15,247.0,"5. Over 13 weeks",Other
SET319-KR-NP-L,SET319,Set,L,4,Set,9,34,2.62,3.4,"3. 2-4 weeks","Best-seller (top 10%)"
SET319-KR-NP-M,SET319,Set,M,3,Set,5,58,4.46,1.1,"2. Under 2 weeks","Best-seller (top 10%)"
SET319-KR-NP-S,SET319,Set,S,2,Set,10,40,3.08,3.3,"3. 2-4 weeks","Best-seller (top 10%)"
SET319-KR-NP-XL,SET319,Set,XL,5,Set,8,50,3.85,2.1,"3. 2-4 weeks","Best-seller (top 10%)"
SET319-KR-NP-XS,SET319,Set,XS,1,Set,6,30,2.31,2.6,"3. 2-4 weeks","Best-seller (top 10%)"
SET319-KR-NP-XXL,SET319,Set,XXL,6,Set,6,19,1.46,4.1,"4. 4-13 weeks",Other
SET319-KR-NP-XXXL,SET319,Set,3XL,7,Set,10,16,1.23,8.1,"4. 4-13 weeks",Other
SET320-KR-NP-L,SET320,Set,L,4,Set,32,6,0.46,69.3,"5. Over 13 weeks",Other
SET320-KR-NP-M,SET320,Set,M,3,Set,66,13,1.0,66.0,"5. Over 13 weeks",Other
SET320-KR-NP-S,SET320,Set,S,2,Set,42,23,1.77,23.7,"5. Over 13 weeks",Other
SET320-KR-NP-XL,SET320,Set,XL,5,Set,27,14,1.08,25.1,"5. Over 13 weeks",Other
SET320-KR-NP-XS,SET320,Set,XS,1,Set,24,17,1.31,18.4,"5. Over 13 weeks",Other
SET320-KR-NP-XXL,SET320,Set,XXL,6,Set,40,19,1.46,27.4,"5. Over 13 weeks",Other
SET320-KR-NP-XXXL,SET320,Set,3XL,7,Set,1,31,2.38,0.4,"2. Under 2 weeks","Best-seller (top 10%)"
SET321-KR-DPT-L,SET321,Set,L,4,Set,76,3,0.23,329.3,"5. Over 13 weeks",Other
SET321-KR-DPT-M,SET321,Set,M,3,Set,58,9,0.69,83.8,"5. Over 13 weeks",Other
SET321-KR-DPT-S,SET321,Set,S,2,Set,47,5,0.38,122.2,"5. Over 13 weeks",Other
SET321-KR-DPT-XL,SET321,Set,XL,5,Set,35,10,0.77,45.5,"5. Over 13 weeks",Other
SET321-KR-DPT-XS,SET321,Set,XS,1,Set,16,4,0.31,52.0,"5. Over 13 weeks",Other
SET321-KR-DPT-XXL,SET321,Set,XXL,6,Set,54,3,0.23,234.0,"5. Over 13 weeks",Other
SET321-KR-DPT-XXXL,SET321,Set,3XL,7,Set,27,3,0.23,117.0,"5. Over 13 weeks",Other
SET322-KR-SHA-L,SET322,Set,L,4,Set,3,16,1.23,2.4,"3. 2-4 weeks",Other
SET322-KR-SHA-M,SET322,Set,M,3,Set,4,23,1.77,2.3,"3. 2-4 weeks","Best-seller (top 10%)"
SET322-KR-SHA-S,SET322,Set,S,2,Set,2,20,1.54,1.3,"2. Under 2 weeks",Other
SET322-KR-SHA-XL,SET322,Set,XL,5,Set,15,18,1.38,10.8,"4. 4-13 weeks",Other
SET322-KR-SHA-XS,SET322,Set,XS,1,Set,5,14,1.08,4.6,"4. 4-13 weeks",Other
SET322-KR-SHA-XXL,SET322,Set,XXL,6,Set,22,22,1.69,13.0,"5. Over 13 weeks","Best-seller (top 10%)"
SET322-KR-SHA-XXXL,SET322,Set,3XL,7,Set,11,18,1.38,7.9,"4. 4-13 weeks",Other
SET323-KR-NP-L,SET323,Set,L,4,Set,27,18,1.38,19.5,"5. Over 13 weeks",Other
SET323-KR-NP-M,SET323,Set,M,3,Set,15,24,1.85,8.1,"4. 4-13 weeks",Other
SET323-KR-NP-S,SET323,Set,S,2,Set,9,18,1.38,6.5,"4. 4-13 weeks",Other
SET323-KR-NP-XL,SET323,Set,XL,5,Set,7,11,0.85,8.3,"4. 4-13 weeks",Other
SET323-KR-NP-XS,SET323,Set,XS,1,Set,10,13,1.0,10.0,"4. 4-13 weeks",Other
SET323-KR-NP-XXL,SET323,Set,XXL,6,Set,8,13,1.0,8.0,"4. 4-13 weeks",Other
SET323-KR-NP-XXXL,SET323,Set,3XL,7,Set,14,11,0.85,16.5,"5. Over 13 weeks",Other
SET324-KR-NP-L,SET324,Set,L,4,Set,6,203,15.62,0.4,"2. Under 2 weeks","Best-seller (top 10%)"
SET324-KR-NP-M,SET324,Set,M,3,Set,8,239,18.38,0.4,"2. Under 2 weeks","Best-seller (top 10%)"
SET324-KR-NP-S,SET324,Set,S,2,Set,10,142,10.92,0.9,"2. Under 2 weeks","Best-seller (top 10%)"
SET324-KR-NP-XL,SET324,Set,XL,5,Set,11,132,10.15,1.1,"2. Under 2 weeks","Best-seller (top 10%)"
SET324-KR-NP-XS,SET324,Set,XS,1,Set,16,111,8.54,1.9,"2. Under 2 weeks","Best-seller (top 10%)"
SET324-KR-NP-XXL,SET324,Set,XXL,6,Set,5,139,10.69,0.5,"2. Under 2 weeks","Best-seller (top 10%)"
SET324-KR-NP-XXXL,SET324,Set,3XL,7,Set,8,91,7.0,1.1,"2. Under 2 weeks","Best-seller (top 10%)"
SET325-KR-NP-L,SET325,Set,L,4,Set,69,9,0.69,99.7,"5. Over 13 weeks",Other
SET325-KR-NP-M,SET325,Set,M,3,Set,60,13,1.0,60.0,"5. Over 13 weeks",Other
SET325-KR-NP-S,SET325,Set,S,2,Set,61,9,0.69,88.1,"5. Over 13 weeks",Other
SET325-KR-NP-XL,SET325,Set,XL,5,Set,44,8,0.62,71.5,"5. Over 13 weeks",Other
SET325-KR-NP-XS,SET325,Set,XS,1,Set,19,9,0.69,27.4,"5. Over 13 weeks",Other
SET325-KR-NP-XXL,SET325,Set,XXL,6,Set,28,6,0.46,60.7,"5. Over 13 weeks",Other
SET325-KR-NP-XXXL,SET325,Set,3XL,7,Set,9,4,0.31,29.3,"5. Over 13 weeks",Other
SET326-KR-PP-L,SET326,Set,L,4,Set,5,5,0.38,13.0,"5. Over 13 weeks",Other
SET326-KR-PP-M,SET326,Set,M,3,Set,35,1,0.08,455.0,"5. Over 13 weeks",Other
SET326-KR-PP-S,SET326,Set,S,2,Set,35,4,0.31,113.8,"5. Over 13 weeks",Other
SET326-KR-PP-XL,SET326,Set,XL,5,Set,13,2,0.15,84.5,"5. Over 13 weeks",Other
SET326-KR-PP-XS,SET326,Set,XS,1,Set,42,2,0.15,273.0,"5. Over 13 weeks",Other
SET326-KR-PP-XXL,SET326,Set,XXL,6,Set,14,2,0.15,91.0,"5. Over 13 weeks",Other
SET326-KR-PP-XXXL,SET326,Set,3XL,7,Set,29,5,0.38,75.4,"5. Over 13 weeks",Other
SET327-KR-DPT-L,SET327,Set,L,4,Set,12,52,4.0,3.0,"3. 2-4 weeks","Best-seller (top 10%)"
SET327-KR-DPT-M,SET327,Set,M,3,Set,9,50,3.85,2.3,"3. 2-4 weeks","Best-seller (top 10%)"
SET327-KR-DPT-S,SET327,Set,S,2,Set,49,28,2.15,22.8,"5. Over 13 weeks","Best-seller (top 10%)"
SET327-KR-DPT-XL,SET327,Set,XL,5,Set,27,36,2.77,9.8,"4. 4-13 weeks","Best-seller (top 10%)"
SET327-KR-DPT-XS,SET327,Set,XS,1,Set,63,18,1.38,45.5,"5. Over 13 weeks",Other
SET327-KR-DPT-XXL,SET327,Set,XXL,6,Set,52,27,2.08,25.0,"5. Over 13 weeks","Best-seller (top 10%)"
SET327-KR-DPT-XXXL,SET327,Set,3XL,7,Set,49,23,1.77,27.7,"5. Over 13 weeks",Other
SET328-KR-NP-L,SET328,Set,L,4,Set,16,56,4.31,3.7,"3. 2-4 weeks","Best-seller (top 10%)"
SET328-KR-NP-M,SET328,Set,M,3,Set,20,49,3.77,5.3,"4. 4-13 weeks","Best-seller (top 10%)"
SET328-KR-NP-S,SET328,Set,S,2,Set,14,24,1.85,7.6,"4. 4-13 weeks",Other
SET328-KR-NP-XL,SET328,Set,XL,5,Set,2,47,3.62,0.6,"2. Under 2 weeks","Best-seller (top 10%)"
SET328-KR-NP-XS,SET328,Set,XS,1,Set,12,21,1.62,7.4,"4. 4-13 weeks",Other
SET328-KR-NP-XXL,SET328,Set,XXL,6,Set,15,24,1.85,8.1,"4. 4-13 weeks",Other
SET328-KR-NP-XXXL,SET328,Set,3XL,7,Set,38,14,1.08,35.3,"5. Over 13 weeks",Other
SET329-KR-NP-L,SET329,Set,L,4,Set,97,33,2.54,38.2,"5. Over 13 weeks",Other
SET329-KR-NP-M,SET329,Set,M,3,Set,292,33,2.54,115.0,"5. Over 13 weeks",Other
SET329-KR-NP-S,SET329,Set,S,2,Set,252,25,1.92,131.0,"5. Over 13 weeks",Other
SET329-KR-NP-XL,SET329,Set,XL,5,Set,196,18,1.38,141.6,"5. Over 13 weeks",Other
SET329-KR-NP-XS,SET329,Set,XS,1,Set,227,19,1.46,155.3,"5. Over 13 weeks",Other
SET329-KR-NP-XXL,SET329,Set,XXL,6,Set,97,15,1.15,84.1,"5. Over 13 weeks",Other
SET329-KR-NP-XXXL,SET329,Set,3XL,7,Set,85,12,0.92,92.1,"5. Over 13 weeks",Other
SET330-KR-PP-L,SET330,Set,L,4,Set,2,13,1.0,2.0,"3. 2-4 weeks",Other
SET330-KR-PP-M,SET330,Set,M,3,Set,1,17,1.31,0.8,"2. Under 2 weeks",Other
SET330-KR-PP-S,SET330,Set,S,2,Set,3,21,1.62,1.9,"2. Under 2 weeks",Other
SET330-KR-PP-XL,SET330,Set,XL,5,Set,3,14,1.08,2.8,"3. 2-4 weeks",Other
SET330-KR-PP-XS,SET330,Set,XS,1,Set,29,10,0.77,37.7,"5. Over 13 weeks",Other
SET330-KR-PP-XXL,SET330,Set,XXL,6,Set,28,8,0.62,45.5,"5. Over 13 weeks",Other
SET330-KR-PP-XXXL,SET330,Set,3XL,7,Set,5,19,1.46,3.4,"3. 2-4 weeks",Other
SET331-KR-NP-L,SET331,Set,L,4,Set,217,146,11.23,19.3,"5. Over 13 weeks","Best-seller (top 10%)"
SET331-KR-NP-M,SET331,Set,M,3,Set,229,168,12.92,17.7,"5. Over 13 weeks","Best-seller (top 10%)"
SET331-KR-NP-S,SET331,Set,S,2,Set,161,110,8.46,19.0,"5. Over 13 weeks","Best-seller (top 10%)"
SET331-KR-NP-XL,SET331,Set,XL,5,Set,198,128,9.85,20.1,"5. Over 13 weeks","Best-seller (top 10%)"
SET331-KR-NP-XS,SET331,Set,XS,1,Set,209,65,5.0,41.8,"5. Over 13 weeks","Best-seller (top 10%)"
SET331-KR-NP-XXL,SET331,Set,XXL,6,Set,116,81,6.23,18.6,"5. Over 13 weeks","Best-seller (top 10%)"
SET331-KR-NP-XXXL,SET331,Set,3XL,7,Set,158,104,8.0,19.8,"5. Over 13 weeks","Best-seller (top 10%)"
SET332-KR-PP-L,SET332,Set,L,4,Set,38,14,1.08,35.3,"5. Over 13 weeks",Other
SET332-KR-PP-M,SET332,Set,M,3,Set,33,8,0.62,53.6,"5. Over 13 weeks",Other
SET332-KR-PP-S,SET332,Set,S,2,Set,39,9,0.69,56.3,"5. Over 13 weeks",Other
SET332-KR-PP-XL,SET332,Set,XL,5,Set,59,9,0.69,85.2,"5. Over 13 weeks",Other
SET332-KR-PP-XS,SET332,Set,XS,1,Set,48,10,0.77,62.4,"5. Over 13 weeks",Other
SET332-KR-PP-XXL,SET332,Set,XXL,6,Set,51,6,0.46,110.5,"5. Over 13 weeks",Other
SET332-KR-PP-XXXL,SET332,Set,3XL,7,Set,14,17,1.31,10.7,"4. 4-13 weeks",Other
SET333-KR-DPT-L,SET333,Set,L,4,Set,5,28,2.15,2.3,"3. 2-4 weeks","Best-seller (top 10%)"
SET333-KR-DPT-M,SET333,Set,M,3,Set,3,24,1.85,1.6,"2. Under 2 weeks",Other
SET333-KR-DPT-S,SET333,Set,S,2,Set,4,44,3.38,1.2,"2. Under 2 weeks","Best-seller (top 10%)"
SET333-KR-DPT-XL,SET333,Set,XL,5,Set,4,31,2.38,1.7,"2. Under 2 weeks","Best-seller (top 10%)"
SET333-KR-DPT-XS,SET333,Set,XS,1,Set,7,30,2.31,3.0,"3. 2-4 weeks","Best-seller (top 10%)"
SET333-KR-DPT-XXL,SET333,Set,XXL,6,Set,7,30,2.31,3.0,"3. 2-4 weeks","Best-seller (top 10%)"
SET333-KR-DPT-XXXL,SET333,Set,3XL,7,Set,9,27,2.08,4.3,"4. 4-13 weeks","Best-seller (top 10%)"
SET334-KR-NP-L,SET334,Set,L,4,Set,47,12,0.92,50.9,"5. Over 13 weeks",Other
SET334-KR-NP-M,SET334,Set,M,3,Set,46,10,0.77,59.8,"5. Over 13 weeks",Other
SET334-KR-NP-S,SET334,Set,S,2,Set,18,13,1.0,18.0,"5. Over 13 weeks",Other
SET334-KR-NP-XL,SET334,Set,XL,5,Set,33,8,0.62,53.6,"5. Over 13 weeks",Other
SET334-KR-NP-XS,SET334,Set,XS,1,Set,11,10,0.77,14.3,"5. Over 13 weeks",Other
SET334-KR-NP-XXL,SET334,Set,XXL,6,Set,14,8,0.62,22.8,"5. Over 13 weeks",Other
SET334-KR-NP-XXXL,SET334,Set,3XL,7,Set,35,3,0.23,151.7,"5. Over 13 weeks",Other
SET335-KR-NP-L,SET335,Set,L,4,Set,2,13,1.0,2.0,"3. 2-4 weeks",Other
SET335-KR-NP-M,SET335,Set,M,3,Set,12,20,1.54,7.8,"4. 4-13 weeks",Other
SET335-KR-NP-S,SET335,Set,S,2,Set,58,10,0.77,75.4,"5. Over 13 weeks",Other
SET335-KR-NP-XL,SET335,Set,XL,5,Set,59,8,0.62,95.9,"5. Over 13 weeks",Other
SET335-KR-NP-XS,SET335,Set,XS,1,Set,59,9,0.69,85.2,"5. Over 13 weeks",Other
SET335-KR-NP-XXL,SET335,Set,XXL,6,Set,65,8,0.62,105.6,"5. Over 13 weeks",Other
SET335-KR-NP-XXXL,SET335,Set,3XL,7,Set,49,11,0.85,57.9,"5. Over 13 weeks",Other
SET336-KR-NP-L,SET336,Set,L,4,Set,4,3,0.23,17.3,"5. Over 13 weeks",Other
SET336-KR-NP-M,SET336,Set,M,3,Set,2,1,0.08,26.0,"5. Over 13 weeks",Other
SET336-KR-NP-S,SET336,Set,S,2,Set,3,3,0.23,13.0,"5. Over 13 weeks",Other
SET336-KR-NP-XS,SET336,Set,XS,1,Set,2,1,0.08,26.0,"5. Over 13 weeks",Other
SET336-KR-NP-XXL,SET336,Set,XXL,6,Set,5,1,0.08,65.0,"5. Over 13 weeks",Other
SET337-KR-NP-L,SET337,Set,L,4,Set,2,8,0.62,3.3,"3. 2-4 weeks",Other
SET337-KR-NP-M,SET337,Set,M,3,Set,1,8,0.62,1.6,"2. Under 2 weeks",Other
SET337-KR-NP-S,SET337,Set,S,2,Set,4,3,0.23,17.3,"5. Over 13 weeks",Other
SET337-KR-NP-XL,SET337,Set,XL,5,Set,2,1,0.08,26.0,"5. Over 13 weeks",Other
SET337-KR-NP-XS,SET337,Set,XS,1,Set,5,2,0.15,32.5,"5. Over 13 weeks",Other
SET337-KR-NP-XXL,SET337,Set,XXL,6,Set,3,1,0.08,39.0,"5. Over 13 weeks",Other
SET338-KR-NP-L,SET338,Set,L,4,Set,8,2,0.15,52.0,"5. Over 13 weeks",Other
SET338-KR-NP-M,SET338,Set,M,3,Set,13,2,0.15,84.5,"5. Over 13 weeks",Other
SET338-KR-NP-S,SET338,Set,S,2,Set,7,3,0.23,30.3,"5. Over 13 weeks",Other
SET338-KR-NP-XL,SET338,Set,XL,5,Set,8,5,0.38,20.8,"5. Over 13 weeks",Other
SET338-KR-NP-XS,SET338,Set,XS,1,Set,28,2,0.15,182.0,"5. Over 13 weeks",Other
SET338-KR-NP-XXL,SET338,Set,XXL,6,Set,13,2,0.15,84.5,"5. Over 13 weeks",Other
SET339-KR-NP-L,SET339,Set,L,4,Set,5,37,2.85,1.8,"2. Under 2 weeks","Best-seller (top 10%)"
SET339-KR-NP-M,SET339,Set,M,3,Set,4,38,2.92,1.4,"2. Under 2 weeks","Best-seller (top 10%)"
SET339-KR-NP-S,SET339,Set,S,2,Set,8,20,1.54,5.2,"4. 4-13 weeks",Other
SET339-KR-NP-XL,SET339,Set,XL,5,Set,5,30,2.31,2.2,"3. 2-4 weeks",Other
SET339-KR-NP-XS,SET339,Set,XS,1,Set,6,20,1.54,3.9,"3. 2-4 weeks",Other
SET339-KR-NP-XXL,SET339,Set,XXL,6,Set,8,33,2.54,3.2,"3. 2-4 weeks",Other
SET339-KR-NP-XXXL,SET339,Set,3XL,7,Set,8,37,2.85,2.8,"3. 2-4 weeks","Best-seller (top 10%)"
SET340-KR-NP-L,SET340,Set,L,4,Set,1,12,0.92,1.1,"2. Under 2 weeks",Other
SET340-KR-NP-M,SET340,Set,M,3,Set,2,10,0.77,2.6,"3. 2-4 weeks",Other
SET340-KR-NP-S,SET340,Set,S,2,Set,7,19,1.46,4.8,"4. 4-13 weeks",Other
SET340-KR-NP-XL,SET340,Set,XL,5,Set,3,8,0.62,4.9,"4. 4-13 weeks",Other
SET340-KR-NP-XS,SET340,Set,XS,1,Set,5,20,1.54,3.3,"3. 2-4 weeks",Other
SET340-KR-NP-XXL,SET340,Set,XXL,6,Set,6,8,0.62,9.8,"4. 4-13 weeks",Other
SET340-KR-NP-XXXL,SET340,Set,3XL,7,Set,8,12,0.92,8.7,"4. 4-13 weeks",Other
SET341-KR-NP-L,SET341,Set,L,4,Set,5,20,1.54,3.3,"3. 2-4 weeks",Other
SET341-KR-NP-M,SET341,Set,M,3,Set,10,22,1.69,5.9,"4. 4-13 weeks",Other
SET341-KR-NP-S,SET341,Set,S,2,Set,25,20,1.54,16.3,"5. Over 13 weeks",Other
SET341-KR-NP-XL,SET341,Set,XL,5,Set,3,30,2.31,1.3,"2. Under 2 weeks","Best-seller (top 10%)"
SET341-KR-NP-XS,SET341,Set,XS,1,Set,53,10,0.77,68.9,"5. Over 13 weeks",Other
SET341-KR-NP-XXL,SET341,Set,XXL,6,Set,7,15,1.15,6.1,"4. 4-13 weeks",Other
SET341-KR-NP-XXXL,SET341,Set,3XL,7,Set,26,13,1.0,26.0,"5. Over 13 weeks",Other
SET342-KR-NP-N-L,SET342,Set,L,4,Set,,29,2.23,,"No stock record","Best-seller (top 10%)"
SET342-KR-NP-N-M,SET342,Set,M,3,Set,,32,2.46,,"No stock record","Best-seller (top 10%)"
SET342-KR-NP-N-S,SET342,Set,S,2,Set,,16,1.23,,"No stock record",Other
SET342-KR-NP-N-XL,SET342,Set,XL,5,Set,,39,3.0,,"No stock record","Best-seller (top 10%)"
SET342-KR-NP-N-XS,SET342,Set,XS,1,Set,,22,1.69,,"No stock record",Other
SET342-KR-NP-N-XXL,SET342,Set,XXL,6,Set,,16,1.23,,"No stock record",Other
SET342-KR-NP-N-XXXL,SET342,Set,3XL,7,Set,,17,1.31,,"No stock record",Other
SET343-KR-NP-L,SET343,Set,L,4,Set,4,35,2.69,1.5,"2. Under 2 weeks","Best-seller (top 10%)"
SET343-KR-NP-M,SET343,Set,M,3,Set,7,28,2.15,3.3,"3. 2-4 weeks",Other
SET343-KR-NP-S,SET343,Set,S,2,Set,45,11,0.85,53.2,"5. Over 13 weeks",Other
SET343-KR-NP-XL,SET343,Set,XL,5,Set,11,27,2.08,5.3,"4. 4-13 weeks",Other
SET343-KR-NP-XS,SET343,Set,XS,1,Set,11,14,1.08,10.2,"4. 4-13 weeks",Other
SET343-KR-NP-XXL,SET343,Set,XXL,6,Set,23,20,1.54,14.9,"5. Over 13 weeks",Other
SET343-KR-NP-XXXL,SET343,Set,3XL,7,Set,4,21,1.62,2.5,"3. 2-4 weeks",Other
SET344-KR-NP-L,SET344,Set,L,4,Set,3,41,3.15,1.0,"2. Under 2 weeks","Best-seller (top 10%)"
SET344-KR-NP-M,SET344,Set,M,3,Set,6,36,2.77,2.2,"3. 2-4 weeks","Best-seller (top 10%)"
SET344-KR-NP-S,SET344,Set,S,2,Set,17,19,1.46,11.6,"4. 4-13 weeks",Other
SET344-KR-NP-XL,SET344,Set,XL,5,Set,1,35,2.69,0.4,"2. Under 2 weeks","Best-seller (top 10%)"
SET344-KR-NP-XS,SET344,Set,XS,1,Set,23,19,1.46,15.7,"5. Over 13 weeks",Other
SET344-KR-NP-XXL,SET344,Set,XXL,6,Set,1,51,3.92,0.3,"2. Under 2 weeks","Best-seller (top 10%)"
SET344-KR-NP-XXXL,SET344,Set,3XL,7,Set,0,29,2.23,0.0,"1. Out of stock","Best-seller (top 10%)"
SET345-KR-NP-L,SET345,Set,L,4,Set,34,168,12.92,2.6,"3. 2-4 weeks","Best-seller (top 10%)"
SET345-KR-NP-M,SET345,Set,M,3,Set,49,229,17.62,2.8,"3. 2-4 weeks","Best-seller (top 10%)"
SET345-KR-NP-S,SET345,Set,S,2,Set,266,166,12.77,20.8,"5. Over 13 weeks","Best-seller (top 10%)"
SET345-KR-NP-XL,SET345,Set,XL,5,Set,74,153,11.77,6.3,"4. 4-13 weeks","Best-seller (top 10%)"
SET345-KR-NP-XS,SET345,Set,XS,1,Set,86,110,8.46,10.2,"4. 4-13 weeks","Best-seller (top 10%)"
SET345-KR-NP-XXL,SET345,Set,XXL,6,Set,54,128,9.85,5.5,"4. 4-13 weeks","Best-seller (top 10%)"
SET345-KR-NP-XXXL,SET345,Set,3XL,7,Set,17,91,7.0,2.4,"3. 2-4 weeks","Best-seller (top 10%)"
SET346-KR-PP-L,SET346,Set,L,4,Set,38,4,0.31,123.5,"5. Over 13 weeks",Other
SET346-KR-PP-M,SET346,Set,M,3,Set,50,5,0.38,130.0,"5. Over 13 weeks",Other
SET346-KR-PP-S,SET346,Set,S,2,Set,56,3,0.23,242.7,"5. Over 13 weeks",Other
SET346-KR-PP-XL,SET346,Set,XL,5,Set,35,14,1.08,32.5,"5. Over 13 weeks",Other
SET346-KR-PP-XS,SET346,Set,XS,1,Set,59,3,0.23,255.7,"5. Over 13 weeks",Other
SET346-KR-PP-XXL,SET346,Set,XXL,6,Set,53,7,0.54,98.4,"5. Over 13 weeks",Other
SET346-KR-PP-XXXL,SET346,Set,3XL,7,Set,57,5,0.38,148.2,"5. Over 13 weeks",Other
SET347-KR-NP-L,SET347,Set,L,4,Set,3,27,2.08,1.4,"2. Under 2 weeks",Other
SET347-KR-NP-M,SET347,Set,M,3,Set,4,27,2.08,1.9,"2. Under 2 weeks",Other
SET347-KR-NP-S,SET347,Set,S,2,Set,4,48,3.69,1.1,"2. Under 2 weeks","Best-seller (top 10%)"
SET347-KR-NP-XL,SET347,Set,XL,5,Set,3,26,2.0,1.5,"2. Under 2 weeks",Other
SET347-KR-NP-XS,SET347,Set,XS,1,Set,6,52,4.0,1.5,"2. Under 2 weeks","Best-seller (top 10%)"
SET347-KR-NP-XXL,SET347,Set,XXL,6,Set,4,19,1.46,2.7,"3. 2-4 weeks",Other
SET347-KR-NP-XXXL,SET347,Set,3XL,7,Set,4,12,0.92,4.3,"4. 4-13 weeks",Other
SET348-KR-NP-L,SET348,Set,L,4,Set,10,43,3.31,3.0,"3. 2-4 weeks","Best-seller (top 10%)"
SET348-KR-NP-M,SET348,Set,M,3,Set,15,47,3.62,4.1,"4. 4-13 weeks","Best-seller (top 10%)"
SET348-KR-NP-S,SET348,Set,S,2,Set,37,18,1.38,26.7,"5. Over 13 weeks",Other
SET348-KR-NP-XL,SET348,Set,XL,5,Set,6,40,3.08,1.9,"2. Under 2 weeks","Best-seller (top 10%)"
SET348-KR-NP-XS,SET348,Set,XS,1,Set,4,18,1.38,2.9,"3. 2-4 weeks",Other
SET348-KR-NP-XXL,SET348,Set,XXL,6,Set,5,33,2.54,2.0,"2. Under 2 weeks","Best-seller (top 10%)"
SET348-KR-NP-XXXL,SET348,Set,3XL,7,Set,2,24,1.85,1.1,"2. Under 2 weeks",Other
SET349-KR-NP-L,SET349,Set,L,4,Set,3,17,1.31,2.3,"3. 2-4 weeks",Other
SET349-KR-NP-M,SET349,Set,M,3,Set,3,18,1.38,2.2,"3. 2-4 weeks",Other
SET349-KR-NP-S,SET349,Set,S,2,Set,9,24,1.85,4.9,"4. 4-13 weeks",Other
SET349-KR-NP-XL,SET349,Set,XL,5,Set,3,28,2.15,1.4,"2. Under 2 weeks","Best-seller (top 10%)"
SET349-KR-NP-XS,SET349,Set,XS,1,Set,16,20,1.54,10.4,"4. 4-13 weeks",Other
SET349-KR-NP-XXL,SET349,Set,XXL,6,Set,3,31,2.38,1.3,"2. Under 2 weeks","Best-seller (top 10%)"
SET349-KR-NP-XXXL,SET349,Set,3XL,7,Set,3,38,2.92,1.0,"2. Under 2 weeks","Best-seller (top 10%)"
SET350-KR-NP-L,SET350,Set,L,4,Set,7,58,4.46,1.6,"2. Under 2 weeks","Best-seller (top 10%)"
SET350-KR-NP-M,SET350,Set,M,3,Set,5,45,3.46,1.4,"2. Under 2 weeks","Best-seller (top 10%)"
SET350-KR-NP-S,SET350,Set,S,2,Set,34,24,1.85,18.4,"5. Over 13 weeks","Best-seller (top 10%)"
SET350-KR-NP-XL,SET350,Set,XL,5,Set,5,49,3.77,1.3,"2. Under 2 weeks","Best-seller (top 10%)"
SET350-KR-NP-XS,SET350,Set,XS,1,Set,23,22,1.69,13.6,"5. Over 13 weeks","Best-seller (top 10%)"
SET350-KR-NP-XXL,SET350,Set,XXL,6,Set,56,22,1.69,33.1,"5. Over 13 weeks","Best-seller (top 10%)"
SET350-KR-NP-XXXL,SET350,Set,3XL,7,Set,6,33,2.54,2.4,"3. 2-4 weeks","Best-seller (top 10%)"
SET351-KR-NP-L,SET351,Set,L,4,Set,19,23,1.77,10.7,"4. 4-13 weeks",Other
SET351-KR-NP-M,SET351,Set,M,3,Set,30,23,1.77,17.0,"5. Over 13 weeks",Other
SET351-KR-NP-S,SET351,Set,S,2,Set,34,14,1.08,31.6,"5. Over 13 weeks",Other
SET351-KR-NP-XL,SET351,Set,XL,5,Set,13,21,1.62,8.0,"4. 4-13 weeks",Other
SET351-KR-NP-XS,SET351,Set,XS,1,Set,38,7,0.54,70.6,"5. Over 13 weeks",Other
SET351-KR-NP-XXL,SET351,Set,XXL,6,Set,11,12,0.92,11.9,"4. 4-13 weeks",Other
SET351-KR-NP-XXXL,SET351,Set,3XL,7,Set,6,9,0.69,8.7,"4. 4-13 weeks",Other
SET352-KR-NP-L,SET352,Set,L,4,Set,32,4,0.31,104.0,"5. Over 13 weeks",Other
SET352-KR-NP-M,SET352,Set,M,3,Set,42,4,0.31,136.5,"5. Over 13 weeks",Other
SET352-KR-NP-S,SET352,Set,S,2,Set,50,4,0.31,162.5,"5. Over 13 weeks",Other
SET352-KR-NP-XL,SET352,Set,XL,5,Set,25,5,0.38,65.0,"5. Over 13 weeks",Other
SET352-KR-NP-XXL,SET352,Set,XXL,6,Set,41,3,0.23,177.7,"5. Over 13 weeks",Other
SET352-KR-NP-XXXL,SET352,Set,3XL,7,Set,30,8,0.62,48.8,"5. Over 13 weeks",Other
SET353-KR-NP-L,SET353,Set,L,4,Set,73,9,0.69,105.4,"5. Over 13 weeks",Other
SET353-KR-NP-M,SET353,Set,M,3,Set,87,2,0.15,565.5,"5. Over 13 weeks",Other
SET353-KR-NP-S,SET353,Set,S,2,Set,42,7,0.54,78.0,"5. Over 13 weeks",Other
SET353-KR-NP-XL,SET353,Set,XL,5,Set,82,2,0.15,533.0,"5. Over 13 weeks",Other
SET353-KR-NP-XS,SET353,Set,XS,1,Set,23,1,0.08,299.0,"5. Over 13 weeks",Other
SET353-KR-NP-XXL,SET353,Set,XXL,6,Set,54,2,0.15,351.0,"5. Over 13 weeks",Other
SET353-KR-NP-XXXL,SET353,Set,3XL,7,Set,25,6,0.46,54.2,"5. Over 13 weeks",Other
SET355-KR-PP-L,SET355,Set,L,4,Set,0,13,1.0,0.0,"1. Out of stock",Other
SET355-KR-PP-M,SET355,Set,M,3,Set,2,16,1.23,1.6,"2. Under 2 weeks",Other
SET355-KR-PP-S,SET355,Set,S,2,Set,13,27,2.08,6.3,"4. 4-13 weeks","Best-seller (top 10%)"
SET355-KR-PP-XL,SET355,Set,XL,5,Set,3,17,1.31,2.3,"3. 2-4 weeks",Other
SET355-KR-PP-XS,SET355,Set,XS,1,Set,3,19,1.46,2.1,"3. 2-4 weeks","Best-seller (top 10%)"
SET355-KR-PP-XXL,SET355,Set,XXL,6,Set,3,20,1.54,1.9,"2. Under 2 weeks","Best-seller (top 10%)"
SET355-KR-PP-XXXL,SET355,Set,3XL,7,Set,12,17,1.31,9.2,"4. 4-13 weeks",Other
SET356-KR-NP-L,SET356,Set,L,4,Set,3,28,2.15,1.4,"2. Under 2 weeks","Best-seller (top 10%)"
SET356-KR-NP-M,SET356,Set,M,3,Set,2,28,2.15,0.9,"2. Under 2 weeks","Best-seller (top 10%)"
SET356-KR-NP-S,SET356,Set,S,2,Set,17,24,1.85,9.2,"4. 4-13 weeks","Best-seller (top 10%)"
SET356-KR-NP-XL,SET356,Set,XL,5,Set,4,32,2.46,1.6,"2. Under 2 weeks","Best-seller (top 10%)"
SET356-KR-NP-XS,SET356,Set,XS,1,Set,14,27,2.08,6.7,"4. 4-13 weeks","Best-seller (top 10%)"
SET356-KR-NP-XXL,SET356,Set,XXL,6,Set,3,26,2.0,1.5,"2. Under 2 weeks","Best-seller (top 10%)"
SET356-KR-NP-XXXL,SET356,Set,3XL,7,Set,3,35,2.69,1.1,"2. Under 2 weeks","Best-seller (top 10%)"
SET357-KR-NP-L,SET357,Set,L,4,Set,2,60,4.62,0.4,"2. Under 2 weeks","Best-seller (top 10%)"
SET357-KR-NP-M,SET357,Set,M,3,Set,2,48,3.69,0.5,"2. Under 2 weeks","Best-seller (top 10%)"
SET357-KR-NP-S,SET357,Set,S,2,Set,1,39,3.0,0.3,"2. Under 2 weeks","Best-seller (top 10%)"
SET357-KR-NP-XL,SET357,Set,XL,5,Set,3,41,3.15,1.0,"2. Under 2 weeks","Best-seller (top 10%)"
SET357-KR-NP-XS,SET357,Set,XS,1,Set,3,29,2.23,1.3,"2. Under 2 weeks",Other
SET357-KR-NP-XXL,SET357,Set,XXL,6,Set,11,34,2.62,4.2,"4. 4-13 weeks","Best-seller (top 10%)"
SET357-KR-NP-XXXL,SET357,Set,3XL,7,Set,16,33,2.54,6.3,"4. 4-13 weeks","Best-seller (top 10%)"
SET358-KR-NP-L,SET358,Set,L,4,Set,2,4,0.31,6.5,"4. 4-13 weeks",Other
SET358-KR-NP-M,SET358,Set,M,3,Set,1,13,1.0,1.0,"2. Under 2 weeks",Other
SET358-KR-NP-S,SET358,Set,S,2,Set,18,11,0.85,21.3,"5. Over 13 weeks",Other
SET358-KR-NP-XL,SET358,Set,XL,5,Set,1,1,0.08,13.0,"5. Over 13 weeks",Other
SET358-KR-NP-XS,SET358,Set,XS,1,Set,14,9,0.69,20.2,"5. Over 13 weeks",Other
SET358-KR-NP-XXL,SET358,Set,XXL,6,Set,2,6,0.46,4.3,"4. 4-13 weeks",Other
SET358-KR-NP-XXXL,SET358,Set,3XL,7,Set,4,14,1.08,3.7,"3. 2-4 weeks",Other
SET359-KR-NP-L,SET359,Set,L,4,Set,4,24,1.85,2.2,"3. 2-4 weeks",Other
SET359-KR-NP-M,SET359,Set,M,3,Set,12,13,1.0,12.0,"4. 4-13 weeks",Other
SET359-KR-NP-S,SET359,Set,S,2,Set,32,6,0.46,69.3,"5. Over 13 weeks",Other
SET359-KR-NP-XL,SET359,Set,XL,5,Set,10,16,1.23,8.1,"4. 4-13 weeks",Other
SET359-KR-NP-XS,SET359,Set,XS,1,Set,30,4,0.31,97.5,"5. Over 13 weeks",Other
SET359-KR-NP-XXL,SET359,Set,XXL,6,Set,13,12,0.92,14.1,"5. Over 13 weeks",Other
SET359-KR-NP-XXXL,SET359,Set,3XL,7,Set,6,20,1.54,3.9,"3. 2-4 weeks",Other
SET360-KR-NP-L,SET360,Set,L,4,Set,5,27,2.08,2.4,"3. 2-4 weeks","Best-seller (top 10%)"
SET360-KR-NP-M,SET360,Set,M,3,Set,5,11,0.85,5.9,"4. 4-13 weeks",Other
SET360-KR-NP-S,SET360,Set,S,2,Set,13,14,1.08,12.1,"4. 4-13 weeks",Other
SET360-KR-NP-XL,SET360,Set,XL,5,Set,1,30,2.31,0.4,"2. Under 2 weeks","Best-seller (top 10%)"
SET360-KR-NP-XS,SET360,Set,XS,1,Set,15,3,0.23,65.0,"5. Over 13 weeks",Other
SET360-KR-NP-XXL,SET360,Set,XXL,6,Set,6,27,2.08,2.9,"3. 2-4 weeks","Best-seller (top 10%)"
SET360-KR-NP-XXXL,SET360,Set,3XL,7,Set,7,27,2.08,3.4,"3. 2-4 weeks","Best-seller (top 10%)"
SET361-KR-NP-L,SET361,Set,L,4,Set,0,1,0.08,0.0,"1. Out of stock",Other
SET361-KR-NP-M,SET361,Set,M,3,Set,2,12,0.92,2.2,"3. 2-4 weeks",Other
SET361-KR-NP-S,SET361,Set,S,2,Set,1,22,1.69,0.6,"2. Under 2 weeks","Best-seller (top 10%)"
SET361-KR-NP-XS,SET361,Set,XS,1,Set,6,16,1.23,4.9,"4. 4-13 weeks",Other
SET363-KR-NP-L,SET363,Set,L,4,Set,0,39,3.0,0.0,"1. Out of stock","Best-seller (top 10%)"
SET363-KR-NP-M,SET363,Set,M,3,Set,0,31,2.38,0.0,"1. Out of stock","Best-seller (top 10%)"
SET363-KR-NP-S,SET363,Set,S,2,Set,4,34,2.62,1.5,"2. Under 2 weeks","Best-seller (top 10%)"
SET363-KR-NP-XL,SET363,Set,XL,5,Set,3,44,3.38,0.9,"2. Under 2 weeks","Best-seller (top 10%)"
SET363-KR-NP-XS,SET363,Set,XS,1,Set,7,26,2.0,3.5,"3. 2-4 weeks","Best-seller (top 10%)"
SET363-KR-NP-XXL,SET363,Set,XXL,6,Set,2,57,4.38,0.5,"2. Under 2 weeks","Best-seller (top 10%)"
SET363-KR-NP-XXXL,SET363,Set,3XL,7,Set,4,42,3.23,1.2,"2. Under 2 weeks","Best-seller (top 10%)"
SET364-KR-NP-L,SET364,Set,L,4,Set,3,32,2.46,1.2,"2. Under 2 weeks","Best-seller (top 10%)"
SET364-KR-NP-M,SET364,Set,M,3,Set,6,34,2.62,2.3,"3. 2-4 weeks","Best-seller (top 10%)"
SET364-KR-NP-S,SET364,Set,S,2,Set,13,18,1.38,9.4,"4. 4-13 weeks",Other
SET364-KR-NP-XL,SET364,Set,XL,5,Set,2,26,2.0,1.0,"2. Under 2 weeks","Best-seller (top 10%)"
SET364-KR-NP-XS,SET364,Set,XS,1,Set,4,10,0.77,5.2,"4. 4-13 weeks",Other
SET364-KR-NP-XXL,SET364,Set,XXL,6,Set,8,38,2.92,2.7,"3. 2-4 weeks","Best-seller (top 10%)"
SET364-KR-NP-XXXL,SET364,Set,3XL,7,Set,1,2,0.15,6.5,"4. 4-13 weeks",Other
SET365-KR-NP-L,SET365,Set,L,4,Set,7,23,1.77,4.0,"3. 2-4 weeks",Other
SET365-KR-NP-M,SET365,Set,M,3,Set,3,27,2.08,1.4,"2. Under 2 weeks","Best-seller (top 10%)"
SET365-KR-NP-S,SET365,Set,S,2,Set,8,12,0.92,8.7,"4. 4-13 weeks",Other
SET365-KR-NP-XL,SET365,Set,XL,5,Set,2,3,0.23,8.7,"4. 4-13 weeks",Other
SET365-KR-NP-XS,SET365,Set,XS,1,Set,13,6,0.46,28.2,"5. Over 13 weeks",Other
SET365-KR-NP-XXL,SET365,Set,XXL,6,Set,3,21,1.62,1.9,"2. Under 2 weeks",Other
SET365-KR-NP-XXXL,SET365,Set,3XL,7,Set,4,7,0.54,7.4,"4. 4-13 weeks",Other
SET366-KR-NP-L,SET366,Set,L,4,Set,33,14,1.08,30.6,"5. Over 13 weeks",Other
SET366-KR-NP-M,SET366,Set,M,3,Set,33,11,0.85,39.0,"5. Over 13 weeks",Other
SET366-KR-NP-S,SET366,Set,S,2,Set,11,18,1.38,7.9,"4. 4-13 weeks",Other
SET366-KR-NP-XL,SET366,Set,XL,5,Set,31,6,0.46,67.2,"5. Over 13 weeks",Other
SET366-KR-NP-XS,SET366,Set,XS,1,Set,14,22,1.69,8.3,"4. 4-13 weeks","Best-seller (top 10%)"
SET366-KR-NP-XXL,SET366,Set,XXL,6,Set,3,27,2.08,1.4,"2. Under 2 weeks","Best-seller (top 10%)"
SET366-KR-NP-XXXL,SET366,Set,3XL,7,Set,28,13,1.0,28.0,"5. Over 13 weeks",Other
SET369-KR-NP-L,SET369,Set,L,4,Set,39,12,0.92,42.3,"5. Over 13 weeks",Other
SET369-KR-NP-M,SET369,Set,M,3,Set,20,10,0.77,26.0,"5. Over 13 weeks",Other
SET369-KR-NP-S,SET369,Set,S,2,Set,10,18,1.38,7.2,"4. 4-13 weeks",Other
SET369-KR-NP-XL,SET369,Set,XL,5,Set,23,8,0.62,37.4,"5. Over 13 weeks",Other
SET369-KR-NP-XS,SET369,Set,XS,1,Set,0,7,0.54,0.0,"1. Out of stock",Other
SET369-KR-NP-XXL,SET369,Set,XXL,6,Set,4,38,2.92,1.4,"2. Under 2 weeks","Best-seller (top 10%)"
SET369-KR-NP-XXXL,SET369,Set,3XL,7,Set,4,14,1.08,3.7,"3. 2-4 weeks",Other
SET372-KR-PP-L,SET372,Set,L,4,Set,42,1,0.08,546.0,"5. Over 13 weeks",Other
SET372-KR-PP-M,SET372,Set,M,3,Set,40,1,0.08,520.0,"5. Over 13 weeks",Other
SET372-KR-PP-S,SET372,Set,S,2,Set,55,1,0.08,715.0,"5. Over 13 weeks",Other
SET372-KR-PP-XL,SET372,Set,XL,5,Set,40,2,0.15,260.0,"5. Over 13 weeks",Other
SET372-KR-PP-XS,SET372,Set,XS,1,Set,64,1,0.08,832.0,"5. Over 13 weeks",Other
SET372-KR-PP-XXL,SET372,Set,XXL,6,Set,46,1,0.08,598.0,"5. Over 13 weeks",Other
SET372-KR-PP-XXXL,SET372,Set,3XL,7,Set,33,4,0.31,107.3,"5. Over 13 weeks",Other
SET373-KR-PP-L,SET373,Set,L,4,Set,51,1,0.08,663.0,"5. Over 13 weeks",Other
SET373-KR-PP-M,SET373,Set,M,3,Set,47,2,0.15,305.5,"5. Over 13 weeks",Other
SET373-KR-PP-S,SET373,Set,S,2,Set,61,2,0.15,396.5,"5. Over 13 weeks",Other
SET373-KR-PP-XL,SET373,Set,XL,5,Set,38,4,0.31,123.5,"5. Over 13 weeks",Other
SET373-KR-PP-XS,SET373,Set,XS,1,Set,66,1,0.08,858.0,"5. Over 13 weeks",Other
SET373-KR-PP-XXL,SET373,Set,XXL,6,Set,55,2,0.15,357.5,"5. Over 13 weeks",Other
SET373-KR-PP-XXXL,SET373,Set,3XL,7,Set,52,2,0.15,338.0,"5. Over 13 weeks",Other
SET374-KR-NP-L,SET374,Set,L,4,Set,53,117,9.0,5.9,"4. 4-13 weeks","Best-seller (top 10%)"
SET374-KR-NP-M,SET374,Set,M,3,Set,41,100,7.69,5.3,"4. 4-13 weeks","Best-seller (top 10%)"
SET374-KR-NP-S,SET374,Set,S,2,Set,34,90,6.92,4.9,"4. 4-13 weeks","Best-seller (top 10%)"
SET374-KR-NP-XL,SET374,Set,XL,5,Set,38,98,7.54,5.0,"4. 4-13 weeks","Best-seller (top 10%)"
SET374-KR-NP-XS,SET374,Set,XS,1,Set,22,80,6.15,3.6,"3. 2-4 weeks","Best-seller (top 10%)"
SET374-KR-NP-XXL,SET374,Set,XXL,6,Set,40,75,5.77,6.9,"4. 4-13 weeks","Best-seller (top 10%)"
SET374-KR-NP-XXXL,SET374,Set,3XL,7,Set,23,63,4.85,4.7,"4. 4-13 weeks","Best-seller (top 10%)"
SET375-KR-NP-L,SET375,Set,L,4,Set,8,23,1.77,4.5,"4. 4-13 weeks",Other
SET375-KR-NP-M,SET375,Set,M,3,Set,4,18,1.38,2.9,"3. 2-4 weeks",Other
SET375-KR-NP-S,SET375,Set,S,2,Set,8,21,1.62,5.0,"4. 4-13 weeks",Other
SET375-KR-NP-XL,SET375,Set,XL,5,Set,7,27,2.08,3.4,"3. 2-4 weeks",Other
SET375-KR-NP-XS,SET375,Set,XS,1,Set,14,9,0.69,20.2,"5. Over 13 weeks",Other
SET375-KR-NP-XXL,SET375,Set,XXL,6,Set,39,12,0.92,42.3,"5. Over 13 weeks",Other
SET375-KR-NP-XXXL,SET375,Set,3XL,7,Set,11,23,1.77,6.2,"4. 4-13 weeks",Other
SET376-KR-NP-L,SET376,Set,L,4,Set,9,10,0.77,11.7,"4. 4-13 weeks",Other
SET376-KR-NP-M,SET376,Set,M,3,Set,10,8,0.62,16.3,"5. Over 13 weeks",Other
SET376-KR-NP-S,SET376,Set,S,2,Set,11,8,0.62,17.9,"5. Over 13 weeks",Other
SET376-KR-NP-XL,SET376,Set,XL,5,Set,27,5,0.38,70.2,"5. Over 13 weeks",Other
SET376-KR-NP-XS,SET376,Set,XS,1,Set,11,11,0.85,13.0,"5. Over 13 weeks",Other
SET376-KR-NP-XXL,SET376,Set,XXL,6,Set,46,3,0.23,199.3,"5. Over 13 weeks",Other
SET376-KR-NP-XXXL,SET376,Set,3XL,7,Set,30,8,0.62,48.8,"5. Over 13 weeks",Other
SET377-KR-NP-L,SET377,Set,L,4,Set,1,14,1.08,0.9,"2. Under 2 weeks",Other
SET377-KR-NP-M,SET377,Set,M,3,Set,2,11,0.85,2.4,"3. 2-4 weeks",Other
SET377-KR-NP-S,SET377,Set,S,2,Set,2,34,2.62,0.8,"2. Under 2 weeks","Best-seller (top 10%)"
SET377-KR-NP-XL,SET377,Set,XL,5,Set,2,14,1.08,1.9,"2. Under 2 weeks",Other
SET377-KR-NP-XS,SET377,Set,XS,1,Set,3,32,2.46,1.2,"2. Under 2 weeks","Best-seller (top 10%)"
SET377-KR-NP-XXL,SET377,Set,XXL,6,Set,5,27,2.08,2.4,"3. 2-4 weeks","Best-seller (top 10%)"
SET377-KR-NP-XXXL,SET377,Set,3XL,7,Set,3,21,1.62,1.9,"2. Under 2 weeks",Other
SET378-KR-NP-L,SET378,Set,L,4,Set,1,17,1.31,0.8,"2. Under 2 weeks",Other
SET378-KR-NP-M,SET378,Set,M,3,Set,3,13,1.0,3.0,"3. 2-4 weeks",Other
SET378-KR-NP-S,SET378,Set,S,2,Set,1,24,1.85,0.5,"2. Under 2 weeks","Best-seller (top 10%)"
SET378-KR-NP-XL,SET378,Set,XL,5,Set,3,9,0.69,4.3,"4. 4-13 weeks",Other
SET378-KR-NP-XS,SET378,Set,XS,1,Set,1,19,1.46,0.7,"2. Under 2 weeks","Best-seller (top 10%)"
SET378-KR-NP-XXL,SET378,Set,XXL,6,Set,5,22,1.69,3.0,"3. 2-4 weeks","Best-seller (top 10%)"
SET378-KR-NP-XXXL,SET378,Set,3XL,7,Set,2,11,0.85,2.4,"3. 2-4 weeks",Other
SET380-KR-NP-L,SET380,Set,L,4,Set,3,11,0.85,3.5,"3. 2-4 weeks",Other
SET380-KR-NP-M,SET380,Set,M,3,Set,5,23,1.77,2.8,"3. 2-4 weeks",Other
SET380-KR-NP-S,SET380,Set,S,2,Set,9,22,1.69,5.3,"4. 4-13 weeks",Other
SET380-KR-NP-XL,SET380,Set,XL,5,Set,2,11,0.85,2.4,"3. 2-4 weeks",Other
SET380-KR-NP-XS,SET380,Set,XS,1,Set,11,12,0.92,11.9,"4. 4-13 weeks",Other
SET380-KR-NP-XXL,SET380,Set,XXL,6,Set,2,13,1.0,2.0,"3. 2-4 weeks",Other
SET380-KR-NP-XXXL,SET380,Set,3XL,7,Set,6,14,1.08,5.6,"4. 4-13 weeks",Other
SET383-KR-NP-L,SET383,Set,L,4,Set,4,47,3.62,1.1,"2. Under 2 weeks","Best-seller (top 10%)"
SET383-KR-NP-M,SET383,Set,M,3,Set,3,34,2.62,1.1,"2. Under 2 weeks",Other
SET383-KR-NP-S,SET383,Set,S,2,Set,42,10,0.77,54.6,"5. Over 13 weeks",Other
SET383-KR-NP-XL,SET383,Set,XL,5,Set,3,20,1.54,1.9,"2. Under 2 weeks",Other
SET383-KR-NP-XS,SET383,Set,XS,1,Set,48,4,0.31,156.0,"5. Over 13 weeks",Other
SET383-KR-NP-XXL,SET383,Set,XXL,6,Set,7,37,2.85,2.5,"3. 2-4 weeks",Other
SET383-KR-NP-XXXL,SET383,Set,3XL,7,Set,5,23,1.77,2.8,"3. 2-4 weeks",Other
SET384-KR-NP-L,SET384,Set,L,4,Set,9,8,0.62,14.6,"5. Over 13 weeks",Other
SET384-KR-NP-M,SET384,Set,M,3,Set,6,11,0.85,7.1,"4. 4-13 weeks",Other
SET384-KR-NP-S,SET384,Set,S,2,Set,48,8,0.62,78.0,"5. Over 13 weeks",Other
SET384-KR-NP-XL,SET384,Set,XL,5,Set,11,12,0.92,11.9,"4. 4-13 weeks",Other
SET384-KR-NP-XS,SET384,Set,XS,1,Set,57,2,0.15,370.5,"5. Over 13 weeks",Other
SET384-KR-NP-XXL,SET384,Set,XXL,6,Set,8,10,0.77,10.4,"4. 4-13 weeks",Other
SET384-KR-NP-XXXL,SET384,Set,3XL,7,Set,5,16,1.23,4.1,"4. 4-13 weeks",Other
SET385-KR-NP-L,SET385,Set,L,4,Set,5,21,1.62,3.1,"3. 2-4 weeks",Other
SET385-KR-NP-M,SET385,Set,M,3,Set,3,34,2.62,1.1,"2. Under 2 weeks",Other
SET385-KR-NP-S,SET385,Set,S,2,Set,26,9,0.69,37.6,"5. Over 13 weeks",Other
SET385-KR-NP-XL,SET385,Set,XL,5,Set,3,27,2.08,1.4,"2. Under 2 weeks",Other
SET385-KR-NP-XS,SET385,Set,XS,1,Set,35,4,0.31,113.8,"5. Over 13 weeks",Other
SET385-KR-NP-XXL,SET385,Set,XXL,6,Set,8,16,1.23,6.5,"4. 4-13 weeks",Other
SET385-KR-NP-XXXL,SET385,Set,3XL,7,Set,2,17,1.31,1.5,"2. Under 2 weeks",Other
SET386-KR-NP-L,SET386,Set,L,4,Set,4,30,2.31,1.7,"2. Under 2 weeks",Other
SET386-KR-NP-M,SET386,Set,M,3,Set,2,22,1.69,1.2,"2. Under 2 weeks",Other
SET386-KR-NP-S,SET386,Set,S,2,Set,26,16,1.23,21.1,"5. Over 13 weeks",Other
SET386-KR-NP-XL,SET386,Set,XL,5,Set,3,7,0.54,5.6,"4. 4-13 weeks",Other
SET386-KR-NP-XS,SET386,Set,XS,1,Set,43,12,0.92,46.6,"5. Over 13 weeks",Other
SET386-KR-NP-XXL,SET386,Set,XXL,6,Set,2,25,1.92,1.0,"2. Under 2 weeks",Other
SET386-KR-NP-XXXL,SET386,Set,3XL,7,Set,3,14,1.08,2.8,"3. 2-4 weeks",Other
SET388-KR-NP-L,SET388,Set,L,4,Set,0,12,0.92,0.0,"1. Out of stock",Other
SET388-KR-NP-M,SET388,Set,M,3,Set,0,2,0.15,0.0,"1. Out of stock",Other
SET388-KR-NP-S,SET388,Set,S,2,Set,0,15,1.15,0.0,"1. Out of stock",Other
SET388-KR-NP-XL,SET388,Set,XL,5,Set,2,15,1.15,1.7,"2. Under 2 weeks",Other
SET388-KR-NP-XS,SET388,Set,XS,1,Set,0,20,1.54,0.0,"1. Out of stock","Best-seller (top 10%)"
SET388-KR-NP-XXL,SET388,Set,XXL,6,Set,1,33,2.54,0.4,"2. Under 2 weeks","Best-seller (top 10%)"
SET388-KR-NP-XXXL,SET388,Set,3XL,7,Set,2,43,3.31,0.6,"2. Under 2 weeks","Best-seller (top 10%)"
SET389-KR-NP-L,SET389,Set,L,4,Set,2,39,3.0,0.7,"2. Under 2 weeks","Best-seller (top 10%)"
SET389-KR-NP-M,SET389,Set,M,3,Set,3,23,1.77,1.7,"2. Under 2 weeks",Other
SET389-KR-NP-S,SET389,Set,S,2,Set,32,27,2.08,15.4,"5. Over 13 weeks",Other
SET389-KR-NP-XL,SET389,Set,XL,5,Set,4,49,3.77,1.1,"2. Under 2 weeks","Best-seller (top 10%)"
SET389-KR-NP-XS,SET389,Set,XS,1,Set,49,14,1.08,45.5,"5. Over 13 weeks",Other
SET389-KR-NP-XXL,SET389,Set,XXL,6,Set,5,41,3.15,1.6,"2. Under 2 weeks","Best-seller (top 10%)"
SET389-KR-NP-XXXL,SET389,Set,3XL,7,Set,2,20,1.54,1.3,"2. Under 2 weeks",Other
SET390-KR-NP-L,SET390,Set,L,4,Set,2,13,1.0,2.0,"3. 2-4 weeks",Other
SET390-KR-NP-M,SET390,Set,M,3,Set,68,6,0.46,147.3,"5. Over 13 weeks",Other
SET390-KR-NP-S,SET390,Set,S,2,Set,61,1,0.08,793.0,"5. Over 13 weeks",Other
SET390-KR-NP-XL,SET390,Set,XL,5,Set,65,7,0.54,120.7,"5. Over 13 weeks",Other
SET390-KR-NP-XS,SET390,Set,XS,1,Set,38,4,0.31,123.5,"5. Over 13 weeks",Other
SET390-KR-NP-XXL,SET390,Set,XXL,6,Set,88,4,0.31,286.0,"5. Over 13 weeks",Other
SET390-KR-NP-XXXL,SET390,Set,3XL,7,Set,60,9,0.69,86.7,"5. Over 13 weeks",Other
SET392-KR-NP-L,SET392,Set,L,4,Set,3,55,4.23,0.7,"2. Under 2 weeks","Best-seller (top 10%)"
SET392-KR-NP-M,SET392,Set,M,3,Set,6,100,7.69,0.8,"2. Under 2 weeks","Best-seller (top 10%)"
SET392-KR-NP-S,SET392,Set,S,2,Set,5,56,4.31,1.2,"2. Under 2 weeks","Best-seller (top 10%)"
SET392-KR-NP-XL,SET392,Set,XL,5,Set,4,49,3.77,1.1,"2. Under 2 weeks","Best-seller (top 10%)"
SET392-KR-NP-XS,SET392,Set,XS,1,Set,4,36,2.77,1.4,"2. Under 2 weeks","Best-seller (top 10%)"
SET392-KR-NP-XXL,SET392,Set,XXL,6,Set,2,41,3.15,0.6,"2. Under 2 weeks","Best-seller (top 10%)"
SET392-KR-NP-XXXL,SET392,Set,3XL,7,Set,2,19,1.46,1.4,"2. Under 2 weeks",Other
SET393-KR-NP-L,SET393,Set,L,4,Set,3,27,2.08,1.4,"2. Under 2 weeks","Best-seller (top 10%)"
SET393-KR-NP-M,SET393,Set,M,3,Set,4,19,1.46,2.7,"3. 2-4 weeks",Other
SET393-KR-NP-S,SET393,Set,S,2,Set,6,43,3.31,1.8,"2. Under 2 weeks","Best-seller (top 10%)"
SET393-KR-NP-XL,SET393,Set,XL,5,Set,3,15,1.15,2.6,"3. 2-4 weeks",Other
SET393-KR-NP-XS,SET393,Set,XS,1,Set,6,55,4.23,1.4,"2. Under 2 weeks","Best-seller (top 10%)"
SET393-KR-NP-XXL,SET393,Set,XXL,6,Set,2,41,3.15,0.6,"2. Under 2 weeks","Best-seller (top 10%)"
SET393-KR-NP-XXXL,SET393,Set,3XL,7,Set,4,50,3.85,1.0,"2. Under 2 weeks","Best-seller (top 10%)"
SET394-KR-NP-L,SET394,Set,L,4,Set,2,21,1.62,1.2,"2. Under 2 weeks","Best-seller (top 10%)"
SET394-KR-NP-M,SET394,Set,M,3,Set,1,18,1.38,0.7,"2. Under 2 weeks",Other
SET394-KR-NP-S,SET394,Set,S,2,Set,4,25,1.92,2.1,"3. 2-4 weeks","Best-seller (top 10%)"
SET394-KR-NP-XL,SET394,Set,XL,5,Set,3,15,1.15,2.6,"3. 2-4 weeks",Other
SET394-KR-NP-XS,SET394,Set,XS,1,Set,4,26,2.0,2.0,"3. 2-4 weeks","Best-seller (top 10%)"
SET394-KR-NP-XXL,SET394,Set,XXL,6,Set,14,9,0.69,20.2,"5. Over 13 weeks",Other
SET394-KR-NP-XXXL,SET394,Set,3XL,7,Set,31,10,0.77,40.3,"5. Over 13 weeks",Other
SET395-KR-NP-L,SET395,Set,L,4,Set,44,13,1.0,44.0,"5. Over 13 weeks",Other
SET395-KR-NP-M,SET395,Set,M,3,Set,46,12,0.92,49.8,"5. Over 13 weeks",Other
SET395-KR-NP-S,SET395,Set,S,2,Set,78,2,0.15,507.0,"5. Over 13 weeks",Other
SET395-KR-NP-XL,SET395,Set,XL,5,Set,45,7,0.54,83.6,"5. Over 13 weeks",Other
SET395-KR-NP-XS,SET395,Set,XS,1,Set,59,7,0.54,109.6,"5. Over 13 weeks",Other
SET395-KR-NP-XXL,SET395,Set,XXL,6,Set,38,22,1.69,22.5,"5. Over 13 weeks",Other
SET395-KR-NP-XXXL,SET395,Set,3XL,7,Set,31,13,1.0,31.0,"5. Over 13 weeks",Other
SET396-KR-PP-L,SET396,Set,L,4,Set,9,32,2.46,3.7,"3. 2-4 weeks","Best-seller (top 10%)"
SET396-KR-PP-M,SET396,Set,M,3,Set,11,39,3.0,3.7,"3. 2-4 weeks","Best-seller (top 10%)"
SET396-KR-PP-S,SET396,Set,S,2,Set,60,14,1.08,55.7,"5. Over 13 weeks",Other
SET396-KR-PP-XL,SET396,Set,XL,5,Set,5,33,2.54,2.0,"2. Under 2 weeks","Best-seller (top 10%)"
SET396-KR-PP-XS,SET396,Set,XS,1,Set,59,9,0.69,85.2,"5. Over 13 weeks",Other
SET396-KR-PP-XXL,SET396,Set,XXL,6,Set,26,25,1.92,13.5,"5. Over 13 weeks","Best-seller (top 10%)"
SET396-KR-PP-XXXL,SET396,Set,3XL,7,Set,14,20,1.54,9.1,"4. 4-13 weeks",Other
"SET397-KR-NP  -M",SET397,Set,M,3,Set,,140,10.77,,"No stock record","Best-seller (top 10%)"
SET397-KR-NP-L,SET397,Set,L,4,Set,2,9,0.69,2.9,"3. 2-4 weeks",Other
SET397-KR-NP-S,SET397,Set,S,2,Set,3,102,7.85,0.4,"2. Under 2 weeks","Best-seller (top 10%)"
SET397-KR-NP-XL,SET397,Set,XL,5,Set,3,62,4.77,0.6,"2. Under 2 weeks","Best-seller (top 10%)"
SET397-KR-NP-XS,SET397,Set,XS,1,Set,6,63,4.85,1.2,"2. Under 2 weeks","Best-seller (top 10%)"
SET397-KR-NP-XXL,SET397,Set,XXL,6,Set,3,62,4.77,0.6,"2. Under 2 weeks","Best-seller (top 10%)"
SET397-KR-NP-XXXL,SET397,Set,3XL,7,Set,2,64,4.92,0.4,"2. Under 2 weeks","Best-seller (top 10%)"
SET398-KR-PP-L,SET398,Set,L,4,Set,2,51,3.92,0.5,"2. Under 2 weeks","Best-seller (top 10%)"
SET398-KR-PP-M,SET398,Set,M,3,Set,4,55,4.23,0.9,"2. Under 2 weeks","Best-seller (top 10%)"
SET398-KR-PP-S,SET398,Set,S,2,Set,14,55,4.23,3.3,"3. 2-4 weeks","Best-seller (top 10%)"
SET398-KR-PP-XL,SET398,Set,XL,5,Set,6,49,3.77,1.6,"2. Under 2 weeks","Best-seller (top 10%)"
SET398-KR-PP-XS,SET398,Set,XS,1,Set,12,29,2.23,5.4,"4. 4-13 weeks","Best-seller (top 10%)"
SET398-KR-PP-XXL,SET398,Set,XXL,6,Set,6,77,5.92,1.0,"2. Under 2 weeks","Best-seller (top 10%)"
SET398-KR-PP-XXXL,SET398,Set,3XL,7,Set,4,56,4.31,0.9,"2. Under 2 weeks","Best-seller (top 10%)"
SET400-KR-NP-L,SET400,Set,L,4,Set,14,31,2.38,5.9,"4. 4-13 weeks","Best-seller (top 10%)"
SET400-KR-NP-M,SET400,Set,M,3,Set,48,13,1.0,48.0,"5. Over 13 weeks",Other
SET400-KR-NP-S,SET400,Set,S,2,Set,73,9,0.69,105.4,"5. Over 13 weeks",Other
SET400-KR-NP-XL,SET400,Set,XL,5,Set,38,19,1.46,26.0,"5. Over 13 weeks",Other
SET400-KR-NP-XS,SET400,Set,XS,1,Set,57,5,0.38,148.2,"5. Over 13 weeks",Other
SET400-KR-NP-XXL,SET400,Set,XXL,6,Set,53,16,1.23,43.1,"5. Over 13 weeks",Other
SET400-KR-NP-XXXL,SET400,Set,3XL,7,Set,26,16,1.23,21.1,"5. Over 13 weeks",Other
SET401-KR-NP-L,SET401,Set,L,4,Set,2,30,2.31,0.9,"2. Under 2 weeks","Best-seller (top 10%)"
SET401-KR-NP-M,SET401,Set,M,3,Set,7,23,1.77,4.0,"3. 2-4 weeks","Best-seller (top 10%)"
SET401-KR-NP-S,SET401,Set,S,2,Set,14,11,0.85,16.5,"5. Over 13 weeks",Other
SET401-KR-NP-XL,SET401,Set,XL,5,Set,2,19,1.46,1.4,"2. Under 2 weeks",Other
SET401-KR-NP-XS,SET401,Set,XS,1,Set,37,4,0.31,120.3,"5. Over 13 weeks",Other
SET401-KR-NP-XXL,SET401,Set,XXL,6,Set,8,19,1.46,5.5,"4. 4-13 weeks",Other
SET401-KR-NP-XXXL,SET401,Set,3XL,7,Set,24,20,1.54,15.6,"5. Over 13 weeks",Other
SET402-KR-NP-L,SET402,Set,L,4,Set,6,39,3.0,2.0,"3. 2-4 weeks","Best-seller (top 10%)"
SET402-KR-NP-M,SET402,Set,M,3,Set,8,40,3.08,2.6,"3. 2-4 weeks","Best-seller (top 10%)"
SET402-KR-NP-S,SET402,Set,S,2,Set,28,20,1.54,18.2,"5. Over 13 weeks",Other
SET402-KR-NP-XL,SET402,Set,XL,5,Set,8,29,2.23,3.6,"3. 2-4 weeks","Best-seller (top 10%)"
SET402-KR-NP-XS,SET402,Set,XS,1,Set,61,5,0.38,158.6,"5. Over 13 weeks",Other
SET402-KR-NP-XXL,SET402,Set,XXL,6,Set,10,29,2.23,4.5,"4. 4-13 weeks","Best-seller (top 10%)"
SET402-KR-NP-XXXL,SET402,Set,3XL,7,Set,10,39,3.0,3.3,"3. 2-4 weeks","Best-seller (top 10%)"
SET403-KR-NP-L,SET403,Set,L,4,Set,44,6,0.46,95.3,"5. Over 13 weeks",Other
SET403-KR-NP-M,SET403,Set,M,3,Set,56,3,0.23,242.7,"5. Over 13 weeks",Other
SET403-KR-NP-S,SET403,Set,S,2,Set,51,3,0.23,221.0,"5. Over 13 weeks",Other
SET403-KR-NP-XL,SET403,Set,XL,5,Set,35,14,1.08,32.5,"5. Over 13 weeks",Other
SET403-KR-NP-XXL,SET403,Set,XXL,6,Set,53,4,0.31,172.3,"5. Over 13 weeks",Other
SET403-KR-NP-XXXL,SET403,Set,3XL,7,Set,43,3,0.23,186.3,"5. Over 13 weeks",Other
SET404-KR-NP-L,SET404,Set,L,4,Set,44,6,0.46,95.3,"5. Over 13 weeks",Other
SET404-KR-NP-M,SET404,Set,M,3,Set,61,4,0.31,198.3,"5. Over 13 weeks",Other
SET404-KR-NP-S,SET404,Set,S,2,Set,67,6,0.46,145.2,"5. Over 13 weeks",Other
SET404-KR-NP-XL,SET404,Set,XL,5,Set,55,5,0.38,143.0,"5. Over 13 weeks",Other
SET404-KR-NP-XS,SET404,Set,XS,1,Set,52,3,0.23,225.3,"5. Over 13 weeks",Other
SET404-KR-NP-XXL,SET404,Set,XXL,6,Set,49,6,0.46,106.2,"5. Over 13 weeks",Other
SET404-KR-NP-XXXL,SET404,Set,3XL,7,Set,43,5,0.38,111.8,"5. Over 13 weeks",Other
SET405-KR-NP-L,SET405,Set,L,4,Set,8,43,3.31,2.4,"3. 2-4 weeks","Best-seller (top 10%)"
SET405-KR-NP-M,SET405,Set,M,3,Set,6,45,3.46,1.7,"2. Under 2 weeks","Best-seller (top 10%)"
SET405-KR-NP-S,SET405,Set,S,2,Set,38,17,1.31,29.1,"5. Over 13 weeks",Other
SET405-KR-NP-XL,SET405,Set,XL,5,Set,17,40,3.08,5.5,"4. 4-13 weeks","Best-seller (top 10%)"
SET405-KR-NP-XS,SET405,Set,XS,1,Set,22,15,1.15,19.1,"5. Over 13 weeks",Other
SET405-KR-NP-XXL,SET405,Set,XXL,6,Set,29,17,1.31,22.2,"5. Over 13 weeks",Other
SET405-KR-NP-XXXL,SET405,Set,3XL,7,Set,53,19,1.46,36.3,"5. Over 13 weeks",Other
SET408-KR-NP-L,SET408,Set,L,4,Set,19,13,1.0,19.0,"5. Over 13 weeks",Other
SET408-KR-NP-M,SET408,Set,M,3,Set,2,23,1.77,1.1,"2. Under 2 weeks",Other
SET408-KR-NP-S,SET408,Set,S,2,Set,52,12,0.92,56.3,"5. Over 13 weeks",Other
SET408-KR-NP-XL,SET408,Set,XL,5,Set,16,24,1.85,8.7,"4. 4-13 weeks",Other
SET408-KR-NP-XS,SET408,Set,XS,1,Set,42,4,0.31,136.5,"5. Over 13 weeks",Other
SET408-KR-NP-XXL,SET408,Set,XXL,6,Set,33,10,0.77,42.9,"5. Over 13 weeks",Other
SET408-KR-NP-XXXL,SET408,Set,3XL,7,Set,3,32,2.46,1.2,"2. Under 2 weeks",Other
SET409-KR-NP-L,SET409,Set,L,4,Set,75,4,0.31,243.8,"5. Over 13 weeks",Other
SET409-KR-NP-M,SET409,Set,M,3,Set,64,4,0.31,208.0,"5. Over 13 weeks",Other
SET409-KR-NP-S,SET409,Set,S,2,Set,81,4,0.31,263.3,"5. Over 13 weeks",Other
SET409-KR-NP-XL,SET409,Set,XL,5,Set,73,3,0.23,316.3,"5. Over 13 weeks",Other
SET409-KR-NP-XS,SET409,Set,XS,1,Set,65,3,0.23,281.7,"5. Over 13 weeks",Other
SET409-KR-NP-XXL,SET409,Set,XXL,6,Set,74,,,,"No paid units",Other
SET409-KR-NP-XXXL,SET409,Set,3XL,7,Set,57,2,0.15,370.5,"5. Over 13 weeks",Other
SET410-KR-NP-L,SET410,Set,L,4,Set,23,7,0.54,42.7,"5. Over 13 weeks",Other
SET410-KR-NP-M,SET410,Set,M,3,Set,35,1,0.08,455.0,"5. Over 13 weeks",Other
SET410-KR-NP-S,SET410,Set,S,2,Set,36,1,0.08,468.0,"5. Over 13 weeks",Other
SET410-KR-NP-XL,SET410,Set,XL,5,Set,31,1,0.08,403.0,"5. Over 13 weeks",Other
SET410-KR-NP-XS,SET410,Set,XS,1,Set,42,3,0.23,182.0,"5. Over 13 weeks",Other
SET410-KR-NP-XXL,SET410,Set,XXL,6,Set,37,2,0.15,240.5,"5. Over 13 weeks",Other
SET410-KR-NP-XXXL,SET410,Set,3XL,7,Set,36,6,0.46,78.0,"5. Over 13 weeks",Other
SET413-KR-NP-L,SET413,Set,L,4,Set,8,15,1.15,6.9,"4. 4-13 weeks",Other
SET413-KR-NP-M,SET413,Set,M,3,Set,6,14,1.08,5.6,"4. 4-13 weeks",Other
SET413-KR-NP-S,SET413,Set,S,2,Set,21,13,1.0,21.0,"5. Over 13 weeks",Other
SET413-KR-NP-XL,SET413,Set,XL,5,Set,11,11,0.85,13.0,"5. Over 13 weeks",Other
SET413-KR-NP-XS,SET413,Set,XS,1,Set,7,8,0.62,11.4,"4. 4-13 weeks",Other
SET413-KR-NP-XXL,SET413,Set,XXL,6,Set,22,8,0.62,35.8,"5. Over 13 weeks",Other
SET413-KR-NP-XXXL,SET413,Set,3XL,7,Set,13,7,0.54,24.1,"5. Over 13 weeks",Other
SET414-KR-NP-L,SET414,Set,L,4,Set,45,5,0.38,117.0,"5. Over 13 weeks",Other
SET414-KR-NP-M,SET414,Set,M,3,Set,46,2,0.15,299.0,"5. Over 13 weeks",Other
SET414-KR-NP-S,SET414,Set,S,2,Set,59,2,0.15,383.5,"5. Over 13 weeks",Other
SET414-KR-NP-XL,SET414,Set,XL,5,Set,27,10,0.77,35.1,"5. Over 13 weeks",Other
SET414-KR-NP-XS,SET414,Set,XS,1,Set,48,4,0.31,156.0,"5. Over 13 weeks",Other
SET414-KR-NP-XXL,SET414,Set,XXL,6,Set,45,6,0.46,97.5,"5. Over 13 weeks",Other
SET414-KR-NP-XXXL,SET414,Set,3XL,7,Set,34,4,0.31,110.5,"5. Over 13 weeks",Other
SET415-KR-NP-L,SET415,Set,L,4,Set,31,9,0.69,44.8,"5. Over 13 weeks",Other
SET415-KR-NP-M,SET415,Set,M,3,Set,42,8,0.62,68.3,"5. Over 13 weeks",Other
SET415-KR-NP-S,SET415,Set,S,2,Set,60,1,0.08,780.0,"5. Over 13 weeks",Other
SET415-KR-NP-XL,SET415,Set,XL,5,Set,34,14,1.08,31.6,"5. Over 13 weeks",Other
SET415-KR-NP-XS,SET415,Set,XS,1,Set,49,5,0.38,127.4,"5. Over 13 weeks",Other
SET415-KR-NP-XXL,SET415,Set,XXL,6,Set,56,4,0.31,182.0,"5. Over 13 weeks",Other
SET415-KR-NP-XXXL,SET415,Set,3XL,7,Set,34,8,0.62,55.3,"5. Over 13 weeks",Other
SET431-KR-NP-L,SET431,Set,L,4,Set,53,2,0.15,344.5,"5. Over 13 weeks",Other
SET431-KR-NP-M,SET431,Set,M,3,Set,68,3,0.23,294.7,"5. Over 13 weeks",Other
SET431-KR-NP-S,SET431,Set,S,2,Set,98,2,0.15,637.0,"5. Over 13 weeks",Other
SET431-KR-NP-XL,SET431,Set,XL,5,Set,96,1,0.08,1248.0,"5. Over 13 weeks",Other
SET431-KR-NP-XS,SET431,Set,XS,1,Set,56,1,0.08,728.0,"5. Over 13 weeks",Other
SET431-KR-NP-XXL,SET431,Set,XXL,6,Set,94,1,0.08,1222.0,"5. Over 13 weeks",Other
SET431-KR-NP-XXXL,SET431,Set,3XL,7,Set,70,2,0.15,455.0,"5. Over 13 weeks",Other
SET432-KR-PP-L,SET432,Set,L,4,Set,89,1,0.08,1157.0,"5. Over 13 weeks",Other
SET432-KR-PP-M,SET432,Set,M,3,Set,83,1,0.08,1079.0,"5. Over 13 weeks",Other
SET432-KR-PP-S,SET432,Set,S,2,Set,88,1,0.08,1144.0,"5. Over 13 weeks",Other
SET432-KR-PP-XL,SET432,Set,XL,5,Set,91,1,0.08,1183.0,"5. Over 13 weeks",Other
SET432-KR-PP-XXL,SET432,Set,XXL,6,Set,91,1,0.08,1183.0,"5. Over 13 weeks",Other
SET433-KR-NP-L,SET433,Set,L,4,Set,50,11,0.85,59.1,"5. Over 13 weeks",Other
SET433-KR-NP-M,SET433,Set,M,3,Set,44,16,1.23,35.8,"5. Over 13 weeks",Other
SET433-KR-NP-S,SET433,Set,S,2,Set,61,10,0.77,79.3,"5. Over 13 weeks",Other
SET433-KR-NP-XL,SET433,Set,XL,5,Set,31,17,1.31,23.7,"5. Over 13 weeks",Other
SET433-KR-NP-XS,SET433,Set,XS,1,Set,54,9,0.69,78.0,"5. Over 13 weeks",Other
SET433-KR-NP-XXL,SET433,Set,XXL,6,Set,43,15,1.15,37.3,"5. Over 13 weeks",Other
SET433-KR-NP-XXXL,SET433,Set,3XL,7,Set,42,12,0.92,45.5,"5. Over 13 weeks",Other
SET435-KR-NP-L,SET435,Set,L,4,Set,22,16,1.23,17.9,"5. Over 13 weeks",Other
SET435-KR-NP-M,SET435,Set,M,3,Set,20,15,1.15,17.3,"5. Over 13 weeks",Other
SET435-KR-NP-S,SET435,Set,S,2,Set,45,7,0.54,83.6,"5. Over 13 weeks",Other
SET435-KR-NP-XL,SET435,Set,XL,5,Set,40,11,0.85,47.3,"5. Over 13 weeks",Other
SET435-KR-NP-XS,SET435,Set,XS,1,Set,52,4,0.31,169.0,"5. Over 13 weeks",Other
SET435-KR-NP-XXL,SET435,Set,XXL,6,Set,32,6,0.46,69.3,"5. Over 13 weeks",Other
SET435-KR-NP-XXXL,SET435,Set,3XL,7,Set,37,8,0.62,60.1,"5. Over 13 weeks",Other
SET436-KR-NP-L,SET436,Set,L,4,Set,34,8,0.62,55.3,"5. Over 13 weeks",Other
SET436-KR-NP-M,SET436,Set,M,3,Set,14,15,1.15,12.1,"4. 4-13 weeks",Other
SET436-KR-NP-S,SET436,Set,S,2,Set,21,4,0.31,68.3,"5. Over 13 weeks",Other
SET436-KR-NP-XL,SET436,Set,XL,5,Set,22,11,0.85,26.0,"5. Over 13 weeks",Other
SET436-KR-NP-XS,SET436,Set,XS,1,Set,41,7,0.54,76.1,"5. Over 13 weeks",Other
SET436-KR-NP-XXL,SET436,Set,XXL,6,Set,36,10,0.77,46.8,"5. Over 13 weeks",Other
SET436-KR-NP-XXXL,SET436,Set,3XL,7,Set,7,24,1.85,3.8,"3. 2-4 weeks","Best-seller (top 10%)"
SET437-KR-PP-L,SET437,Set,L,4,Set,72,1,0.08,936.0,"5. Over 13 weeks",Other
SET437-KR-PP-M,SET437,Set,M,3,Set,77,1,0.08,1001.0,"5. Over 13 weeks",Other
SET437-KR-PP-S,SET437,Set,S,2,Set,75,1,0.08,975.0,"5. Over 13 weeks",Other
SET437-KR-PP-XXL,SET437,Set,XXL,6,Set,72,2,0.15,468.0,"5. Over 13 weeks",Other
SET437-KR-PP-XXXL,SET437,Set,3XL,7,Set,67,1,0.08,871.0,"5. Over 13 weeks",Other
SET438-KR-NP-M,SET438,Set,M,3,Set,69,2,0.15,448.5,"5. Over 13 weeks",Other
SET438-KR-NP-XL,SET438,Set,XL,5,Set,66,2,0.15,429.0,"5. Over 13 weeks",Other
SET438-KR-NP-XXL,SET438,Set,XXL,6,Set,64,1,0.08,832.0,"5. Over 13 weeks",Other
SET442-KR-NP-L,SET442,Set,L,4,Set,26,1,0.08,338.0,"5. Over 13 weeks",Other
SET442-KR-NP-M,SET442,Set,M,3,Set,49,1,0.08,637.0,"5. Over 13 weeks",Other
SET442-KR-NP-XXXL,SET442,Set,3XL,7,Set,43,3,0.23,186.3,"5. Over 13 weeks",Other
SET444-KR-SH-L,SET444,Set,L,4,Set,28,8,0.62,45.5,"5. Over 13 weeks",Other
SET444-KR-SH-M,SET444,Set,M,3,Set,34,10,0.77,44.2,"5. Over 13 weeks",Other
SET444-KR-SH-S,SET444,Set,S,2,Set,44,8,0.62,71.5,"5. Over 13 weeks",Other
SET444-KR-SH-XL,SET444,Set,XL,5,Set,44,7,0.54,81.7,"5. Over 13 weeks",Other
SET444-KR-SH-XS,SET444,Set,XS,1,Set,17,5,0.38,44.2,"5. Over 13 weeks",Other
SET444-KR-SH-XXL,SET444,Set,XXL,6,Set,12,6,0.46,26.0,"5. Over 13 weeks",Other
SET444-KR-SH-XXXL,SET444,Set,3XL,7,Set,17,10,0.77,22.1,"5. Over 13 weeks",Other
SET445-KR-NP-S,SET445,Set,S,2,Set,75,1,0.08,975.0,"5. Over 13 weeks",Other
SET446-KR-NP-XS,SET446,Set,XS,1,Set,39,1,0.08,507.0,"5. Over 13 weeks",Other
SET449-KR-NP-M,SET449,Set,M,3,Set,35,1,0.08,455.0,"5. Over 13 weeks",Other
SET449-KR-NP-S,SET449,Set,S,2,Set,35,1,0.08,455.0,"5. Over 13 weeks",Other
SET461-KR-NP-XL,SET461,Set,XL,5,Set,74,1,0.08,962.0,"5. Over 13 weeks",Other
SET461-KR-NP-XS,SET461,Set,XS,1,Set,57,1,0.08,741.0,"5. Over 13 weeks",Other
SET461-KR-NP-XXL,SET461,Set,XXL,6,Set,74,1,0.08,962.0,"5. Over 13 weeks",Other
SET462-KR-NP-S,SET462,Set,S,2,Set,44,1,0.08,572.0,"5. Over 13 weeks",Other
